
> unified-ble-manager@5.0.0-rc.21 pretest:package /home/sfourdrinier/.cache/ubm-preflight/tree-92b89ce6d
> pnpm prepack && node scripts/ci/build-napi-addon.js


> unified-ble-manager@5.0.0-rc.21 prepack /home/sfourdrinier/.cache/ubm-preflight/tree-92b89ce6d
> node scripts/ci/build-package.js


> unified-ble-manager@5.0.0-rc.21 clean:plugin /home/sfourdrinier/.cache/ubm-preflight/tree-92b89ce6d
> del-cli plugin/build


> unified-ble-manager@5.0.0-rc.21 native-protocol:check /home/sfourdrinier/.cache/ubm-preflight/tree-92b89ce6d
> node scripts/native-protocol/generate-native-protocol.js --check


> unified-ble-manager@5.0.0-rc.21 validate:evidence /home/sfourdrinier/.cache/ubm-preflight/tree-92b89ce6d
> node scripts/evidence/validate-current-evidence.js

Evidence manifest validation passed for 3 file(s).
native-build-identity: current (src/generated/native-build-identity.ts)

> unified-ble-manager@5.0.0-rc.21 build:plugin /home/sfourdrinier/.cache/ubm-preflight/tree-92b89ce6d
> tsc --build plugin

ℹ [typescript] Cleaning up previous build at lib/typescript
ℹ [module] Cleaning up previous build at lib/module
ℹ [typescript] Generating type definitions with tsc
ℹ [commonjs] Cleaning up previous build at lib/commonjs
ℹ [module] Compiling 331 files in src with babel
ℹ [commonjs] Compiling 331 files in src with babel
✔ [module] Wrote files to lib/module
✔ [commonjs] Wrote files to lib/commonjs
✔ [typescript] Wrote definition files to lib/typescript
build-fingerprint: sealed 1086 inputs -> lib/ubm-build-fingerprint.json (31d571b2b016)

> unified-ble-manager@5.0.0-rc.21 docs:check /home/sfourdrinier/.cache/ubm-preflight/tree-92b89ce6d
> node scripts/docs/generate-backend-sdk-reference.js --check && node scripts/docs/generate-platform-support.js --check && node scripts/docs/check-api-reports.js && node scripts/docs/check-generated-html.js && node scripts/docs/check-docs-index.js && prettier --check CHANGELOG.md AGENTS.md docs/NODE.md

API reports checked: 24 TypeScript entrypoints; excluded metadata/config: ./app.plugin.js, ./package.json
../../../../../tmp/unified-ble-manager-docs-7B0OxA/docs/index.html 96ms
../../../../../tmp/unified-ble-manager-docs-7B0OxA/docs/assets/anchor.js 41ms
../../../../../tmp/unified-ble-manager-docs-7B0OxA/docs/assets/site.js 8ms
Generated HTML checked: byte-identical, root-public-safe and code examples present
Documentation index, llms.txt, and README agent pointers are consistent.
Checking formatting...
All matched files use Prettier code style!
package artifacts verified: 308 published source files; 23 exact internal runtime sources; 0 exact internal declaration-only sources; 2653 source-derived runtime, map, and declaration artifacts; 11 config-plugin source files; 22 config-plugin artifacts; 125 current entrypoint targets
build-napi-addon: platform=linux arch=x64 toolchain=1.98.1 profile=debug target=host sourceDigest=ce72233b89fadcf56ba59b44c46d4bff48a204d8b931554a620f717855c88f97
    Blocking waiting for file lock on build directory
   Compiling btleplug v0.12.0 (/home/sfourdrinier/.cache/ubm-preflight/tree-92b89ce6d/vendor/btleplug)
   Compiling ubm-desktop v0.1.0 (/home/sfourdrinier/.cache/ubm-preflight/tree-92b89ce6d/crates/ubm-desktop)
   Compiling ubm-core v0.1.0 (/home/sfourdrinier/.cache/ubm-preflight/tree-92b89ce6d/crates/ubm-core)
   Compiling ubm5_napi_echo v0.1.0 (/home/sfourdrinier/.cache/ubm-preflight/tree-92b89ce6d/bindings/napi)
   Compiling bluez-async v0.8.2 (/home/sfourdrinier/.cache/ubm-preflight/tree-92b89ce6d/vendor/bluez-async)
   Compiling ubm-fake-radio v0.1.0 (/home/sfourdrinier/.cache/ubm-preflight/tree-92b89ce6d/crates/ubm-fake-radio)
    Finished `dev` profile [unoptimized + debuginfo] target(s) in 24.03s
build-napi-addon: OK /home/sfourdrinier/.cache/ubm-preflight/tree-92b89ce6d/bindings/napi/ubm_echo.linux-x64.node (445336912 bytes) identity={"schema":"ubm-native-build-identity/1","binding":"napi","contractRevision":"C-UBM.0.1.2-DRAFT","sourceDigest":"ce72233b89fadcf56ba59b44c46d4bff48a204d8b931554a620f717855c88f97","bindingSchema":"85e35476b3baeffc7678cd83ec25aa77f3c7a17293559bfc91fb684e93b866b3","target":"x86_64-unknown-linux-gnu","profile":"debug","features":[],"rustc":"rustc 1.98.1 (48a229cea 2026-09-01)"}

> unified-ble-manager@5.0.0-rc.21 test:package /home/sfourdrinier/.cache/ubm-preflight/tree-92b89ce6d
> jest --config jest.package.config.js

PASS __tests__/native-protocol/AppleNativeProtocolV2.test.js
PASS __tests__/Docs.consumer.test.js
PASS __tests__/core/operation-coordinator.test.js
PASS __tests__/ipc/provisional-admission.test.js
PASS __tests__/web/web-bluetooth-availability.test.js
PASS __tests__/ipc/pending-stream-bounds.test.js
PASS __tests__/react.test.js
PASS __tests__/backends/bluez/bluez-security.test.js
PASS __tests__/backends/corebluetooth/corebluetooth-lifecycle-quarantine.test.js
PASS __tests__/EvidenceManifest.test.js
PASS __tests__/web/web-bluetooth-lifecycle-hardening.test.js
PASS __tests__/public-link-controls.test.js
PASS __tests__/backends/winrt/winrt-operation-dispatcher.test.js
PASS __tests__/web/web-bluetooth-backend.test.js
PASS __tests__/public-connection-supervisor.test.js
PASS __tests__/native-protocol/AndroidSecurityProtocolBoundary.test.js
PASS __tests__/manager/ble-manager.slice.test.js
PASS __tests__/public-stream-runtime.test.js
PASS __tests__/NativeBuildIdentity.test.js
PASS __tests__/ReactNativeRustCoreProvider.test.js
PASS __tests__/ipc/event-pump-termination.test.js
PASS __tests__/public-adapter-watch.test.js
PASS __tests__/TauriTransport.test.js
PASS __tests__/public-stream-followup.test.js
PASS __tests__/backends/corebluetooth/corebluetooth-vertical-slice.test.js
PASS __tests__/backends/bluez/bluez-address-targeting.test.js
PASS __tests__/backends/bluez/bluez-lifecycle-regressions.test.js
PASS __tests__/public-gatt-object-model.test.js
PASS __tests__/backends/corebluetooth/corebluetooth-capabilities-and-database.test.js
FAIL __tests__/ipc/connection-cleanup.test.js
  ● parameterEvents private control metadata › terminalizes timestamp NaN and releases the admitted host watch

    BackendContractError: protocol.malformed: serializable.snapshot.number

      238 |     throw new Error('operation must be non-empty')
      239 |   }
    > 240 |   return new BackendContractError({
          |          ^
      241 |     code,
      242 |     domain,
      243 |     operation,

      at contractError (src/backend-contract/errors.ts:240:10)
      at snapshotValue (src/backend-contract/serializable.ts:89:26)
      at snapshotValue (src/backend-contract/serializable.ts:173:29)
      at snapshotRecord (src/backend-contract/serializable.ts:121:10)
      at snapshotValue (src/backend-contract/serializable.ts:173:29)
      at snapshotRecord (src/backend-contract/serializable.ts:121:10)
      at snapshotValue (src/backend-contract/serializable.ts:173:29)
      at snapshotRecord (src/backend-contract/serializable.ts:52:20)
      at serializedByteLength (src/electron/renderer.ts:756:36)
      at ElectronRendererBleClient.serializedByteLength [as receiveEvent] (src/electron/renderer.ts:489:37)
      at receiveEvent (src/electron/renderer.ts:105:58)
      at Object.eventListener [as emit] (__tests__/ipc/connection-cleanup.test.js:186:7)
      at emit (__tests__/ipc/connection-cleanup.test.js:945:15)
      at asyncGeneratorStep (node_modules/.pnpm/@babel+runtime@7.29.7/node_modules/@babel/runtime/helpers/asyncToGenerator.js:3:17)
      at asyncGeneratorStep (node_modules/.pnpm/@babel+runtime@7.29.7/node_modules/@babel/runtime/helpers/asyncToGenerator.js:17:9)

  ● parameterEvents private control metadata › terminalizes timestamp infinity and releases the admitted host watch

    BackendContractError: protocol.malformed: serializable.snapshot.number

      238 |     throw new Error('operation must be non-empty')
      239 |   }
    > 240 |   return new BackendContractError({
          |          ^
      241 |     code,
      242 |     domain,
      243 |     operation,

      at contractError (src/backend-contract/errors.ts:240:10)
      at snapshotValue (src/backend-contract/serializable.ts:89:26)
      at snapshotValue (src/backend-contract/serializable.ts:173:29)
      at snapshotRecord (src/backend-contract/serializable.ts:121:10)
      at snapshotValue (src/backend-contract/serializable.ts:173:29)
      at snapshotRecord (src/backend-contract/serializable.ts:121:10)
      at snapshotValue (src/backend-contract/serializable.ts:173:29)
      at snapshotRecord (src/backend-contract/serializable.ts:52:20)
      at serializedByteLength (src/electron/renderer.ts:756:36)
      at ElectronRendererBleClient.serializedByteLength [as receiveEvent] (src/electron/renderer.ts:489:37)
      at receiveEvent (src/electron/renderer.ts:105:58)
      at Object.eventListener [as emit] (__tests__/ipc/connection-cleanup.test.js:186:7)
      at emit (__tests__/ipc/connection-cleanup.test.js:945:15)
      at asyncGeneratorStep (node_modules/.pnpm/@babel+runtime@7.29.7/node_modules/@babel/runtime/helpers/asyncToGenerator.js:3:17)
      at asyncGeneratorStep (node_modules/.pnpm/@babel+runtime@7.29.7/node_modules/@babel/runtime/helpers/asyncToGenerator.js:17:9)

  ● parameterEvents private control metadata › terminalizes ordinal NaN and releases the admitted host watch

    BackendContractError: protocol.malformed: serializable.snapshot.number

      238 |     throw new Error('operation must be non-empty')
      239 |   }
    > 240 |   return new BackendContractError({
          |          ^
      241 |     code,
      242 |     domain,
      243 |     operation,

      at contractError (src/backend-contract/errors.ts:240:10)
      at snapshotValue (src/backend-contract/serializable.ts:89:26)
      at snapshotValue (src/backend-contract/serializable.ts:173:29)
      at snapshotRecord (src/backend-contract/serializable.ts:121:10)
      at snapshotValue (src/backend-contract/serializable.ts:173:29)
      at snapshotRecord (src/backend-contract/serializable.ts:121:10)
      at snapshotValue (src/backend-contract/serializable.ts:173:29)
      at snapshotRecord (src/backend-contract/serializable.ts:52:20)
      at serializedByteLength (src/electron/renderer.ts:756:36)
      at ElectronRendererBleClient.serializedByteLength [as receiveEvent] (src/electron/renderer.ts:489:37)
      at receiveEvent (src/electron/renderer.ts:105:58)
      at Object.eventListener [as emit] (__tests__/ipc/connection-cleanup.test.js:186:7)
      at emit (__tests__/ipc/connection-cleanup.test.js:945:15)
      at asyncGeneratorStep (node_modules/.pnpm/@babel+runtime@7.29.7/node_modules/@babel/runtime/helpers/asyncToGenerator.js:3:17)
      at asyncGeneratorStep (node_modules/.pnpm/@babel+runtime@7.29.7/node_modules/@babel/runtime/helpers/asyncToGenerator.js:17:9)

  ● parameterEvents private control metadata › terminalizes ordinal infinity and releases the admitted host watch

    BackendContractError: protocol.malformed: serializable.snapshot.number

      238 |     throw new Error('operation must be non-empty')
      239 |   }
    > 240 |   return new BackendContractError({
          |          ^
      241 |     code,
      242 |     domain,
      243 |     operation,

      at contractError (src/backend-contract/errors.ts:240:10)
      at snapshotValue (src/backend-contract/serializable.ts:89:26)
      at snapshotValue (src/backend-contract/serializable.ts:173:29)
      at snapshotRecord (src/backend-contract/serializable.ts:121:10)
      at snapshotValue (src/backend-contract/serializable.ts:173:29)
      at snapshotRecord (src/backend-contract/serializable.ts:121:10)
      at snapshotValue (src/backend-contract/serializable.ts:173:29)
      at snapshotRecord (src/backend-contract/serializable.ts:52:20)
      at serializedByteLength (src/electron/renderer.ts:756:36)
      at ElectronRendererBleClient.serializedByteLength [as receiveEvent] (src/electron/renderer.ts:489:37)
      at receiveEvent (src/electron/renderer.ts:105:58)
      at Object.eventListener [as emit] (__tests__/ipc/connection-cleanup.test.js:186:7)
      at emit (__tests__/ipc/connection-cleanup.test.js:945:15)
      at asyncGeneratorStep (node_modules/.pnpm/@babel+runtime@7.29.7/node_modules/@babel/runtime/helpers/asyncToGenerator.js:3:17)
      at asyncGeneratorStep (node_modules/.pnpm/@babel+runtime@7.29.7/node_modules/@babel/runtime/helpers/asyncToGenerator.js:17:9)

  ● writeReadiness private control metadata › terminalizes timestamp NaN and releases the admitted host watch

    BackendContractError: protocol.malformed: serializable.snapshot.number

      238 |     throw new Error('operation must be non-empty')
      239 |   }
    > 240 |   return new BackendContractError({
          |          ^
      241 |     code,
      242 |     domain,
      243 |     operation,

      at contractError (src/backend-contract/errors.ts:240:10)
      at snapshotValue (src/backend-contract/serializable.ts:89:26)
      at snapshotValue (src/backend-contract/serializable.ts:173:29)
      at snapshotRecord (src/backend-contract/serializable.ts:121:10)
      at snapshotValue (src/backend-contract/serializable.ts:173:29)
      at snapshotRecord (src/backend-contract/serializable.ts:121:10)
      at snapshotValue (src/backend-contract/serializable.ts:173:29)
      at snapshotRecord (src/backend-contract/serializable.ts:52:20)
      at serializedByteLength (src/electron/renderer.ts:756:36)
      at ElectronRendererBleClient.serializedByteLength [as receiveEvent] (src/electron/renderer.ts:489:37)
      at receiveEvent (src/electron/renderer.ts:105:58)
      at Object.eventListener [as emit] (__tests__/ipc/connection-cleanup.test.js:186:7)
      at emit (__tests__/ipc/connection-cleanup.test.js:945:15)
      at asyncGeneratorStep (node_modules/.pnpm/@babel+runtime@7.29.7/node_modules/@babel/runtime/helpers/asyncToGenerator.js:3:17)
      at asyncGeneratorStep (node_modules/.pnpm/@babel+runtime@7.29.7/node_modules/@babel/runtime/helpers/asyncToGenerator.js:17:9)

  ● writeReadiness private control metadata › terminalizes timestamp infinity and releases the admitted host watch

    BackendContractError: protocol.malformed: serializable.snapshot.number

      238 |     throw new Error('operation must be non-empty')
      239 |   }
    > 240 |   return new BackendContractError({
          |          ^
      241 |     code,
      242 |     domain,
      243 |     operation,

      at contractError (src/backend-contract/errors.ts:240:10)
      at snapshotValue (src/backend-contract/serializable.ts:89:26)
      at snapshotValue (src/backend-contract/serializable.ts:173:29)
      at snapshotRecord (src/backend-contract/serializable.ts:121:10)
      at snapshotValue (src/backend-contract/serializable.ts:173:29)
      at snapshotRecord (src/backend-contract/serializable.ts:121:10)
      at snapshotValue (src/backend-contract/serializable.ts:173:29)
      at snapshotRecord (src/backend-contract/serializable.ts:52:20)
      at serializedByteLength (src/electron/renderer.ts:756:36)
      at ElectronRendererBleClient.serializedByteLength [as receiveEvent] (src/electron/renderer.ts:489:37)
      at receiveEvent (src/electron/renderer.ts:105:58)
      at Object.eventListener [as emit] (__tests__/ipc/connection-cleanup.test.js:186:7)
      at emit (__tests__/ipc/connection-cleanup.test.js:945:15)
      at asyncGeneratorStep (node_modules/.pnpm/@babel+runtime@7.29.7/node_modules/@babel/runtime/helpers/asyncToGenerator.js:3:17)
      at asyncGeneratorStep (node_modules/.pnpm/@babel+runtime@7.29.7/node_modules/@babel/runtime/helpers/asyncToGenerator.js:17:9)

  ● writeReadiness private control metadata › terminalizes ordinal NaN and releases the admitted host watch

    BackendContractError: protocol.malformed: serializable.snapshot.number

      238 |     throw new Error('operation must be non-empty')
      239 |   }
    > 240 |   return new BackendContractError({
          |          ^
      241 |     code,
      242 |     domain,
      243 |     operation,

      at contractError (src/backend-contract/errors.ts:240:10)
      at snapshotValue (src/backend-contract/serializable.ts:89:26)
      at snapshotValue (src/backend-contract/serializable.ts:173:29)
      at snapshotRecord (src/backend-contract/serializable.ts:121:10)
      at snapshotValue (src/backend-contract/serializable.ts:173:29)
      at snapshotRecord (src/backend-contract/serializable.ts:121:10)
      at snapshotValue (src/backend-contract/serializable.ts:173:29)
      at snapshotRecord (src/backend-contract/serializable.ts:52:20)
      at serializedByteLength (src/electron/renderer.ts:756:36)
      at ElectronRendererBleClient.serializedByteLength [as receiveEvent] (src/electron/renderer.ts:489:37)
      at receiveEvent (src/electron/renderer.ts:105:58)
      at Object.eventListener [as emit] (__tests__/ipc/connection-cleanup.test.js:186:7)
      at emit (__tests__/ipc/connection-cleanup.test.js:945:15)
      at asyncGeneratorStep (node_modules/.pnpm/@babel+runtime@7.29.7/node_modules/@babel/runtime/helpers/asyncToGenerator.js:3:17)
      at asyncGeneratorStep (node_modules/.pnpm/@babel+runtime@7.29.7/node_modules/@babel/runtime/helpers/asyncToGenerator.js:17:9)

  ● writeReadiness private control metadata › terminalizes ordinal infinity and releases the admitted host watch

    BackendContractError: protocol.malformed: serializable.snapshot.number

      238 |     throw new Error('operation must be non-empty')
      239 |   }
    > 240 |   return new BackendContractError({
          |          ^
      241 |     code,
      242 |     domain,
      243 |     operation,

      at contractError (src/backend-contract/errors.ts:240:10)
      at snapshotValue (src/backend-contract/serializable.ts:89:26)
      at snapshotValue (src/backend-contract/serializable.ts:173:29)
      at snapshotRecord (src/backend-contract/serializable.ts:121:10)
      at snapshotValue (src/backend-contract/serializable.ts:173:29)
      at snapshotRecord (src/backend-contract/serializable.ts:121:10)
      at snapshotValue (src/backend-contract/serializable.ts:173:29)
      at snapshotRecord (src/backend-contract/serializable.ts:52:20)
      at serializedByteLength (src/electron/renderer.ts:756:36)
      at ElectronRendererBleClient.serializedByteLength [as receiveEvent] (src/electron/renderer.ts:489:37)
      at receiveEvent (src/electron/renderer.ts:105:58)
      at Object.eventListener [as emit] (__tests__/ipc/connection-cleanup.test.js:186:7)
      at emit (__tests__/ipc/connection-cleanup.test.js:945:15)
      at asyncGeneratorStep (node_modules/.pnpm/@babel+runtime@7.29.7/node_modules/@babel/runtime/helpers/asyncToGenerator.js:3:17)
      at asyncGeneratorStep (node_modules/.pnpm/@babel+runtime@7.29.7/node_modules/@babel/runtime/helpers/asyncToGenerator.js:17:9)

PASS __tests__/backends/bluez/bluez-vertical-slice.test.js
PASS __tests__/native-protocol/AndroidDescriptorProtocolBoundary.test.js
PASS __tests__/expo-rust-host-services.test.js
PASS __tests__/ipc/public-manager-controls.test.js
PASS __tests__/expo.test.js
PASS __tests__/backends/winrt/winrt-security.test.js
PASS __tests__/TauriManager.test.js
PASS __tests__/tck/ubm5-race-bounds-cleanup.test.js
PASS __tests__/backends/reactnative/rust-core-provider.test.js
PASS __tests__/manager/long-write.slice.test.js
PASS __tests__/scenarios/production-boundary-scenarios.test.js
PASS __tests__/backends/bluez/dbus-next-bluez-boundary.test.js
PASS __tests__/backends/winrt/winrt-vertical-slice.test.js
PASS __tests__/backends/same-peer-join.test.js
PASS __tests__/ConnectDeadlineVocabulary.test.js
PASS __tests__/native-continuation-radio-script.test.js
PASS __tests__/backend-contract/ElectronArbiterSecurity.test.js
PASS __tests__/ElectronPublicManager.test.js
PASS __tests__/backends/scan-overflow-native-release.test.js
PASS __tests__/backends/reactnative/rust-core-legacy-parity.test.js
PASS __tests__/backends/reactnative/react-native-android-vertical-slice.test.js
PASS __tests__/tauri-gatt-database.test.js
PASS __tests__/StableReleaseGate.test.js
PASS __tests__/native-protocol/NativeProtocolV2Contract.test.js
PASS __tests__/backends/reactnative/rust-core-drain-no-lost-wake.test.js
PASS __tests__/BuildFingerprint.test.js
PASS __tests__/backend-contract/AdapterAuthorization.test.js
PASS __tests__/backends/reactnative/background-continuation-claim-path.test.js
PASS __tests__/ElectronIpcHardening.test.js
PASS __tests__/AndroidModernization.js
PASS __tests__/tck/deterministic-r12-limits-conformance.test.js
PASS __tests__/electron/effective-mtu-ipc.test.js
PASS __tests__/manager/public-helpers.test.js
PASS __tests__/backends/reactnative/rust-core-binding.test.js
PASS __tests__/backend-contract/scan-planning.test.js
PASS __tests__/backends/desktop/native-continuation-controller.test.js
PASS __tests__/ElectronIpcBoundary.test.js
match-all=scan-query-v1:1820a704cc811a0a
compound-exclusion-wins=scan-query-v1:90c526130e59a330
masked-bytes-match=scan-query-v1:ce5efa70f733c264
masked-bytes-missing-fields-do-not-match=scan-query-v1:ce5efa70f733c264
canonical-order-digest=scan-query-v1:5945951ada5b525a
PASS __tests__/backends/desktop/desktop-factories.test.js
PASS __tests__/backends/reactnative/react-native-restoration.test.js
PASS __tests__/core/unified-lifecycle-hardening.test.js
PASS __tests__/core/scan-connect-late-cleanup.test.js
PASS __tests__/public-scan-query.test.js
PASS __tests__/backends/reactnative/rust-core-write-readiness.test.js
PASS __tests__/backends/bluez/bluez-public-gatt-occurrence.test.js
PASS __tests__/public-security.test.js
PASS __tests__/Docs.pr8.test.js
PASS __tests__/Docs.host-guidance.test.js
PASS __tests__/tck/production-tck.test.js
PASS __tests__/manager/manager-security.test.js
PASS __tests__/backends/reactnative/rust-core-scan-batch-delivery.test.js
PASS __tests__/public-errors.test.js
PASS __tests__/public-adapter-readiness-cancellation.test.js
PASS __tests__/ipc/public-scan-session-state.test.js
PASS __tests__/backends/adapter-event-stream-unregister.test.js
PASS __tests__/ExampleLibraryStaleness.test.js
  ● Console

    console.log
      prepare-example-ios: copied RustCore needs refresh: stale RustCore

      at log (examples-shared/dev/prepare-example-ios.js:22:15)

PASS __tests__/backends/desktop/desktop-peer-directory.test.js
PASS __tests__/core/adapter-state-watch-cleanup.test.js
PASS __tests__/core/write-when-ready.test.js
PASS __tests__/backends/reactnative/rust-core-diagnostic-surfacing.test.js
PASS __tests__/backends/security-watch-unregister.test.js
PASS __tests__/core/bounded-stream.test.js
PASS __tests__/backends/reactnative/r01-native-manager.test.js
PASS __tests__/NativeStatus.test.js
PASS __tests__/cli-distribution.test.js
PASS __tests__/backends/bluez/bluez-connection-controls.test.js
PASS __tests__/backends/desktop/desktop-diagnostic-surfacing.test.js
PASS __tests__/G6APackedConsumerProof.test.js
PASS __tests__/electron/electron-adapter-recovery.test.js
PASS __tests__/CiRelease.canonicalPackage.test.js
PASS __tests__/core/connect-deadline-cancels-backend.test.js
PASS __tests__/public-effective-mtu.test.js
PASS __tests__/tck/ubm5-watermark-and-fault-guard.test.js
PASS __tests__/TauriRustPlugin.test.js
PASS __tests__/AndroidPrebuilds.test.js
PASS __tests__/electron/public-transport-health.test.js
PASS __tests__/electron/electron-link-loss-reconnect.test.js
PASS __tests__/PackageModernization.js
PASS __tests__/backends/reactnative/continuation-setup.test.js
PASS __tests__/backends/desktop/desktop-duplicate-uuid-occurrences.test.js
PASS __tests__/backends/desktop/desktop-public-acquired-gatt.test.js
PASS __tests__/backends/desktop/desktop-process-host.test.js
PASS __tests__/TvBuildPythonFallback.test.js
PASS __tests__/backends/desktop/desktop-peer-directory-provider.test.js
PASS __tests__/ipc/connection-release-lifecycle.test.js
PASS __tests__/backends/desktop/desktop-event-reconcile.test.js
PASS __tests__/backends/reactnative/rust-core-ask-authorized.test.js
PASS __tests__/backends/reactnative/rust-core-scan-terminal-stop.test.js
PASS __tests__/profiles/public-profiles.test.js
PASS __tests__/expo-readiness-actions.test.js
PASS __tests__/public-discovered-connection-errors.test.js
PASS __tests__/OwnedCore.structure.test.js
PASS __tests__/electron/main-binding-release-retry.test.js
PASS __tests__/tck/ipc-transport-event-sink-scenario.test.js
PASS __tests__/backends/desktop/desktop-rust-core-provider.test.js (5.701 s)
PASS __tests__/backends/desktop/desktop-recording-store-loader.test.js
PASS __tests__/backends/desktop/desktop-legacy-identity.test.js
PASS __tests__/NativePrebuiltTarballChecks.test.js
PASS __tests__/Package.contents.test.js
PASS __tests__/AndroidArm32Consumer.test.js
PASS __tests__/backends/desktop/desktop-scan-freshness.test.js
PASS __tests__/expo-permission-request.test.js
PASS __tests__/native-protocol/AndroidScanPlatformOptions.test.js
PASS __tests__/tck/first-party-tck-registration.test.js
PASS __tests__/public-address-targeting.test.js
PASS __tests__/public-peer-directory-admission.test.js
PASS __tests__/backends/reactnative/rust-core-wire.golden.test.js
PASS __tests__/TauriBootstrapContract.test.js
PASS __tests__/tck/ubm5-factory-seam.test.js
PASS __tests__/core/deterministic-lifecycle-hardening.test.js
PASS __tests__/backends/deterministic/deterministic-security.test.js
PASS __tests__/expo-legacy-error-codes.test.js
PASS __tests__/tck/first-party-backends.tck.test.js
PASS __tests__/web/web-bluetooth-descriptor-absence.test.js
PASS __tests__/backends/reactnative/background-continuation-declaration.test.js
PASS __tests__/driver/accessory-chooser-sample.test.js
PASS __tests__/AndroidTvEmu.test.js
PASS __tests__/backends/bluez/bluez-pairing-generation.test.js
PASS __tests__/AndroidRustPackaging.test.js
PASS __tests__/backends/desktop/parameter-watch-ordering.test.js
PASS __tests__/backends/bluez/bluez-scan-planner.test.js
PASS __tests__/IosVerifyRustCore.test.js
PASS __tests__/Docs.bluez-le-gatt.test.js
PASS __tests__/NativeRefresh.test.js
PASS __tests__/backends/reactnative/rust-core-wire.test.js (6.289 s)
PASS __tests__/backends/desktop/desktop-public-shared-release.test.js
PASS __tests__/backends/reactnative/rust-core-control-reconcile.test.js
PASS __tests__/public-capabilities.test.js
PASS __tests__/backends/reactnative/r01-poison.test.js
PASS __tests__/ExampleBleService.parity.test.js
PASS __tests__/profiles/profile-codecs.test.js
PASS __tests__/backends/corebluetooth/corebluetooth-operation-dispatcher.test.js
PASS __tests__/backend-contract/recovery.test.js
PASS __tests__/License.policy.test.js
PASS __tests__/ReleaseRetrySafety.test.js
PASS __tests__/NativePrebuildDistribution.test.js
PASS __tests__/native-protocol/AppleNativeEventIngress.test.js
PASS __tests__/native-protocol/AndroidScanAddressFilter.test.js
PASS __tests__/expo-readiness.test.js
FAIL __tests__/License.packaging.test.js
  ● UBM 5.0 license packaging and metadata › SBOM reports the LicenseRef identifier through the real generator

    Command failed: /usr/local/bin/node scripts/release/generate-dependency-artifacts.js --check
    /home/sfourdrinier/.cache/ubm-preflight/tree-92b89ce6d/scripts/release/generate-dependency-artifacts.js:656
            throw new Error(`${fileName} is stale; run pnpm release:artifacts`)
            ^

    Error: SBOM.cdx.json is stale; run pnpm release:artifacts

      654 |     if (check) {
      655 |       if (!fs.existsSync(outputPath) || fs.readFileSync(outputPath, 'utf8') !== expected) {
    > 656 |         throw new Error(`${fileName} is stale; run pnpm release:artifacts`)
          |               ^
      657 |       }
      658 |     } else {
      659 |       fs.writeFileSync(outputPath, expected)

      at run (scripts/release/generate-dependency-artifacts.js:656:15)
      at Object.<anonymous> (scripts/release/generate-dependency-artifacts.js:670:30)
      Node.js v22.21.1
      at Object.execFileSync (__tests__/License.packaging.test.js:129:5)

PASS __tests__/backends/reactnative/d2v-entrypoint-ownership.test.js
PASS __tests__/backends/reactnative/background-continuation-capabilities.test.js
PASS __tests__/core/trace-recorder.test.js
PASS __tests__/tck/deterministic/deterministic-tck-binding.test.js
PASS __tests__/backends/reactnative/chooser-selection-mode.test.js
PASS __tests__/backends/reactnative/rust-core-public-link-controls.test.js
PASS __tests__/node-host-adapter-selection.test.js
PASS __tests__/public-peer-reference.test.js
PASS __tests__/backends/reactnative/rust-core-encryption.test.js
PASS __tests__/ParallelPublisherProduction.test.js
PASS __tests__/profiles/standard-commands.test.js
PASS __tests__/ExampleExpoRegression.test.js
PASS __tests__/Web4.0Example.test.js
PASS __tests__/AndroidRustCToolchain.test.js
PASS __tests__/tck/pr8-closure.test.js
PASS __tests__/backends/desktop/desktop-public-release-observation.test.js
PASS __tests__/backends/reactnative/background-continuation-backlog.test.js
PASS __tests__/LegacyArchitectureAbsence.test.js
PASS __tests__/CoreBluetoothLiveEvidence.test.js
PASS __tests__/backends/winrt/winrt-scan-planner.test.js
PASS __tests__/backends/reactnative/rust-core-scan-lease.test.js
PASS __tests__/DriverTestWorkflow.test.js
PASS __tests__/h10-acc-radio-script.test.js
PASS __tests__/tck/pr9-planner-differential.test.js
PASS __tests__/core/delivery-requirement-subscription-key.test.js
PASS __tests__/driver/link-loss-outage.test.js
PASS __tests__/backends/reactnative/rust-core-manager-f2b-fixes.test.js
PASS __tests__/IosRustCoreSelection.test.js
PASS __tests__/Package.identity.test.js
PASS __tests__/ParallelPublisherDraft.test.js
PASS __tests__/backends/bluez/bluez-operation-dispatcher.test.js
PASS __tests__/PackedHostConsumerCheck.test.js
PASS __tests__/public-write-when-ready.test.js
PASS __tests__/ShippedGraphExcludesLegacy.test.js
PASS __tests__/ipc-address-targeting-capability.test.js
PASS __tests__/backends/corebluetooth/corebluetooth-scan-planner.test.js
PASS __tests__/backends/reactnative/rust-core-adapter-recovery.test.js
PASS __tests__/NativeConsumerGuards.test.js
PASS __tests__/native-protocol/AndroidPhyRuntimeCapability.test.js
PASS __tests__/ipc/without-response-write-receipt.test.js
PASS __tests__/recording-retirement-acceptance.test.js
PASS __tests__/backends/reactnative/background-continuation-claim-dispose.test.js
PASS __tests__/core/deterministic-subscription-cleanup.test.js
PASS __tests__/backend-contract/SecurityCancelPairingVocabulary.test.js
PASS __tests__/ipc/capability-bootstrap.test.js
PASS __tests__/TvPackedConsumer.test.js
PASS __tests__/ElectronProcessFailureEnvelope.test.js
PASS __tests__/manager/consumer-handles.test.js
PASS __tests__/IpcPeerDirectory.test.js
PASS __tests__/ConnectRadioFailureRetryability.test.js
PASS __tests__/Docs.recipes.test.js
PASS __tests__/backends/reactnative/rust-core-restored-peer-name.test.js
PASS __tests__/ipc/error-contract.test.js
PASS __tests__/backends/reactnative/accessory-manager.test.js
PASS __tests__/backends/reactnative/continuation-recording.test.js
PASS __tests__/backends/winrt/winrt-provider-boundary-failure.test.js
PASS __tests__/TauriScanQueryDigestCorpus.test.js
PASS __tests__/electron/packed-fixture-ipc-version.test.js
PASS __tests__/advanced-public-manager-facade.test.js
PASS __tests__/BluezPrivateBusCi.test.js
PASS __tests__/backends/reactnative/react-native-apple-rust-authority.test.js
PASS __tests__/IosLegacyBridgeBoundary.test.js
PASS __tests__/backends/reactnative/rust-core-connect-supersede.test.js
PASS __tests__/backends/desktop/desktop-public-parameters.test.js
PASS __tests__/AppleContinuationBootstrap.test.js
PASS __tests__/backends/reactnative/accessory-chooser.test.js
PASS __tests__/backends/reactnative/background-continuation.test.js
PASS __tests__/core/bounded-stream-close-after-finish.test.js
PASS __tests__/backends/reactnative/r01-factory-flip.test.js
PASS __tests__/MetroPortGuard.test.js
PASS __tests__/backends/bluez/bluez-backend.test.js
PASS __tests__/TauriScanPlanBoundary.test.js
PASS __tests__/backends/desktop/bluez-connection-policy.test.js
PASS __tests__/backends/desktop/desktop-instance-capabilities.test.js
PASS __tests__/PackedBunDesktopAcceptance.test.js
PASS __tests__/IosModernization.js
PASS __tests__/backends/reactnative/rust-core-legacy-error-identity.test.js
PASS __tests__/BuildNapiAddonInstall.test.js
PASS __tests__/backends/desktop/desktop-connect-acquisition-supersede.test.js
PASS __tests__/native-protocol/AppleReadNotifyProvenance.test.js
PASS __tests__/serializable-record-clone.test.js
PASS __tests__/ReleaseVersionPolicy.test.js
PASS __tests__/backends/deterministic/deterministic-scan-planner.test.js
PASS __tests__/tck/occurrence-indexing.test.js
PASS __tests__/PackFixtureProcess.test.js
PASS __tests__/native-protocol/NativeProtocolCiGates.test.js
PASS __tests__/backends/desktop/desktop-adapter-recovery.test.js
PASS __tests__/expo-readiness-pending-adapter.test.js
PASS __tests__/core-scan-platform-gate.test.js
PASS __tests__/backends/corebluetooth/singleton-service-scan-planner.test.js
PASS __tests__/RetiredDesktopProducers.test.js
PASS __tests__/backends/desktop/desktop-process-host-initialization.test.js
PASS __tests__/backends/reactnative/rust-core-android-resource-id.test.js
PASS __tests__/backend-contract/CancellationContractReachable.test.js
PASS __tests__/backends/winrt/winrt-adapter-watch-atomicity.test.js
PASS __tests__/Docs.semantic.test.js
PASS __tests__/ipc-scan-platform-capability.test.js
PASS __tests__/backends/desktop/desktop-production-entrypoints-exclude-test-seams.test.js
PASS __tests__/backends/reactnative/rust-core-effective-mtu-options.test.js
PASS __tests__/core/core-capabilities.test.js
PASS __tests__/backends/desktop/desktop-core-loader.test.js
PASS __tests__/backends/desktop/desktop-dispatch-radio-forwarding.test.js
PASS __tests__/backends/reactnative/rust-core-exact-cancel.test.js
PASS __tests__/tck/ubm5-draft-corrections.test.js
PASS __tests__/backends/desktop/desktop-public-service-graph.test.js
PASS __tests__/U9MigrationRehearsal.test.js
PASS __tests__/PublishWorkflowHeadless.test.js
PASS __tests__/DeterministicWaits.test.js
PASS __tests__/public-scan-provenance.test.js
PASS __tests__/backends/bluez/bluez-object-store.test.js
PASS __tests__/public-find-deadline-delivery.test.js
PASS __tests__/backends/desktop/desktop-public-write-readiness.test.js
PASS __tests__/native-continuation-mobile-status.test.js
PASS __tests__/expo-native-runtime.test.js
PASS __tests__/Docs.agents-5x.test.js
PASS __tests__/public-contract-reset.test.js
PASS __tests__/backends/reactnative/r16-non-node-boundary.test.js
PASS __tests__/rc41-audit-closure.test.js (5.28 s)
PASS __tests__/ElectronSmokeLauncher.test.js
PASS __tests__/backends/desktop/electron-process-controls.test.js
PASS __tests__/manager/public-helper-stream-teardown.test.js
PASS __tests__/core/public-connection-event-broadcast.test.js
PASS __tests__/backends/reactnative/rust-core-configured-restoration.test.js
PASS __tests__/h10-sim-ci.test.js
PASS __tests__/tck/web-unsupported-capabilities-scenario.test.js
PASS __tests__/backends/bluez/bluez-adapter-watch-atomicity.test.js
PASS __tests__/backends/reactnative/rust-core-discovery-failure.test.js
PASS __tests__/backends/reactnative/rust-core-subrate.test.js
PASS __tests__/backends/corebluetooth/corebluetooth-adapter-watch-atomicity.test.js
PASS __tests__/backends/bluez/dbus-next-alias.test.js
PASS __tests__/react-native-native-entropy.test.js
PASS __tests__/backends/reactnative/continuation-wake-stage.test.js
PASS __tests__/NativeBuildRsIdentity.test.js
PASS __tests__/public-parameter-validation.test.js
PASS __tests__/backends/bluez/bluez-package-surface.test.js
PASS __tests__/NativePrebuildSafety.test.js
PASS __tests__/native-protocol/NativeProtocolV2Migration.test.js
PASS __tests__/backends/reactnative/companion-chooser.test.js
PASS __tests__/backends/reactnative/rn-production-graph.test.js
PASS __tests__/native-protocol/AndroidScanAndReceiverOwnershipSourceGuard.test.js
PASS __tests__/host-identity-random-source.test.js
PASS __tests__/backends/reactnative/rust-core-bridge-shape.test.js
PASS __tests__/Docs.index.test.js
PASS __tests__/TauriLifecycleCleanup.test.js
PASS __tests__/CargoCacheWarmup.test.js
PASS __tests__/native-protocol/ControlSurfaceProtocolCompatibility.test.js
PASS __tests__/scenarios/manager-scenarios.test.js
PASS __tests__/compose-abort-signal.test.js
PASS __tests__/ipc/advertisement-view-filter.test.js
PASS __tests__/UniffiGeneratedWhitespace.test.js
PASS __tests__/ReactNativePackedArtifacts.test.js
PASS __tests__/backend-contract/ContractV1Completion.test.js
PASS __tests__/native-protocol/AndroidGattPrioritySchedulerSourceGuard.test.js
PASS __tests__/backends/reactnative/android-phy-source.test.js
PASS __tests__/backends/reactnative/rust-core-peer-clock.test.js
PASS __tests__/backends/reactnative/rust-core-android-peer-id.test.js
PASS __tests__/TckPackagingProof.test.js
PASS __tests__/ipc/security-terminal.test.js
PASS __tests__/backends/reactnative/rust-core-presence-peer-id.test.js
PASS __tests__/ipc/lifecycle-platform-detail.test.js
PASS __tests__/ThirdPartyBackendPackedFixture.test.js
PASS __tests__/backends/desktop/desktop-public-winrt-scan-options.test.js
PASS __tests__/native-continuation-control-context.test.js
PASS __tests__/native-protocol/AndroidDescriptorProtocolContract.test.js
PASS __tests__/DesktopAcceptanceCache.test.js
PASS __tests__/tck/deterministic/deterministic-resource-counters.test.js
PASS __tests__/BluezSourceAssetPolicy.test.js
PASS __tests__/IosExpoRestorationPreflight.test.js
PASS __tests__/native-protocol/AndroidPhyProtocolContract.test.js
PASS __tests__/public-scan-state.test.js
PASS __tests__/AndroidPresenceManifest.test.js
PASS __tests__/backends/reactnative/continuation-link-result.test.js
PASS __tests__/pr12-stable-qualification.test.js
PASS __tests__/AppleExpoRuntimeSwiftSelectors.test.js
PASS __tests__/public-manager-peer-id-authority.test.js
PASS __tests__/plugin-runtime-boundary.test.js
PASS __tests__/SuppliedPackedTarball.test.js
PASS __tests__/tck/deterministic/deterministic-gatt-error-mapping.test.js
PASS __tests__/TauriContractFoundation.test.js
FAIL __tests__/ReleaseArtifactsRust.test.js
  ● SBOM Rust workspace merge (UBM 5.0) › generator --check passes with the merged artifacts

    Command failed: /usr/local/bin/node scripts/release/generate-dependency-artifacts.js --check
    /home/sfourdrinier/.cache/ubm-preflight/tree-92b89ce6d/scripts/release/generate-dependency-artifacts.js:656
            throw new Error(`${fileName} is stale; run pnpm release:artifacts`)
            ^

    Error: SBOM.cdx.json is stale; run pnpm release:artifacts

      654 |     if (check) {
      655 |       if (!fs.existsSync(outputPath) || fs.readFileSync(outputPath, 'utf8') !== expected) {
    > 656 |         throw new Error(`${fileName} is stale; run pnpm release:artifacts`)
          |               ^
      657 |       }
      658 |     } else {
      659 |       fs.writeFileSync(outputPath, expected)

      at run (scripts/release/generate-dependency-artifacts.js:656:15)
      at Object.<anonymous> (scripts/release/generate-dependency-artifacts.js:670:30)
      Node.js v22.21.1
      at execFileSync (__tests__/ReleaseArtifactsRust.test.js:25:3)
      at Object.runGenerator (__tests__/ReleaseArtifactsRust.test.js:120:5)

  ● SBOM Rust workspace merge (UBM 5.0) › merged generation is byte-stable and leaks no local paths

    expect(received).toBe(expected) // Object.is equality

    - Expected  - 1
    + Received  + 2

    @@ -25,11 +25,11 @@
              "name": "unified-ble-manager:dependency-scope",
              "value": "production-and-optional-runtime"
            },
            {
              "name": "unified-ble-manager:cargo-lock-sha256",
    -         "value": "c60eea5a7d72b4d58fd65ee8388157fc4c95e78cad58718727221e59ee998fd2"
    +         "value": "237ea61d22b8547a4690b5aef48944fa9599bd3726baf7ec14b61b7648f1340f"
            },
            {
              "name": "unified-ble-manager:rust-dependency-scope",
              "value": "cargo-workspace-resolved-graph"
            },
    @@ -5123,10 +5123,11 @@
              "pkg:cargo/dbus-tokio@0.7.6",
              "pkg:cargo/dbus@0.9.12",
              "pkg:cargo/futures-util@0.3.34",
              "pkg:cargo/futures@0.3.34",
              "pkg:cargo/libc@0.2.189",
    +         "pkg:cargo/log@0.4.34",
              "pkg:cargo/objc2-core-bluetooth@0.2.2",
              "pkg:cargo/objc2-foundation@0.2.2",
              "pkg:cargo/objc2@0.5.2",
              "pkg:cargo/rusqlite@0.40.2",
              "pkg:cargo/serde_json@1.0.151",

      317 |         expect(text).not.toContain('path+file://')
      318 |         // Regeneration into the repo matches the committed bytes exactly.
    > 319 |         expect(firstBytes.toString('utf8')).toBe(read(fileName))
          |                                             ^
      320 |       }
      321 |     } finally {
      322 |       fs.rmSync(temporaryRoot, { recursive: true, force: true })

      at Object.toBe (__tests__/ReleaseArtifactsRust.test.js:319:45)

PASS __tests__/backends/reactnative/headless-known-peer.test.js
PASS __tests__/backends/desktop/desktop-ingress-loss.test.js
PASS __tests__/backends/desktop/desktop-staging-synthetic-only.test.js
PASS __tests__/ReactNativeRustCore.test.js
PASS __tests__/backends/desktop/bluez-policy-factories.test.js
PASS __tests__/public-diagnostics-backend-authority.test.js
PASS __tests__/native-protocol/AndroidProtocolCompatibility.test.js
PASS __tests__/backends/desktop/native-continuation-recording.test.js
PASS __tests__/backend-contract/capability-catalog.test.js
PASS __tests__/backends/reactnative/rust-core-drain-control-loss.test.js
PASS __tests__/backends/desktop/desktop-parity-blockers.test.js
PASS __tests__/backends/desktop/desktop-scan-arbitration.test.js
PASS __tests__/backends/corebluetooth/corebluetooth-provider-preparation.test.js
PASS __tests__/CheckHostExports.test.js
PASS __tests__/backends/reactnative/react-native-adapter-watch-atomicity.test.js
PASS __tests__/NpmProvenanceSource.test.js
PASS __tests__/backends/desktop/desktop-adapter-watch-atomicity.test.js
PASS __tests__/BrandIcon.test.js
PASS __tests__/backends/reactnative/continuation-recording-host.test.js
PASS __tests__/performance/scan-path-harness.test.js
PASS __tests__/native-protocol/AndroidGattCacheRecoverySourceGuard.test.js
PASS __tests__/Docs.pr10.test.js
PASS __tests__/native-protocol/AndroidMtuProtocolContract.test.js
PASS __tests__/JestFixtureDiscovery.test.js
PASS __tests__/backend-contract/own-bytes-type-check.test.js
PASS __tests__/AndroidUnitTestScope.test.js
PASS __tests__/native-protocol/AndroidPhyProtocolBoundary.test.js
PASS __tests__/web/navigator-default-environment.test.js
PASS __tests__/AndroidBundleInputs.test.js
PASS __tests__/public-scan-planner.integration.test.js
PASS __tests__/Docs.changelog-departures.test.js
PASS __tests__/backends/desktop/desktop-process-host-cleanup.test.js
PASS __tests__/backends/reactnative/rust-core-double-schema.test.js
PASS __tests__/CanonicalPackageAbsence.test.js
PASS __tests__/native-protocol/AccessoryChooser.test.js
PASS __tests__/ExampleExpoRestorationConfig.test.js
PASS __tests__/PackageVersionParity.test.js
PASS __tests__/backends/desktop/desktop-process-host-entrypoint.test.js
PASS __tests__/public-stream-cross-copy-portability.test.js
PASS __tests__/backends/reactnative/android-mtu-source.test.js
PASS __tests__/native-protocol/AndroidSecurityCancellationSourceGuard.test.js
PASS __tests__/TauriExample.test.js
PASS __tests__/native-protocol/UniffiReproducibility.test.js
PASS __tests__/ExampleAndroidCrashLoop.test.js
PASS __tests__/core/virtual-clock-completion.test.js
PASS __tests__/public/service-access-restriction.test.js
PASS __tests__/public-root-boundary.test.js
PASS __tests__/ExampleExpoInstallRouting.test.js
PASS __tests__/StrictTyping.no-silencing-assertions.test.js
PASS __tests__/Docs.tv.test.js
PASS __tests__/GeneratedPlatformSupport.test.js
PASS __tests__/native-protocol/AndroidBondedPeersSource.test.js
PASS __tests__/native-protocol/AppleOfflineRecording.test.js
PASS __tests__/Package.no-dbus-next-peer.test.js
PASS __tests__/IpcProtocolVersion.test.js
PASS __tests__/Docs.desktop-peer-mechanisms.test.js
PASS __tests__/UuidInputNormalization.test.js
PASS __tests__/Docs.node-version.test.js
PASS __tests__/WorkflowJobTimeouts.test.js
PASS __tests__/ipc/windows-scan-options.test.js
PASS __tests__/native-protocol/AppleMtuProtocolBoundary.test.js
PASS __tests__/ReleaseSourceAssets.test.js
PASS __tests__/backend-contract/ContractInvariants.test.js (5.837 s)
PASS __tests__/public/scan-evidence.test.js (5.451 s)
FAIL __tests__/ReleaseArtifacts.test.js
  ● open-source release policies and dependency artifacts › keeps a reproducible CycloneDX SBOM and audited license inventory fresh

    Command failed: /usr/local/bin/node scripts/release/generate-dependency-artifacts.js --check
    /home/sfourdrinier/.cache/ubm-preflight/tree-92b89ce6d/scripts/release/generate-dependency-artifacts.js:656
            throw new Error(`${fileName} is stale; run pnpm release:artifacts`)
            ^

    Error: SBOM.cdx.json is stale; run pnpm release:artifacts

      654 |     if (check) {
      655 |       if (!fs.existsSync(outputPath) || fs.readFileSync(outputPath, 'utf8') !== expected) {
    > 656 |         throw new Error(`${fileName} is stale; run pnpm release:artifacts`)
          |               ^
      657 |       }
      658 |     } else {
      659 |       fs.writeFileSync(outputPath, expected)

      at run (scripts/release/generate-dependency-artifacts.js:656:15)
      at Object.<anonymous> (scripts/release/generate-dependency-artifacts.js:670:30)
      Node.js v22.21.1
      at Object.execFileSync (__tests__/ReleaseArtifacts.test.js:40:5)

PASS __tests__/Package.binding-exclusions.test.js
PASS __tests__/TvReferenceList.test.js
PASS __tests__/Package.clean-artifact-verifier.test.js
PASS __tests__/ExampleIndependentInstall.test.js
PASS __tests__/TypeScriptSmells.test.js
PASS __tests__/backends/desktop/desktop-adapter-loss.test.js (7.413 s)
PASS __tests__/PerformanceBenchmarks.test.js
PASS __tests__/TauriFrontendRecipe.test.js (5.13 s)
PASS __tests__/backends/desktop/desktop-discovery-failure.test.js (7.901 s)
PASS __tests__/core/mobile-recording-peer-scope.test.ts (9.483 s)
FAIL __tests__/event-vocabulary.test.js (18.689 s)
  ● the event vocabulary cannot drift › docs/UNIFIED_SEMANTICS.md embeds the table

    expect(received).toBe(expected) // Object.is equality

    - Expected  - 15
    + Received  + 17

      <!-- EVENT-VOCABULARY:BEGIN (generated from src/backend-contract/event-vocabulary.ts) -->
    - | Physical event | Error code | Retryability | Lifecycle `current` / `cause` | Stream terminal | Supervisor (context → decision) | Differs |
    - | --- | --- | --- | --- | --- | --- | --- |
    - | `link-lost`: The link dropped while idle: the peer went away or out of range, the remote side terminated, or the supervision timeout expired. | — | — | `lost` / `peer-link-loss` | `connection-lost` | lifecycle → reconnect | none |
    - | `link-lost-during-operation`: The link dropped while an operation (discovery, read, write, subscribe) was pending. The operation ends at once, even when the radio never answers it. | `connection.lost` | `never` | `lost` / `peer-link-loss` | `connection-lost` | configure → reconnect | none |
    - | `requested-disconnect`: The app released or disconnected the link. A supervisor whose link the app released reconnects. | — | — | `disconnected` / `requested-disconnect` | `owner-released` | lifecycle → reconnect | none |
    - | `requested-disconnect-during-operation`: The app's own release cut off a pending operation. | `operation.disconnected` | `never` | `disconnected` / `requested-disconnect` | `owner-released` | configure → stop | none |
    - | `adapter-loss`: Bluetooth was turned off, reset, removed or revoked while a link was up. | — | — | `lost` / `adapter-loss` | `source-failed` | lifecycle → wait-for-adapter | none |
    - | `adapter-loss-during-operation`: The adapter went away while an operation was pending. | `operation.reset` | `never` | `lost` / `adapter-loss` | `source-failed` | configure → wait-for-adapter | none |
    - | `connect-not-established`: The platform could not establish the link (Android GATT 133/62/147, CoreBluetooth connectionFailed/connectionTimeout, WinRT Unreachable, BlueZ Failed/ConnectionAttemptFailed, Web NetworkError). Nothing was committed; the library never retries it itself. | `connection.failed` | `caller-decides` | — | — | connect → reconnect | none |
    - | `connect-deadline-expired`: The dispatched connect deadline expired before any link came up: the peer did not answer the attempt within the bound. The controller giving up (Android GATT 133/62/147) is the same physical event under another observation — CoreBluetooth never fails a pending connect on its own, nor do btleplug and Web report the expiry, so the deadline is their only answer. Nothing was committed; the library never retries it itself. A caller-supplied AbortSignal abort stays `operation.aborted`. The deadline fact rides in the error platform detail. | `connection.failed` | `caller-decides` | — | — | connect → reconnect | none |
    - | `peer-not-found`: The peer was never observed (or chosen, on Web), so there is nothing to connect to. | `peer.not-found` | `never` | — | — | connect → stop | none |
    - | `security-refused`: The peer refused an operation for lack of authentication, authorization or encryption (ATT 0x05/0x08/0x0C/0x0F, Android 137, CoreBluetooth peerRemovedPairingInformation/encryptionTimedOut, BlueZ NotAuthorized/"Not paired", Web SecurityError). Recovery: pair or repair. | `platform.security` | `never` | — | — | configure → stop | none |
    - | `operation-timed-out`: The operation's deadline expired before the platform answered — except a dispatched connect, whose deadline expiring before any link came up is `connect-deadline-expired` (one name for the peer not answering). | `operation.timed-out` | `caller-decides` | — | — | configure → stop | none |
    - | `operation-cancelled`: The caller aborted the operation before the platform answered. | `operation.aborted` | `caller-decides` | — | — | configure → stop | none |
    - | `restoration-received`: The OS handed back known peers after the app was gone: iOS relaunched the app on a BLE event and delivered restored peripherals through `willRestoreState`; Android woke the process through Companion Device Manager device presence (API 31+) for an armed associated peer. Both phones report `restoration-received` and list the peer under `peers.restored`; a restored record does not prove that a link is live. Reconnect remains app-controlled: Android may call public `connect` with Android `when-available`; iOS may call `connect` with `when-available` for a known restored `PeerReference`, which keeps the CoreBluetooth connect outstanding until that peripheral is available. That pending connect is not automatic post-loss reconnection. After a connection succeeds, the app replays subscriptions through `subscribe`. Presence observation below API 31 has no wake; it reports `capability.unsupported`. | — | — | — | — | restore → stop | desktop-macos:  — macOS has no OS restoration journal for a terminated app and no presence wake; the event never fires and presence observation reports `capability.unsupported` with a reason.<br>desktop-windows:  — Windows has no OS restoration journal for a terminated app and no presence wake; the event never fires and presence observation reports `capability.unsupported` with a reason.<br>desktop-linux:  — Linux has no OS restoration journal for a terminated app and no presence wake; the event never fires and presence observation reports `capability.unsupported` with a reason.<br>web:  — Web Bluetooth has no background relaunch or presence wake; the event never fires and restoration reports `capability.unsupported` with a reason. |
    +
    + | Physical event                                                                                                                                                                                                                                                                                                                                                                                                                                                                                                                                                                                                                                                                                                                                                                                                                                                                                                                                                | Error code               | Retryability     | Lifecycle `current` / `cause`           | Stream terminal   | Supervisor (context → decision) | Differs                                                                                                                                                                                                                                                                                                                                                                                                                                                                                                                                                                                                                                                                                                                                                           |
    + | ------------------------------------------------------------------------------------------------------------------------------------------------------------------------------------------------------------------------------------------------------------------------------------------------------------------------------------------------------------------------------------------------------------------------------------------------------------------------------------------------------------------------------------------------------------------------------------------------------------------------------------------------------------------------------------------------------------------------------------------------------------------------------------------------------------------------------------------------------------------------------------------------------------------------------------------------------------- | ------------------------ | ---------------- | --------------------------------------- | ----------------- | ------------------------------- | ----------------------------------------------------------------------------------------------------------------------------------------------------------------------------------------------------------------------------------------------------------------------------------------------------------------------------------------------------------------------------------------------------------------------------------------------------------------------------------------------------------------------------------------------------------------------------------------------------------------------------------------------------------------------------------------------------------------------------------------------------------------- |
    + | `link-lost`: The link dropped while idle: the peer went away or out of range, the remote side terminated, or the supervision timeout expired.                                                                                                                                                                                                                                                                                                                                                                                                                                                                                                                                                                                                                                                                                                                                                                                                                 | —                        | —                | `lost` / `peer-link-loss`               | `connection-lost` | lifecycle → reconnect           | none                                                                                                                                                                                                                                                                                                                                                                                                                                                                                                                                                                                                                                                                                                                                                              |
    + | `link-lost-during-operation`: The link dropped while an operation (discovery, read, write, subscribe) was pending. The operation ends at once, even when the radio never answers it.                                                                                                                                                                                                                                                                                                                                                                                                                                                                                                                                                                                                                                                                                                                                                                          | `connection.lost`        | `never`          | `lost` / `peer-link-loss`               | `connection-lost` | configure → reconnect           | none                                                                                                                                                                                                                                                                                                                                                                                                                                                                                                                                                                                                                                                                                                                                                              |
    + | `requested-disconnect`: The app released or disconnected the link. A supervisor whose link the app released reconnects.                                                                                                                                                                                                                                                                                                                                                                                                                                                                                                                                                                                                                                                                                                                                                                                                                                       | —                        | —                | `disconnected` / `requested-disconnect` | `owner-released`  | lifecycle → reconnect           | none                                                                                                                                                                                                                                                                                                                                                                                                                                                                                                                                                                                                                                                                                                                                                              |
    + | `requested-disconnect-during-operation`: The app's own release cut off a pending operation.                                                                                                                                                                                                                                                                                                                                                                                                                                                                                                                                                                                                                                                                                                                                                                                                                                                                   | `operation.disconnected` | `never`          | `disconnected` / `requested-disconnect` | `owner-released`  | configure → stop                | none                                                                                                                                                                                                                                                                                                                                                                                                                                                                                                                                                                                                                                                                                                                                                              |
    + | `adapter-loss`: Bluetooth was turned off, reset, removed or revoked while a link was up.                                                                                                                                                                                                                                                                                                                                                                                                                                                                                                                                                                                                                                                                                                                                                                                                                                                                      | —                        | —                | `lost` / `adapter-loss`                 | `source-failed`   | lifecycle → wait-for-adapter    | none                                                                                                                                                                                                                                                                                                                                                                                                                                                                                                                                                                                                                                                                                                                                                              |
    + | `adapter-loss-during-operation`: The adapter went away while an operation was pending.                                                                                                                                                                                                                                                                                                                                                                                                                                                                                                                                                                                                                                                                                                                                                                                                                                                                        | `operation.reset`        | `never`          | `lost` / `adapter-loss`                 | `source-failed`   | configure → wait-for-adapter    | none                                                                                                                                                                                                                                                                                                                                                                                                                                                                                                                                                                                                                                                                                                                                                              |
    + | `connect-not-established`: The platform could not establish the link (Android GATT 133/62/147, CoreBluetooth connectionFailed/connectionTimeout, WinRT Unreachable, BlueZ Failed/ConnectionAttemptFailed, Web NetworkError). Nothing was committed; the library never retries it itself.                                                                                                                                                                                                                                                                                                                                                                                                                                                                                                                                                                                                                                                                      | `connection.failed`      | `caller-decides` | —                                       | —                 | connect → reconnect             | none                                                                                                                                                                                                                                                                                                                                                                                                                                                                                                                                                                                                                                                                                                                                                              |
    + | `connect-deadline-expired`: The dispatched connect deadline expired before any link came up: the peer did not answer the attempt within the bound. The controller giving up (Android GATT 133/62/147) is the same physical event under another observation — CoreBluetooth never fails a pending connect on its own, nor do btleplug and Web report the expiry, so the deadline is their only answer. Nothing was committed; the library never retries it itself. A caller-supplied AbortSignal abort stays `operation.aborted`. The deadline fact rides in the error platform detail.                                                                                                                                                                                                                                                                                                                                                                        | `connection.failed`      | `caller-decides` | —                                       | —                 | connect → reconnect             | none                                                                                                                                                                                                                                                                                                                                                                                                                                                                                                                                                                                                                                                                                                                                                              |
    + | `peer-not-found`: The peer was never observed (or chosen, on Web), so there is nothing to connect to.                                                                                                                                                                                                                                                                                                                                                                                                                                                                                                                                                                                                                                                                                                                                                                                                                                                         | `peer.not-found`         | `never`          | —                                       | —                 | connect → stop                  | none                                                                                                                                                                                                                                                                                                                                                                                                                                                                                                                                                                                                                                                                                                                                                              |
    + | `security-refused`: The peer refused an operation for lack of authentication, authorization or encryption (ATT 0x05/0x08/0x0C/0x0F, Android 137, CoreBluetooth peerRemovedPairingInformation/encryptionTimedOut, BlueZ NotAuthorized/"Not paired", Web SecurityError). Recovery: pair or repair.                                                                                                                                                                                                                                                                                                                                                                                                                                                                                                                                                                                                                                                              | `platform.security`      | `never`          | —                                       | —                 | configure → stop                | none                                                                                                                                                                                                                                                                                                                                                                                                                                                                                                                                                                                                                                                                                                                                                              |
    + | `operation-timed-out`: The operation's deadline expired before the platform answered — except a dispatched connect, whose deadline expiring before any link came up is `connect-deadline-expired` (one name for the peer not answering).                                                                                                                                                                                                                                                                                                                                                                                                                                                                                                                                                                                                                                                                                                                      | `operation.timed-out`    | `caller-decides` | —                                       | —                 | configure → stop                | none                                                                                                                                                                                                                                                                                                                                                                                                                                                                                                                                                                                                                                                                                                                                                              |
    + | `operation-cancelled`: The caller aborted the operation before the platform answered.                                                                                                                                                                                                                                                                                                                                                                                                                                                                                                                                                                                                                                                                                                                                                                                                                                                                         | `operation.aborted`      | `caller-decides` | —                                       | —                 | configure → stop                | none                                                                                                                                                                                                                                                                                                                                                                                                                                                                                                                                                                                                                                                                                                                                                              |
    + | `restoration-received`: The OS handed back known peers after the app was gone: iOS relaunched the app on a BLE event and delivered restored peripherals through `willRestoreState`; Android woke the process through Companion Device Manager device presence (API 31+) for an armed associated peer. Both phones report `restoration-received` and list the peer under `peers.restored`; a restored record does not prove that a link is live. Reconnect remains app-controlled: Android may call public `connect` with Android `when-available`; iOS may call `connect` with `when-available` for a known restored `PeerReference`, which keeps the CoreBluetooth connect outstanding until that peripheral is available. That pending connect is not automatic post-loss reconnection. After a connection succeeds, the app replays subscriptions through `subscribe`. Presence observation below API 31 has no wake; it reports `capability.unsupported`. | —                        | —                | —                                       | —                 | restore → stop                  | desktop-macos: — macOS has no OS restoration journal for a terminated app and no presence wake; the event never fires and presence observation reports `capability.unsupported` with a reason.<br>desktop-windows: — Windows has no OS restoration journal for a terminated app and no presence wake; the event never fires and presence observation reports `capability.unsupported` with a reason.<br>desktop-linux: — Linux has no OS restoration journal for a terminated app and no presence wake; the event never fires and presence observation reports `capability.unsupported` with a reason.<br>web: — Web Bluetooth has no background relaunch or presence wake; the event never fires and restoration reports `capability.unsupported` with a reason. |
    +
      <!-- EVENT-VOCABULARY:END -->

      43 |     }
      44 |     expect(start).toBeGreaterThanOrEqual(0)
    > 45 |     expect(doc.slice(start, end + END.length)).toBe(docBlock())
         |                                                ^
      46 |   })
      47 |
      48 |   test('the Rust mapping tests read the same table', () => {

      at Object.toBe (__tests__/event-vocabulary.test.js:45:48)

PASS __tests__/PackageSurface4.test.js (21.666 s)
PASS __tests__/backend-sdk/BackendSdkAndCli.test.js (21.587 s)
PASS __tests__/acceptance/w6-reliability-acceptance.test.js (30.687 s)
  ● Console

    console.log
      SKIP s2-concurrent-connect-intent-race [deterministic]: cross-intent race needs connection:when-available, which this leg refuses explicitly; the refusal is asserted and the race runs direct-vs-direct instead

      at log (__tests__/acceptance/w6-reliability-acceptance.test.js:142:13)

    console.log
      SKIP s3-disconnect-during-subscribe [react-native-android]: mid-CCCD-enable disconnect needs queue-operation-completion, which this leg does not register; running the settled-subscribe-then-disconnect variant instead

      at log (__tests__/acceptance/w6-reliability-acceptance.test.js:142:13)

    console.log
      SKIP s4-generation-fence [react-native-android]: delayed old-callback probe needs queue-operation-completion, which this leg does not register; proving the fence with live iterator and stale-path checks instead

      at log (__tests__/acceptance/w6-reliability-acceptance.test.js:142:13)

    console.log
      SKIP s5-slow-drain-bounded [react-native-android]: peer-loss promptness uses force-disconnect, which this leg does not register; measuring promptness on a requested disconnect instead

      at log (__tests__/acceptance/w6-reliability-acceptance.test.js:142:13)

    console.log
      SKIP s6-ownership-soak-200 [react-native-android]: cleanup-failure visibility needs inject-unsubscribe-failure, which this leg does not register; the happy-path soak above still proves the baseline return

      at log (__tests__/acceptance/w6-reliability-acceptance.test.js:142:13)

    console.log
      SKIP s3-disconnect-during-subscribe [react-native-apple]: mid-CCCD-enable disconnect needs queue-operation-completion, which this leg does not register; running the settled-subscribe-then-disconnect variant instead

      at log (__tests__/acceptance/w6-reliability-acceptance.test.js:142:13)

    console.log
      SKIP s4-generation-fence [react-native-apple]: delayed old-callback probe needs queue-operation-completion, which this leg does not register; proving the fence with live iterator and stale-path checks instead

      at log (__tests__/acceptance/w6-reliability-acceptance.test.js:142:13)

    console.log
      SKIP s5-slow-drain-bounded [react-native-apple]: peer-loss promptness uses force-disconnect, which this leg does not register; measuring promptness on a requested disconnect instead

      at log (__tests__/acceptance/w6-reliability-acceptance.test.js:142:13)

    console.log
      SKIP s6-ownership-soak-200 [react-native-apple]: cleanup-failure visibility needs inject-unsubscribe-failure, which this leg does not register; the happy-path soak above still proves the baseline return

      at log (__tests__/acceptance/w6-reliability-acceptance.test.js:142:13)

    console.log
      SKIP s3-disconnect-during-subscribe [desktop-corebluetooth]: mid-CCCD-enable disconnect needs queue-operation-completion, which this leg does not register; running the settled-subscribe-then-disconnect variant instead

      at log (__tests__/acceptance/w6-reliability-acceptance.test.js:142:13)

    console.log
      SKIP s4-generation-fence [desktop-corebluetooth]: delayed old-callback probe needs queue-operation-completion, which this leg does not register; proving the fence with live iterator and stale-path checks instead

      at log (__tests__/acceptance/w6-reliability-acceptance.test.js:142:13)

    console.log
      SKIP s6-ownership-soak-200 [desktop-corebluetooth]: cleanup-failure visibility needs inject-unsubscribe-failure, which this leg does not register; the happy-path soak above still proves the baseline return

      at log (__tests__/acceptance/w6-reliability-acceptance.test.js:142:13)

    console.log
      SKIP s3-disconnect-during-subscribe [desktop-bluez]: mid-CCCD-enable disconnect needs queue-operation-completion, which this leg does not register; running the settled-subscribe-then-disconnect variant instead

      at log (__tests__/acceptance/w6-reliability-acceptance.test.js:142:13)

    console.log
      SKIP s4-generation-fence [desktop-bluez]: delayed old-callback probe needs queue-operation-completion, which this leg does not register; proving the fence with live iterator and stale-path checks instead

      at log (__tests__/acceptance/w6-reliability-acceptance.test.js:142:13)

    console.log
      SKIP s5-slow-drain-bounded [desktop-bluez]: peer-loss promptness uses force-disconnect, which this leg does not register; measuring promptness on a requested disconnect instead

      at log (__tests__/acceptance/w6-reliability-acceptance.test.js:142:13)

    console.log
      SKIP s6-ownership-soak-200 [desktop-bluez]: cleanup-failure visibility needs inject-unsubscribe-failure, which this leg does not register; the happy-path soak above still proves the baseline return

      at log (__tests__/acceptance/w6-reliability-acceptance.test.js:142:13)

    console.log
      SKIP s3-disconnect-during-subscribe [desktop-winrt]: mid-CCCD-enable disconnect needs queue-operation-completion, which this leg does not register; running the settled-subscribe-then-disconnect variant instead

      at log (__tests__/acceptance/w6-reliability-acceptance.test.js:142:13)

    console.log
      SKIP s4-generation-fence [desktop-winrt]: delayed old-callback probe needs queue-operation-completion, which this leg does not register; proving the fence with live iterator and stale-path checks instead

      at log (__tests__/acceptance/w6-reliability-acceptance.test.js:142:13)

    console.log
      SKIP s5-slow-drain-bounded [desktop-winrt]: peer-loss promptness uses force-disconnect, which this leg does not register; measuring promptness on a requested disconnect instead

      at log (__tests__/acceptance/w6-reliability-acceptance.test.js:142:13)

    console.log
      SKIP s6-ownership-soak-200 [desktop-winrt]: cleanup-failure visibility needs inject-unsubscribe-failure, which this leg does not register; the happy-path soak above still proves the baseline return

      at log (__tests__/acceptance/w6-reliability-acceptance.test.js:142:13)

    console.log
      SKIP s2-concurrent-connect-intent-race [tauri-transport-fake]: no fake IPC main serves ATT connect journeys in this repo; intent arbitration is proven on the backend legs above

      at Object.log (__tests__/acceptance/w6-reliability-acceptance.test.js:1248:15)

    console.log
      SKIP s3-disconnect-during-subscribe [tauri-transport-fake]: no fake IPC main stages mid-CCCD-enable disconnects in this repo; fencing is proven on the backend legs above

      at Object.log (__tests__/acceptance/w6-reliability-acceptance.test.js:1248:15)

    console.log
      SKIP s4-generation-fence [tauri-transport-fake]: no fake IPC main stages generation turnover in this repo; fencing is proven on the backend legs above

      at Object.log (__tests__/acceptance/w6-reliability-acceptance.test.js:1248:15)

    console.log
      SKIP s5-slow-drain-bounded [tauri-transport-fake]: transport fanout is unbounded by design here; bounded-drain accounting is proven on the backend legs above

      at Object.log (__tests__/acceptance/w6-reliability-acceptance.test.js:1248:15)

    console.log
      SKIP s6-ownership-soak-200 [tauri-transport-fake]: no fake IPC main serves 200 ATT cycles in this repo; ownership return is proven on the backend legs above

      at Object.log (__tests__/acceptance/w6-reliability-acceptance.test.js:1248:15)

    console.log
      SKIP s7-cold-restoration [tauri-transport-fake]: cold-process restoration is covered natively by W2 PresenceColdStartTest, not by transport fakes

      at Object.log (__tests__/acceptance/w6-reliability-acceptance.test.js:1248:15)

PASS __tests__/TvBuildStage.test.js (31.539 s)
PASS __tests__/ZeroDiagnosticGuard.test.js (133.291 s)

Summary of all failing tests
FAIL __tests__/ipc/connection-cleanup.test.js
  ● parameterEvents private control metadata › terminalizes timestamp NaN and releases the admitted host watch

    BackendContractError: protocol.malformed: serializable.snapshot.number

      238 |     throw new Error('operation must be non-empty')
      239 |   }
    > 240 |   return new BackendContractError({
          |          ^
      241 |     code,
      242 |     domain,
      243 |     operation,

      at contractError (src/backend-contract/errors.ts:240:10)
      at snapshotValue (src/backend-contract/serializable.ts:89:26)
      at snapshotValue (src/backend-contract/serializable.ts:173:29)
      at snapshotRecord (src/backend-contract/serializable.ts:121:10)
      at snapshotValue (src/backend-contract/serializable.ts:173:29)
      at snapshotRecord (src/backend-contract/serializable.ts:121:10)
      at snapshotValue (src/backend-contract/serializable.ts:173:29)
      at snapshotRecord (src/backend-contract/serializable.ts:52:20)
      at serializedByteLength (src/electron/renderer.ts:756:36)
      at ElectronRendererBleClient.serializedByteLength [as receiveEvent] (src/electron/renderer.ts:489:37)
      at receiveEvent (src/electron/renderer.ts:105:58)
      at Object.eventListener [as emit] (__tests__/ipc/connection-cleanup.test.js:186:7)
      at emit (__tests__/ipc/connection-cleanup.test.js:945:15)
      at asyncGeneratorStep (node_modules/.pnpm/@babel+runtime@7.29.7/node_modules/@babel/runtime/helpers/asyncToGenerator.js:3:17)
      at asyncGeneratorStep (node_modules/.pnpm/@babel+runtime@7.29.7/node_modules/@babel/runtime/helpers/asyncToGenerator.js:17:9)

  ● parameterEvents private control metadata › terminalizes timestamp infinity and releases the admitted host watch

    BackendContractError: protocol.malformed: serializable.snapshot.number

      238 |     throw new Error('operation must be non-empty')
      239 |   }
    > 240 |   return new BackendContractError({
          |          ^
      241 |     code,
      242 |     domain,
      243 |     operation,

      at contractError (src/backend-contract/errors.ts:240:10)
      at snapshotValue (src/backend-contract/serializable.ts:89:26)
      at snapshotValue (src/backend-contract/serializable.ts:173:29)
      at snapshotRecord (src/backend-contract/serializable.ts:121:10)
      at snapshotValue (src/backend-contract/serializable.ts:173:29)
      at snapshotRecord (src/backend-contract/serializable.ts:121:10)
      at snapshotValue (src/backend-contract/serializable.ts:173:29)
      at snapshotRecord (src/backend-contract/serializable.ts:52:20)
      at serializedByteLength (src/electron/renderer.ts:756:36)
      at ElectronRendererBleClient.serializedByteLength [as receiveEvent] (src/electron/renderer.ts:489:37)
      at receiveEvent (src/electron/renderer.ts:105:58)
      at Object.eventListener [as emit] (__tests__/ipc/connection-cleanup.test.js:186:7)
      at emit (__tests__/ipc/connection-cleanup.test.js:945:15)
      at asyncGeneratorStep (node_modules/.pnpm/@babel+runtime@7.29.7/node_modules/@babel/runtime/helpers/asyncToGenerator.js:3:17)
      at asyncGeneratorStep (node_modules/.pnpm/@babel+runtime@7.29.7/node_modules/@babel/runtime/helpers/asyncToGenerator.js:17:9)

  ● parameterEvents private control metadata › terminalizes ordinal NaN and releases the admitted host watch

    BackendContractError: protocol.malformed: serializable.snapshot.number

      238 |     throw new Error('operation must be non-empty')
      239 |   }
    > 240 |   return new BackendContractError({
          |          ^
      241 |     code,
      242 |     domain,
      243 |     operation,

      at contractError (src/backend-contract/errors.ts:240:10)
      at snapshotValue (src/backend-contract/serializable.ts:89:26)
      at snapshotValue (src/backend-contract/serializable.ts:173:29)
      at snapshotRecord (src/backend-contract/serializable.ts:121:10)
      at snapshotValue (src/backend-contract/serializable.ts:173:29)
      at snapshotRecord (src/backend-contract/serializable.ts:121:10)
      at snapshotValue (src/backend-contract/serializable.ts:173:29)
      at snapshotRecord (src/backend-contract/serializable.ts:52:20)
      at serializedByteLength (src/electron/renderer.ts:756:36)
      at ElectronRendererBleClient.serializedByteLength [as receiveEvent] (src/electron/renderer.ts:489:37)
      at receiveEvent (src/electron/renderer.ts:105:58)
      at Object.eventListener [as emit] (__tests__/ipc/connection-cleanup.test.js:186:7)
      at emit (__tests__/ipc/connection-cleanup.test.js:945:15)
      at asyncGeneratorStep (node_modules/.pnpm/@babel+runtime@7.29.7/node_modules/@babel/runtime/helpers/asyncToGenerator.js:3:17)
      at asyncGeneratorStep (node_modules/.pnpm/@babel+runtime@7.29.7/node_modules/@babel/runtime/helpers/asyncToGenerator.js:17:9)

  ● parameterEvents private control metadata › terminalizes ordinal infinity and releases the admitted host watch

    BackendContractError: protocol.malformed: serializable.snapshot.number

      238 |     throw new Error('operation must be non-empty')
      239 |   }
    > 240 |   return new BackendContractError({
          |          ^
      241 |     code,
      242 |     domain,
      243 |     operation,

      at contractError (src/backend-contract/errors.ts:240:10)
      at snapshotValue (src/backend-contract/serializable.ts:89:26)
      at snapshotValue (src/backend-contract/serializable.ts:173:29)
      at snapshotRecord (src/backend-contract/serializable.ts:121:10)
      at snapshotValue (src/backend-contract/serializable.ts:173:29)
      at snapshotRecord (src/backend-contract/serializable.ts:121:10)
      at snapshotValue (src/backend-contract/serializable.ts:173:29)
      at snapshotRecord (src/backend-contract/serializable.ts:52:20)
      at serializedByteLength (src/electron/renderer.ts:756:36)
      at ElectronRendererBleClient.serializedByteLength [as receiveEvent] (src/electron/renderer.ts:489:37)
      at receiveEvent (src/electron/renderer.ts:105:58)
      at Object.eventListener [as emit] (__tests__/ipc/connection-cleanup.test.js:186:7)
      at emit (__tests__/ipc/connection-cleanup.test.js:945:15)
      at asyncGeneratorStep (node_modules/.pnpm/@babel+runtime@7.29.7/node_modules/@babel/runtime/helpers/asyncToGenerator.js:3:17)
      at asyncGeneratorStep (node_modules/.pnpm/@babel+runtime@7.29.7/node_modules/@babel/runtime/helpers/asyncToGenerator.js:17:9)

  ● writeReadiness private control metadata › terminalizes timestamp NaN and releases the admitted host watch

    BackendContractError: protocol.malformed: serializable.snapshot.number

      238 |     throw new Error('operation must be non-empty')
      239 |   }
    > 240 |   return new BackendContractError({
          |          ^
      241 |     code,
      242 |     domain,
      243 |     operation,

      at contractError (src/backend-contract/errors.ts:240:10)
      at snapshotValue (src/backend-contract/serializable.ts:89:26)
      at snapshotValue (src/backend-contract/serializable.ts:173:29)
      at snapshotRecord (src/backend-contract/serializable.ts:121:10)
      at snapshotValue (src/backend-contract/serializable.ts:173:29)
      at snapshotRecord (src/backend-contract/serializable.ts:121:10)
      at snapshotValue (src/backend-contract/serializable.ts:173:29)
      at snapshotRecord (src/backend-contract/serializable.ts:52:20)
      at serializedByteLength (src/electron/renderer.ts:756:36)
      at ElectronRendererBleClient.serializedByteLength [as receiveEvent] (src/electron/renderer.ts:489:37)
      at receiveEvent (src/electron/renderer.ts:105:58)
      at Object.eventListener [as emit] (__tests__/ipc/connection-cleanup.test.js:186:7)
      at emit (__tests__/ipc/connection-cleanup.test.js:945:15)
      at asyncGeneratorStep (node_modules/.pnpm/@babel+runtime@7.29.7/node_modules/@babel/runtime/helpers/asyncToGenerator.js:3:17)
      at asyncGeneratorStep (node_modules/.pnpm/@babel+runtime@7.29.7/node_modules/@babel/runtime/helpers/asyncToGenerator.js:17:9)

  ● writeReadiness private control metadata › terminalizes timestamp infinity and releases the admitted host watch

    BackendContractError: protocol.malformed: serializable.snapshot.number

      238 |     throw new Error('operation must be non-empty')
      239 |   }
    > 240 |   return new BackendContractError({
          |          ^
      241 |     code,
      242 |     domain,
      243 |     operation,

      at contractError (src/backend-contract/errors.ts:240:10)
      at snapshotValue (src/backend-contract/serializable.ts:89:26)
      at snapshotValue (src/backend-contract/serializable.ts:173:29)
      at snapshotRecord (src/backend-contract/serializable.ts:121:10)
      at snapshotValue (src/backend-contract/serializable.ts:173:29)
      at snapshotRecord (src/backend-contract/serializable.ts:121:10)
      at snapshotValue (src/backend-contract/serializable.ts:173:29)
      at snapshotRecord (src/backend-contract/serializable.ts:52:20)
      at serializedByteLength (src/electron/renderer.ts:756:36)
      at ElectronRendererBleClient.serializedByteLength [as receiveEvent] (src/electron/renderer.ts:489:37)
      at receiveEvent (src/electron/renderer.ts:105:58)
      at Object.eventListener [as emit] (__tests__/ipc/connection-cleanup.test.js:186:7)
      at emit (__tests__/ipc/connection-cleanup.test.js:945:15)
      at asyncGeneratorStep (node_modules/.pnpm/@babel+runtime@7.29.7/node_modules/@babel/runtime/helpers/asyncToGenerator.js:3:17)
      at asyncGeneratorStep (node_modules/.pnpm/@babel+runtime@7.29.7/node_modules/@babel/runtime/helpers/asyncToGenerator.js:17:9)

  ● writeReadiness private control metadata › terminalizes ordinal NaN and releases the admitted host watch

    BackendContractError: protocol.malformed: serializable.snapshot.number

      238 |     throw new Error('operation must be non-empty')
      239 |   }
    > 240 |   return new BackendContractError({
          |          ^
      241 |     code,
      242 |     domain,
      243 |     operation,

      at contractError (src/backend-contract/errors.ts:240:10)
      at snapshotValue (src/backend-contract/serializable.ts:89:26)
      at snapshotValue (src/backend-contract/serializable.ts:173:29)
      at snapshotRecord (src/backend-contract/serializable.ts:121:10)
      at snapshotValue (src/backend-contract/serializable.ts:173:29)
      at snapshotRecord (src/backend-contract/serializable.ts:121:10)
      at snapshotValue (src/backend-contract/serializable.ts:173:29)
      at snapshotRecord (src/backend-contract/serializable.ts:52:20)
      at serializedByteLength (src/electron/renderer.ts:756:36)
      at ElectronRendererBleClient.serializedByteLength [as receiveEvent] (src/electron/renderer.ts:489:37)
      at receiveEvent (src/electron/renderer.ts:105:58)
      at Object.eventListener [as emit] (__tests__/ipc/connection-cleanup.test.js:186:7)
      at emit (__tests__/ipc/connection-cleanup.test.js:945:15)
      at asyncGeneratorStep (node_modules/.pnpm/@babel+runtime@7.29.7/node_modules/@babel/runtime/helpers/asyncToGenerator.js:3:17)
      at asyncGeneratorStep (node_modules/.pnpm/@babel+runtime@7.29.7/node_modules/@babel/runtime/helpers/asyncToGenerator.js:17:9)

  ● writeReadiness private control metadata › terminalizes ordinal infinity and releases the admitted host watch

    BackendContractError: protocol.malformed: serializable.snapshot.number

      238 |     throw new Error('operation must be non-empty')
      239 |   }
    > 240 |   return new BackendContractError({
          |          ^
      241 |     code,
      242 |     domain,
      243 |     operation,

      at contractError (src/backend-contract/errors.ts:240:10)
      at snapshotValue (src/backend-contract/serializable.ts:89:26)
      at snapshotValue (src/backend-contract/serializable.ts:173:29)
      at snapshotRecord (src/backend-contract/serializable.ts:121:10)
      at snapshotValue (src/backend-contract/serializable.ts:173:29)
      at snapshotRecord (src/backend-contract/serializable.ts:121:10)
      at snapshotValue (src/backend-contract/serializable.ts:173:29)
      at snapshotRecord (src/backend-contract/serializable.ts:52:20)
      at serializedByteLength (src/electron/renderer.ts:756:36)
      at ElectronRendererBleClient.serializedByteLength [as receiveEvent] (src/electron/renderer.ts:489:37)
      at receiveEvent (src/electron/renderer.ts:105:58)
      at Object.eventListener [as emit] (__tests__/ipc/connection-cleanup.test.js:186:7)
      at emit (__tests__/ipc/connection-cleanup.test.js:945:15)
      at asyncGeneratorStep (node_modules/.pnpm/@babel+runtime@7.29.7/node_modules/@babel/runtime/helpers/asyncToGenerator.js:3:17)
      at asyncGeneratorStep (node_modules/.pnpm/@babel+runtime@7.29.7/node_modules/@babel/runtime/helpers/asyncToGenerator.js:17:9)

FAIL __tests__/License.packaging.test.js
  ● UBM 5.0 license packaging and metadata › SBOM reports the LicenseRef identifier through the real generator

    Command failed: /usr/local/bin/node scripts/release/generate-dependency-artifacts.js --check
    /home/sfourdrinier/.cache/ubm-preflight/tree-92b89ce6d/scripts/release/generate-dependency-artifacts.js:656
            throw new Error(`${fileName} is stale; run pnpm release:artifacts`)
            ^

    Error: SBOM.cdx.json is stale; run pnpm release:artifacts

      654 |     if (check) {
      655 |       if (!fs.existsSync(outputPath) || fs.readFileSync(outputPath, 'utf8') !== expected) {
    > 656 |         throw new Error(`${fileName} is stale; run pnpm release:artifacts`)
          |               ^
      657 |       }
      658 |     } else {
      659 |       fs.writeFileSync(outputPath, expected)

      at run (scripts/release/generate-dependency-artifacts.js:656:15)
      at Object.<anonymous> (scripts/release/generate-dependency-artifacts.js:670:30)
      Node.js v22.21.1
      at Object.execFileSync (__tests__/License.packaging.test.js:129:5)

FAIL __tests__/ReleaseArtifactsRust.test.js
  ● SBOM Rust workspace merge (UBM 5.0) › generator --check passes with the merged artifacts

    Command failed: /usr/local/bin/node scripts/release/generate-dependency-artifacts.js --check
    /home/sfourdrinier/.cache/ubm-preflight/tree-92b89ce6d/scripts/release/generate-dependency-artifacts.js:656
            throw new Error(`${fileName} is stale; run pnpm release:artifacts`)
            ^

    Error: SBOM.cdx.json is stale; run pnpm release:artifacts

      654 |     if (check) {
      655 |       if (!fs.existsSync(outputPath) || fs.readFileSync(outputPath, 'utf8') !== expected) {
    > 656 |         throw new Error(`${fileName} is stale; run pnpm release:artifacts`)
          |               ^
      657 |       }
      658 |     } else {
      659 |       fs.writeFileSync(outputPath, expected)

      at run (scripts/release/generate-dependency-artifacts.js:656:15)
      at Object.<anonymous> (scripts/release/generate-dependency-artifacts.js:670:30)
      Node.js v22.21.1
      at execFileSync (__tests__/ReleaseArtifactsRust.test.js:25:3)
      at Object.runGenerator (__tests__/ReleaseArtifactsRust.test.js:120:5)

  ● SBOM Rust workspace merge (UBM 5.0) › merged generation is byte-stable and leaks no local paths

    expect(received).toBe(expected) // Object.is equality

    - Expected  - 1
    + Received  + 2

    @@ -25,11 +25,11 @@
              "name": "unified-ble-manager:dependency-scope",
              "value": "production-and-optional-runtime"
            },
            {
              "name": "unified-ble-manager:cargo-lock-sha256",
    -         "value": "c60eea5a7d72b4d58fd65ee8388157fc4c95e78cad58718727221e59ee998fd2"
    +         "value": "237ea61d22b8547a4690b5aef48944fa9599bd3726baf7ec14b61b7648f1340f"
            },
            {
              "name": "unified-ble-manager:rust-dependency-scope",
              "value": "cargo-workspace-resolved-graph"
            },
    @@ -5123,10 +5123,11 @@
              "pkg:cargo/dbus-tokio@0.7.6",
              "pkg:cargo/dbus@0.9.12",
              "pkg:cargo/futures-util@0.3.34",
              "pkg:cargo/futures@0.3.34",
              "pkg:cargo/libc@0.2.189",
    +         "pkg:cargo/log@0.4.34",
              "pkg:cargo/objc2-core-bluetooth@0.2.2",
              "pkg:cargo/objc2-foundation@0.2.2",
              "pkg:cargo/objc2@0.5.2",
              "pkg:cargo/rusqlite@0.40.2",
              "pkg:cargo/serde_json@1.0.151",

      317 |         expect(text).not.toContain('path+file://')
      318 |         // Regeneration into the repo matches the committed bytes exactly.
    > 319 |         expect(firstBytes.toString('utf8')).toBe(read(fileName))
          |                                             ^
      320 |       }
      321 |     } finally {
      322 |       fs.rmSync(temporaryRoot, { recursive: true, force: true })

      at Object.toBe (__tests__/ReleaseArtifactsRust.test.js:319:45)

FAIL __tests__/ReleaseArtifacts.test.js
  ● open-source release policies and dependency artifacts › keeps a reproducible CycloneDX SBOM and audited license inventory fresh

    Command failed: /usr/local/bin/node scripts/release/generate-dependency-artifacts.js --check
    /home/sfourdrinier/.cache/ubm-preflight/tree-92b89ce6d/scripts/release/generate-dependency-artifacts.js:656
            throw new Error(`${fileName} is stale; run pnpm release:artifacts`)
            ^

    Error: SBOM.cdx.json is stale; run pnpm release:artifacts

      654 |     if (check) {
      655 |       if (!fs.existsSync(outputPath) || fs.readFileSync(outputPath, 'utf8') !== expected) {
    > 656 |         throw new Error(`${fileName} is stale; run pnpm release:artifacts`)
          |               ^
      657 |       }
      658 |     } else {
      659 |       fs.writeFileSync(outputPath, expected)

      at run (scripts/release/generate-dependency-artifacts.js:656:15)
      at Object.<anonymous> (scripts/release/generate-dependency-artifacts.js:670:30)
      Node.js v22.21.1
      at Object.execFileSync (__tests__/ReleaseArtifacts.test.js:40:5)

FAIL __tests__/event-vocabulary.test.js (18.689 s)
  ● the event vocabulary cannot drift › docs/UNIFIED_SEMANTICS.md embeds the table

    expect(received).toBe(expected) // Object.is equality

    - Expected  - 15
    + Received  + 17

      <!-- EVENT-VOCABULARY:BEGIN (generated from src/backend-contract/event-vocabulary.ts) -->
    - | Physical event | Error code | Retryability | Lifecycle `current` / `cause` | Stream terminal | Supervisor (context → decision) | Differs |
    - | --- | --- | --- | --- | --- | --- | --- |
    - | `link-lost`: The link dropped while idle: the peer went away or out of range, the remote side terminated, or the supervision timeout expired. | — | — | `lost` / `peer-link-loss` | `connection-lost` | lifecycle → reconnect | none |
    - | `link-lost-during-operation`: The link dropped while an operation (discovery, read, write, subscribe) was pending. The operation ends at once, even when the radio never answers it. | `connection.lost` | `never` | `lost` / `peer-link-loss` | `connection-lost` | configure → reconnect | none |
    - | `requested-disconnect`: The app released or disconnected the link. A supervisor whose link the app released reconnects. | — | — | `disconnected` / `requested-disconnect` | `owner-released` | lifecycle → reconnect | none |
    - | `requested-disconnect-during-operation`: The app's own release cut off a pending operation. | `operation.disconnected` | `never` | `disconnected` / `requested-disconnect` | `owner-released` | configure → stop | none |
    - | `adapter-loss`: Bluetooth was turned off, reset, removed or revoked while a link was up. | — | — | `lost` / `adapter-loss` | `source-failed` | lifecycle → wait-for-adapter | none |
    - | `adapter-loss-during-operation`: The adapter went away while an operation was pending. | `operation.reset` | `never` | `lost` / `adapter-loss` | `source-failed` | configure → wait-for-adapter | none |
    - | `connect-not-established`: The platform could not establish the link (Android GATT 133/62/147, CoreBluetooth connectionFailed/connectionTimeout, WinRT Unreachable, BlueZ Failed/ConnectionAttemptFailed, Web NetworkError). Nothing was committed; the library never retries it itself. | `connection.failed` | `caller-decides` | — | — | connect → reconnect | none |
    - | `connect-deadline-expired`: The dispatched connect deadline expired before any link came up: the peer did not answer the attempt within the bound. The controller giving up (Android GATT 133/62/147) is the same physical event under another observation — CoreBluetooth never fails a pending connect on its own, nor do btleplug and Web report the expiry, so the deadline is their only answer. Nothing was committed; the library never retries it itself. A caller-supplied AbortSignal abort stays `operation.aborted`. The deadline fact rides in the error platform detail. | `connection.failed` | `caller-decides` | — | — | connect → reconnect | none |
    - | `peer-not-found`: The peer was never observed (or chosen, on Web), so there is nothing to connect to. | `peer.not-found` | `never` | — | — | connect → stop | none |
    - | `security-refused`: The peer refused an operation for lack of authentication, authorization or encryption (ATT 0x05/0x08/0x0C/0x0F, Android 137, CoreBluetooth peerRemovedPairingInformation/encryptionTimedOut, BlueZ NotAuthorized/"Not paired", Web SecurityError). Recovery: pair or repair. | `platform.security` | `never` | — | — | configure → stop | none |
    - | `operation-timed-out`: The operation's deadline expired before the platform answered — except a dispatched connect, whose deadline expiring before any link came up is `connect-deadline-expired` (one name for the peer not answering). | `operation.timed-out` | `caller-decides` | — | — | configure → stop | none |
    - | `operation-cancelled`: The caller aborted the operation before the platform answered. | `operation.aborted` | `caller-decides` | — | — | configure → stop | none |
    - | `restoration-received`: The OS handed back known peers after the app was gone: iOS relaunched the app on a BLE event and delivered restored peripherals through `willRestoreState`; Android woke the process through Companion Device Manager device presence (API 31+) for an armed associated peer. Both phones report `restoration-received` and list the peer under `peers.restored`; a restored record does not prove that a link is live. Reconnect remains app-controlled: Android may call public `connect` with Android `when-available`; iOS may call `connect` with `when-available` for a known restored `PeerReference`, which keeps the CoreBluetooth connect outstanding until that peripheral is available. That pending connect is not automatic post-loss reconnection. After a connection succeeds, the app replays subscriptions through `subscribe`. Presence observation below API 31 has no wake; it reports `capability.unsupported`. | — | — | — | — | restore → stop | desktop-macos:  — macOS has no OS restoration journal for a terminated app and no presence wake; the event never fires and presence observation reports `capability.unsupported` with a reason.<br>desktop-windows:  — Windows has no OS restoration journal for a terminated app and no presence wake; the event never fires and presence observation reports `capability.unsupported` with a reason.<br>desktop-linux:  — Linux has no OS restoration journal for a terminated app and no presence wake; the event never fires and presence observation reports `capability.unsupported` with a reason.<br>web:  — Web Bluetooth has no background relaunch or presence wake; the event never fires and restoration reports `capability.unsupported` with a reason. |
    +
    + | Physical event                                                                                                                                                                                                                                                                                                                                                                                                                                                                                                                                                                                                                                                                                                                                                                                                                                                                                                                                                | Error code               | Retryability     | Lifecycle `current` / `cause`           | Stream terminal   | Supervisor (context → decision) | Differs                                                                                                                                                                                                                                                                                                                                                                                                                                                                                                                                                                                                                                                                                                                                                           |
    + | ------------------------------------------------------------------------------------------------------------------------------------------------------------------------------------------------------------------------------------------------------------------------------------------------------------------------------------------------------------------------------------------------------------------------------------------------------------------------------------------------------------------------------------------------------------------------------------------------------------------------------------------------------------------------------------------------------------------------------------------------------------------------------------------------------------------------------------------------------------------------------------------------------------------------------------------------------------- | ------------------------ | ---------------- | --------------------------------------- | ----------------- | ------------------------------- | ----------------------------------------------------------------------------------------------------------------------------------------------------------------------------------------------------------------------------------------------------------------------------------------------------------------------------------------------------------------------------------------------------------------------------------------------------------------------------------------------------------------------------------------------------------------------------------------------------------------------------------------------------------------------------------------------------------------------------------------------------------------- |
    + | `link-lost`: The link dropped while idle: the peer went away or out of range, the remote side terminated, or the supervision timeout expired.                                                                                                                                                                                                                                                                                                                                                                                                                                                                                                                                                                                                                                                                                                                                                                                                                 | —                        | —                | `lost` / `peer-link-loss`               | `connection-lost` | lifecycle → reconnect           | none                                                                                                                                                                                                                                                                                                                                                                                                                                                                                                                                                                                                                                                                                                                                                              |
    + | `link-lost-during-operation`: The link dropped while an operation (discovery, read, write, subscribe) was pending. The operation ends at once, even when the radio never answers it.                                                                                                                                                                                                                                                                                                                                                                                                                                                                                                                                                                                                                                                                                                                                                                          | `connection.lost`        | `never`          | `lost` / `peer-link-loss`               | `connection-lost` | configure → reconnect           | none                                                                                                                                                                                                                                                                                                                                                                                                                                                                                                                                                                                                                                                                                                                                                              |
    + | `requested-disconnect`: The app released or disconnected the link. A supervisor whose link the app released reconnects.                                                                                                                                                                                                                                                                                                                                                                                                                                                                                                                                                                                                                                                                                                                                                                                                                                       | —                        | —                | `disconnected` / `requested-disconnect` | `owner-released`  | lifecycle → reconnect           | none                                                                                                                                                                                                                                                                                                                                                                                                                                                                                                                                                                                                                                                                                                                                                              |
    + | `requested-disconnect-during-operation`: The app's own release cut off a pending operation.                                                                                                                                                                                                                                                                                                                                                                                                                                                                                                                                                                                                                                                                                                                                                                                                                                                                   | `operation.disconnected` | `never`          | `disconnected` / `requested-disconnect` | `owner-released`  | configure → stop                | none                                                                                                                                                                                                                                                                                                                                                                                                                                                                                                                                                                                                                                                                                                                                                              |
    + | `adapter-loss`: Bluetooth was turned off, reset, removed or revoked while a link was up.                                                                                                                                                                                                                                                                                                                                                                                                                                                                                                                                                                                                                                                                                                                                                                                                                                                                      | —                        | —                | `lost` / `adapter-loss`                 | `source-failed`   | lifecycle → wait-for-adapter    | none                                                                                                                                                                                                                                                                                                                                                                                                                                                                                                                                                                                                                                                                                                                                                              |
    + | `adapter-loss-during-operation`: The adapter went away while an operation was pending.                                                                                                                                                                                                                                                                                                                                                                                                                                                                                                                                                                                                                                                                                                                                                                                                                                                                        | `operation.reset`        | `never`          | `lost` / `adapter-loss`                 | `source-failed`   | configure → wait-for-adapter    | none                                                                                                                                                                                                                                                                                                                                                                                                                                                                                                                                                                                                                                                                                                                                                              |
    + | `connect-not-established`: The platform could not establish the link (Android GATT 133/62/147, CoreBluetooth connectionFailed/connectionTimeout, WinRT Unreachable, BlueZ Failed/ConnectionAttemptFailed, Web NetworkError). Nothing was committed; the library never retries it itself.                                                                                                                                                                                                                                                                                                                                                                                                                                                                                                                                                                                                                                                                      | `connection.failed`      | `caller-decides` | —                                       | —                 | connect → reconnect             | none                                                                                                                                                                                                                                                                                                                                                                                                                                                                                                                                                                                                                                                                                                                                                              |
    + | `connect-deadline-expired`: The dispatched connect deadline expired before any link came up: the peer did not answer the attempt within the bound. The controller giving up (Android GATT 133/62/147) is the same physical event under another observation — CoreBluetooth never fails a pending connect on its own, nor do btleplug and Web report the expiry, so the deadline is their only answer. Nothing was committed; the library never retries it itself. A caller-supplied AbortSignal abort stays `operation.aborted`. The deadline fact rides in the error platform detail.                                                                                                                                                                                                                                                                                                                                                                        | `connection.failed`      | `caller-decides` | —                                       | —                 | connect → reconnect             | none                                                                                                                                                                                                                                                                                                                                                                                                                                                                                                                                                                                                                                                                                                                                                              |
    + | `peer-not-found`: The peer was never observed (or chosen, on Web), so there is nothing to connect to.                                                                                                                                                                                                                                                                                                                                                                                                                                                                                                                                                                                                                                                                                                                                                                                                                                                         | `peer.not-found`         | `never`          | —                                       | —                 | connect → stop                  | none                                                                                                                                                                                                                                                                                                                                                                                                                                                                                                                                                                                                                                                                                                                                                              |
    + | `security-refused`: The peer refused an operation for lack of authentication, authorization or encryption (ATT 0x05/0x08/0x0C/0x0F, Android 137, CoreBluetooth peerRemovedPairingInformation/encryptionTimedOut, BlueZ NotAuthorized/"Not paired", Web SecurityError). Recovery: pair or repair.                                                                                                                                                                                                                                                                                                                                                                                                                                                                                                                                                                                                                                                              | `platform.security`      | `never`          | —                                       | —                 | configure → stop                | none                                                                                                                                                                                                                                                                                                                                                                                                                                                                                                                                                                                                                                                                                                                                                              |
    + | `operation-timed-out`: The operation's deadline expired before the platform answered — except a dispatched connect, whose deadline expiring before any link came up is `connect-deadline-expired` (one name for the peer not answering).                                                                                                                                                                                                                                                                                                                                                                                                                                                                                                                                                                                                                                                                                                                      | `operation.timed-out`    | `caller-decides` | —                                       | —                 | configure → stop                | none                                                                                                                                                                                                                                                                                                                                                                                                                                                                                                                                                                                                                                                                                                                                                              |
    + | `operation-cancelled`: The caller aborted the operation before the platform answered.                                                                                                                                                                                                                                                                                                                                                                                                                                                                                                                                                                                                                                                                                                                                                                                                                                                                         | `operation.aborted`      | `caller-decides` | —                                       | —                 | configure → stop                | none                                                                                                                                                                                                                                                                                                                                                                                                                                                                                                                                                                                                                                                                                                                                                              |
    + | `restoration-received`: The OS handed back known peers after the app was gone: iOS relaunched the app on a BLE event and delivered restored peripherals through `willRestoreState`; Android woke the process through Companion Device Manager device presence (API 31+) for an armed associated peer. Both phones report `restoration-received` and list the peer under `peers.restored`; a restored record does not prove that a link is live. Reconnect remains app-controlled: Android may call public `connect` with Android `when-available`; iOS may call `connect` with `when-available` for a known restored `PeerReference`, which keeps the CoreBluetooth connect outstanding until that peripheral is available. That pending connect is not automatic post-loss reconnection. After a connection succeeds, the app replays subscriptions through `subscribe`. Presence observation below API 31 has no wake; it reports `capability.unsupported`. | —                        | —                | —                                       | —                 | restore → stop                  | desktop-macos: — macOS has no OS restoration journal for a terminated app and no presence wake; the event never fires and presence observation reports `capability.unsupported` with a reason.<br>desktop-windows: — Windows has no OS restoration journal for a terminated app and no presence wake; the event never fires and presence observation reports `capability.unsupported` with a reason.<br>desktop-linux: — Linux has no OS restoration journal for a terminated app and no presence wake; the event never fires and presence observation reports `capability.unsupported` with a reason.<br>web: — Web Bluetooth has no background relaunch or presence wake; the event never fires and restoration reports `capability.unsupported` with a reason. |
    +
      <!-- EVENT-VOCABULARY:END -->

      43 |     }
      44 |     expect(start).toBeGreaterThanOrEqual(0)
    > 45 |     expect(doc.slice(start, end + END.length)).toBe(docBlock())
         |                                                ^
      46 |   })
      47 |
      48 |   test('the Rust mapping tests read the same table', () => {

      at Object.toBe (__tests__/event-vocabulary.test.js:45:48)


Test Suites: 5 failed, 425 passed, 430 total
Tests:       13 failed, 5420 passed, 5433 total
Snapshots:   0 total
Time:        138.111 s
Ran all test suites.
 ELIFECYCLE  Command failed with exit code 1.
