$ logcat after bonded
[exit=0]
--------- beginning of system
W/ActivityTaskManager(  537): callingPackage for (uid=2000, pid=5332) has no WPC
D/CompatibilityChangeReporter(  537): Compat change id reported: 265464455; UID 10196; state: DISABLED
D/CompatibilityChangeReporter(  537): Compat change id reported: 265452344; UID 10196; state: DISABLED
D/CompatibilityChangeReporter(  537): Compat change id reported: 266124927; UID 10196; state: DISABLED
D/CompatibilityChangeReporter(  537): Compat change id reported: 265451093; UID 10196; state: DISABLED
D/CompatibilityChangeReporter(  537): Compat change id reported: 265456536; UID 10196; state: DISABLED
D/CompatibilityChangeReporter(  537): Compat change id reported: 255940284; UID 10196; state: DISABLED
D/CompatibilityChangeReporter(  537): Compat change id reported: 236283604; UID 10196; state: DISABLED
D/CompatibilityChangeReporter(  537): Compat change id reported: 263959004; UID 10196; state: DISABLED
D/CompatibilityChangeReporter(  537): Compat change id reported: 264304459; UID 10196; state: DISABLED
D/CompatibilityChangeReporter(  537): Compat change id reported: 264301586; UID 10196; state: DISABLED
D/CompatibilityChangeReporter(  537): Compat change id reported: 254631730; UID 10196; state: DISABLED
D/CompatibilityChangeReporter(  537): Compat change id reported: 273509367; UID 10196; state: DISABLED
D/CompatibilityChangeReporter(  537): Compat change id reported: 263259275; UID 10196; state: DISABLED
D/CompatibilityChangeReporter(  537): Compat change id reported: 174042980; UID 10196; state: DISABLED
D/CompatibilityChangeReporter(  537): Compat change id reported: 174042936; UID 10196; state: DISABLED
D/CompatibilityChangeReporter(  537): Compat change id reported: 181136395; UID 10196; state: DISABLED
D/CompatibilityChangeReporter(  537): Compat change id reported: 194480991; UID 10196; state: ENABLED
D/CompatibilityChangeReporter(  537): Compat change id reported: 184838306; UID 10196; state: DISABLED
D/CompatibilityChangeReporter(  537): Compat change id reported: 185004937; UID 10196; state: DISABLED
D/CompatibilityChangeReporter(  537): Compat change id reported: 205907456; UID 10196; state: ENABLED
I/ActivityTaskManager(  537): START u0 {flg=0x10000000 cmp=com.ubmprobe/.MainActivity} with LAUNCH_SINGLE_TASK from uid 2000 (BAL_ALLOW_PERMISSION) result code=0
D/CompatibilityChangeReporter(  537): Compat change id reported: 168419799; UID 10196; state: DISABLED
D/CompatibilityChangeReporter(  537): Compat change id reported: 273564678; UID 10196; state: DISABLED
V/WindowManagerShell(  749): Transition requested: android.os.BinderProxy@880a79d TransitionRequestInfo { type = OPEN, triggerTask = TaskInfo{userId=0 taskId=21 displayId=0 isRunning=true baseIntent=Intent { flg=0x10000000 cmp=com.ubmprobe/.MainActivity } baseActivity=ComponentInfo{com.ubmprobe/com.ubmprobe.MainActivity} topActivity=ComponentInfo{com.ubmprobe/com.ubmprobe.MainActivity} origActivity=null realActivity=ComponentInfo{com.ubmprobe/com.ubmprobe.MainActivity} numActivities=1 lastActiveTime=597115 supportsMultiWindow=true resizeMode=1 isResizeable=true minWidth=-1 minHeight=-1 defaultMinSize=220 token=WCT{android.window.IWindowContainerToken$Stub$Proxy@2476412} topActivityType=1 pictureInPictureParams=null shouldDockBigOverlays=false launchIntoPipHostTaskId=-1 lastParentTaskIdBeforePip=-1 displayCutoutSafeInsets=null topActivityInfo=ActivityInfo{cf47e3 com.ubmprobe.MainActivity} launchCookies=[] positionInParent=Point(0, 0) parentTaskId=-1 isFocused=false isVisible=false isVisibleRequested=false isSleeping=false topActivityInSizeCompat=false topActivityEligibleForLetterboxEducation= false topActivityLetterboxed= false isFromDoubleTap= false topActivityLetterboxVerticalPosition= -1 topActivityLetterboxHorizontalPosition= -1 topActivityLetterboxWidth=-1 topActivityLetterboxHeight=-1 locusId=null displayAreaFeatureId=1 cameraCompatControlState=hidden}, remoteTransition = null, displayChange = null }
D/CompatibilityChangeReporter(  537): Compat change id reported: 135634846; UID 10196; state: DISABLED
D/CompatibilityChangeReporter(  537): Compat change id reported: 143937733; UID 10196; state: ENABLED
--------- beginning of main
D/SplashScreenView(  749): Build android.window.SplashScreenView{c33af5e V.E...... ......ID 0,0-0,0}
D/SplashScreenView(  749): Icon: view: android.widget.ImageView{2247f3f V.ED..... ......I. 0,0-0,0 #10204f0 android:id/splashscreen_icon_view} drawable: com.android.wm.shell.startingsurface.SplashscreenIconDrawableFactory$ImmobileIconDrawable@209900c size: 420
D/SplashScreenView(  749): Branding: view: android.view.View{d3e2d55 G.ED..... ......I. 0,0-0,0 #10204ef android:id/splashscreen_branding_view} drawable: null size w: 0 h: 0
D/CompatibilityChangeReporter(  537): Compat change id reported: 265195908; UID 10196; state: ENABLED
D/CoreBackPreview(  537): Window{7044d4a u0 Splash Screen com.ubmprobe}: Setting back callback OnBackInvokedCallbackInfo{mCallback=android.window.IOnBackInvokedCallback$Stub$Proxy@2f32531, mPriority=0, mIsAnimationCallback=false}
D/Zygote  (  356): Forked child process 5335
I/ActivityManager(  537): Start proc 5335:com.ubmprobe/u0a196 for next-top-activity {com.ubmprobe/com.ubmprobe.MainActivity}
I/BpBinder(  413): onLastStrongRef automatically unlinking death recipients: 
I/com.ubmprobe( 5335): Late-enabling -Xcheck:jni
V/WindowManager(  537): Sent Transition #18 createdAt=09-17 16:27:51.985 via request=TransitionRequestInfo { type = OPEN, triggerTask = TaskInfo{userId=0 taskId=21 displayId=0 isRunning=true baseIntent=Intent { flg=0x10000000 cmp=com.ubmprobe/.MainActivity } baseActivity=ComponentInfo{com.ubmprobe/com.ubmprobe.MainActivity} topActivity=ComponentInfo{com.ubmprobe/com.ubmprobe.MainActivity} origActivity=null realActivity=ComponentInfo{com.ubmprobe/com.ubmprobe.MainActivity} numActivities=1 lastActiveTime=597115 supportsMultiWindow=true resizeMode=1 isResizeable=true minWidth=-1 minHeight=-1 defaultMinSize=220 token=WCT{RemoteToken{b5df033 Task{47fcd9f #21 type=standard A=10196:com.ubmprobe}}} topActivityType=1 pictureInPictureParams=null shouldDockBigOverlays=false launchIntoPipHostTaskId=-1 lastParentTaskIdBeforePip=-1 displayCutoutSafeInsets=null topActivityInfo=ActivityInfo{a0fff0 com.ubmprobe.MainActivity} launchCookies=[] positionInParent=Point(0, 0) parentTaskId=-1 isFocused=false isVisible=false isVisibleRequested=false isSleeping=false topActivityInSizeCompat=false topActivityEligibleForLetterboxEducation= false topActivityLetterboxed= false isFromDoubleTap= false topActivityLetterboxVerticalPosition= -1 topActivityLetterboxHorizontalPosition= -1 topActivityLetterboxWidth=-1 topActivityLetterboxHeight=-1 locusId=null displayAreaFeatureId=1 cameraCompatControlState=hidden}, remoteTransition = null, displayChange = null }
V/WindowManager(  537):     startWCT=WindowContainerTransaction { changes = {} hops = [] errorCallbackToken=null taskFragmentOrganizer=null }
V/WindowManager(  537):     info={id=18 t=OPEN f=0x0 trk=0 r=[0@Point(0, 0)] c=[{WCT{RemoteToken{b5df033 Task{47fcd9f #21 type=standard A=10196:com.ubmprobe}}} m=OPEN f=NONE leash=Surface(name=Task=21)/@0x8f7d197 sb=Rect(0, 0 - 1080, 1920) eb=Rect(0, 0 - 1080, 1920) d=0},{WCT{RemoteToken{ce8741b Task{5ab74cf #1 type=home}}} m=TO_BACK f=SHOW_WALLPAPER leash=Surface(name=Task=1)/@0xdf80a45 sb=Rect(0, 0 - 1080, 1920) eb=Rect(0, 0 - 1080, 1920) d=0}]}
V/WindowManagerShell(  749): onTransitionReady android.os.BinderProxy@880a79d: {id=18 t=OPEN f=0x0 trk=0 r=[0@Point(0, 0)] c=[{WCT{android.window.IWindowContainerToken$Stub$Proxy@2cf5c2} m=OPEN f=NONE leash=Surface(name=Task=21)/@0x90d1737 sb=Rect(0, 0 - 1080, 1920) eb=Rect(0, 0 - 1080, 1920) d=0},{WCT{android.window.IWindowContainerToken$Stub$Proxy@c11efd3} m=TO_BACK f=SHOW_WALLPAPER leash=Surface(name=Task=1)/@0x32fd4a4 sb=Rect(0, 0 - 1080, 1920) eb=Rect(0, 0 - 1080, 1920) d=0}]}
V/WindowManagerShell(  749): Playing animation for (#18)android.os.BinderProxy@880a79d@0
V/WindowManagerShell(  749):  try handler com.android.wm.shell.transition.DefaultMixedHandler@c1bbb0b
V/WindowManagerShell(  749):  try handler com.android.wm.shell.keyguard.KeyguardTransitionHandler@4e2de8
V/WindowManagerShell(  749):  try handler com.android.wm.shell.activityembedding.ActivityEmbeddingController@cb66c01
V/WindowManagerShell(  749):  try handler com.android.wm.shell.recents.RecentsTransitionHandler@85a7aa6
V/ShellRecents(  749): RecentsTransitionHandler.startAnimation: no controller found
V/WindowManagerShell(  749):  try handler com.android.wm.shell.pip.PipTransition@248fce7
V/WindowManagerShell(  749):  try handler com.android.wm.shell.splitscreen.StageCoordinator@7cc4094
V/WindowManagerShell(  749):  try handler com.android.wm.shell.transition.RemoteTransitionHandler@41cc73d
V/WindowManagerShell(  749): Transition doesn't have explicit remote, search filters for match for {id=18 t=OPEN f=0x0 trk=0 r=[0@Point(0, 0)] c=[{WCT{android.window.IWindowContainerToken$Stub$Proxy@2cf5c2} m=OPEN f=NONE leash=Surface(name=Task=21)/@0x90d1737 sb=Rect(0, 0 - 1080, 1920) eb=Rect(0, 0 - 1080, 1920) d=0},{WCT{android.window.IWindowContainerToken$Stub$Proxy@c11efd3} m=TO_BACK f=SHOW_WALLPAPER leash=Surface(name=Task=1)/@0x32fd4a4 sb=Rect(0, 0 - 1080, 1920) eb=Rect(0, 0 - 1080, 1920) d=0}]}
V/WindowManagerShell(  749):  Checking filter Pair{{types=[] flags=0x0] notFlags=0x0 checks=[{atype=dream independent=true modes=[OPEN,TO_FRONT] flags=NONE mustBeTask=false order=ANY topActivity=null},{atype=home independent=true modes=[CLOSE,TO_BACK] flags=NONE mustBeTask=false order=ANY topActivity=null}]} RemoteTransition { remoteTransition = android.window.IRemoteTransition$Stub$Proxy@90d18e6, appThread = android.app.IApplicationThread$Stub$Proxy@dde27, debugName = LauncherToDream }}
V/WindowManagerShell(  749):  Checking filter Pair{{types=[] flags=0x0] notFlags=0x100 checks=[{atype=home independent=true modes=[OPEN,TO_FRONT] flags=NONE mustBeTask=false order=TOP topActivity=ComponentInfo{com.google.android.apps.nexuslauncher/com.google.android.apps.nexuslauncher.NexusLauncherActivity}},{atype=standard independent=true modes=[CLOSE,TO_BACK] flags=NONE mustBeTask=false order=ANY topActivity=null}]} RemoteTransition { remoteTransition = android.window.IRemoteTransition$Stub$Proxy@8c1a8d4, appThread = android.app.IApplicationThread$Stub$Proxy@3ddaa7d, debugName = QuickstepLaunchHome }}
V/WindowManagerShell(  749):  Delegate animation for #18 to null
V/WindowManagerShell(  749):  try handler com.android.wm.shell.transition.DefaultTransitionHandler@cec387e
V/WindowManagerShell(  749): start default transition animation, info = {id=18 t=OPEN f=0x0 trk=0 r=[0@Point(0, 0)] c=[{WCT{android.window.IWindowContainerToken$Stub$Proxy@2cf5c2} m=OPEN f=NONE leash=Surface(name=Task=21)/@0x90d1737 sb=Rect(0, 0 - 1080, 1920) eb=Rect(0, 0 - 1080, 1920) d=0},{WCT{android.window.IWindowContainerToken$Stub$Proxy@c11efd3} m=TO_BACK f=SHOW_WALLPAPER leash=Surface(name=Task=1)/@0x32fd4a4 sb=Rect(0, 0 - 1080, 1920) eb=Rect(0, 0 - 1080, 1920) d=0}]}
V/WindowManagerShell(  749): loadAnimation: anim=android.view.animation.AnimationSet@e17143c animAttr=0x13 type=OPEN isEntrance=false
V/WindowManagerShell(  749): loadAnimation: anim=android.view.animation.AnimationSet@a5f3828 animAttr=0x12 type=OPEN isEntrance=true
V/WindowManagerShell(  749):  animated by com.android.wm.shell.transition.DefaultTransitionHandler@cec387e
D/EGL_emulation( 1281): app_time_stats: avg=257.60ms min=13.95ms max=1928.39ms count=8
I/com.ubmprobe( 5335): Using CollectorTypeCC GC.
W/com.ubmprobe( 5335): Unexpected CPU variant for x86: x86_64.
W/com.ubmprobe( 5335): Known variants: atom, sandybridge, silvermont, goldmont, goldmont-plus, tremont, kabylake, default
D/EGL_emulation(  749): app_time_stats: avg=10506.30ms min=10506.30ms max=10506.30ms count=1
I/adbd    (  436): jdwp connection from 5335
D/CompatibilityChangeReporter( 5335): Compat change id reported: 171979766; UID 10196; state: ENABLED
D/CompatibilityChangeReporter( 5335): Compat change id reported: 242716250; UID 10196; state: ENABLED
D/CompatibilityChangeReporter(  537): Compat change id reported: 170503758; UID 10196; state: ENABLED
D/ApplicationLoaders( 5335): Returning zygote-cached class loader: /system_ext/framework/androidx.window.extensions.jar
D/ApplicationLoaders( 5335): Returning zygote-cached class loader: /system_ext/framework/androidx.window.sidecar.jar
W/ziparchive( 5335): Unable to open '/data/app/~~lgztls_FEgpxGC91z4vIsQ==/com.ubmprobe-bLTFeWMKNR5a5jxS6DUsPg==/base.dm': No such file or directory
W/ziparchive( 5335): Unable to open '/data/app/~~lgztls_FEgpxGC91z4vIsQ==/com.ubmprobe-bLTFeWMKNR5a5jxS6DUsPg==/base.dm': No such file or directory
D/nativeloader( 5335): Configuring clns-6 for other apk /data/app/~~lgztls_FEgpxGC91z4vIsQ==/com.ubmprobe-bLTFeWMKNR5a5jxS6DUsPg==/base.apk. target_sdk_version=36, uses_libraries=, library_path=/data/app/~~lgztls_FEgpxGC91z4vIsQ==/com.ubmprobe-bLTFeWMKNR5a5jxS6DUsPg==/lib/x86_64:/data/app/~~lgztls_FEgpxGC91z4vIsQ==/com.ubmprobe-bLTFeWMKNR5a5jxS6DUsPg==/base.apk!/lib/x86_64, permitted_path=/data:/mnt/expand:/data/user/0/com.ubmprobe
V/GraphicsEnvironment( 5335): Currently set values for:
V/GraphicsEnvironment( 5335):   angle_gl_driver_selection_pkgs=[]
V/GraphicsEnvironment( 5335):   angle_gl_driver_selection_values=[]
V/GraphicsEnvironment( 5335): ANGLE GameManagerService for com.ubmprobe: false
V/GraphicsEnvironment( 5335): com.ubmprobe is not listed in per-application setting
V/GraphicsEnvironment( 5335): Neither updatable production driver nor prerelease driver is supported.
W/SoLoader( 5335): Initializing SoLoader: 0
W/SoLoader( 5335): Recording new base apk path: /data/app/~~lgztls_FEgpxGC91z4vIsQ==/com.ubmprobe-bLTFeWMKNR5a5jxS6DUsPg==/base.apk
W/SoLoader( 5335): Previously recorded 0 base apk paths.
I/SoLoader( 5335): Preparing SO source: DirectorySoSource[root = /vendor/lib64 flags = 2]
I/SoLoader( 5335): Preparing SO source: DirectorySoSource[root = /system/lib64 flags = 2]
I/SoLoader( 5335): Preparing SO source: DirectApkSoSource[root = [/data/app/~~lgztls_FEgpxGC91z4vIsQ==/com.ubmprobe-bLTFeWMKNR5a5jxS6DUsPg==/base.apk!/lib/x86_64]]
I/SoLoader( 5335): Preparing SO source: ApplicationSoSource[DirectorySoSource[root = /data/app/~~lgztls_FEgpxGC91z4vIsQ==/com.ubmprobe-bLTFeWMKNR5a5jxS6DUsPg==/lib/x86_64 flags = 0]]
I/SoLoader( 5335): init finish: 4 SO sources prepared
W/SoLoader( 5335): SoLoader initialized: 8
V/WindowManagerShell(  749): Transition animation finished (aborted=false), notifying core (#18)android.os.BinderProxy@880a79d@0
V/WindowManager(  537): Finish Transition #18: created at 09-17 16:27:51.985 collect-started=0.023ms request-sent=3.268ms started=5.397ms ready=38.99ms sent=40.171ms finished=329.078ms
V/WindowManagerShell(  749): Track 0 became idle
V/WindowManagerShell(  749): All active transition animations finished
D/EGL_emulation(  749): app_time_stats: avg=111.83ms min=16.73ms max=617.08ms count=11
D/jni_lib_merge( 5335): Entering merged library JNI_OnLoad.
D/jni_lib_merge( 5335): Preparing 13 pre-merged libs (including stub)
D/jni_lib_merge( 5335): Preparing to register libfabricjni_so.  onload_func: 0x70fd65c89530
D/jni_lib_merge( 5335): Preparing to register libreact_devsupportjni_so.  onload_func: 0x70fd65ed5110
D/jni_lib_merge( 5335): Preparing to register libreact_featureflagsjni_so.  onload_func: 0x70fd65ee79a0
D/jni_lib_merge( 5335): Preparing to register libreact_newarchdefaults_so.  onload_func: 0x70fd65f90560
D/jni_lib_merge( 5335): Preparing to register libreact_tracingjni_so.  onload_func: 0x70fd66292bb0
D/jni_lib_merge( 5335): Preparing to register libreactnativeblob_so.  onload_func: 0x70fd662a5b00
D/jni_lib_merge( 5335): Preparing to register libreactnativejni_so.  onload_func: 0x70fd662c8d70
D/jni_lib_merge( 5335): Preparing to register libreactnativejni_common_so.  onload_func: 0x70fd662ce860
D/jni_lib_merge( 5335): Preparing to register librninstance_so.  onload_func: 0x70fd6634b590
D/jni_lib_merge( 5335): Preparing to register libturbomodulejsijni_so.  onload_func: 0x70fd664ae3b0
D/jni_lib_merge( 5335): Preparing to register libuimanagerjni_so.  onload_func: 0x70fd664c4780
D/jni_lib_merge( 5335): Preparing to register libyoga_so.  onload_func: 0x70fd664d3780
D/jni_lib_merge( 5335): About to register 12 actual methods.
I/ActivityManager(  537): Flag disabled. Ignoring finishAttachApplication from uid: 10196. pid: 5335
D/libEGL  ( 5335): loaded /vendor/lib64/egl/libEGL_emulation.so
D/libEGL  ( 5335): loaded /vendor/lib64/egl/libGLESv1_CM_emulation.so
D/libEGL  ( 5335): loaded /vendor/lib64/egl/libGLESv2_emulation.so
D/AppCompatDelegate( 5335): Checking for metadata for AppLocalesMetadataHolderService : Service not found
D/jni_lib_merge( 5335): Entering merged library JNI_OnLoad.
D/jni_lib_merge( 5335): Preparing 4 pre-merged libs (including stub)
D/jni_lib_merge( 5335): Preparing to register libhermes_executor_so.  onload_func: 0x70fd6bac06e0
D/jni_lib_merge( 5335): Preparing to register libhermesinstancejni_so.  onload_func: 0x70fd6baecb60
D/jni_lib_merge( 5335): Preparing to register libjsijniprofiler_so.  onload_func: 0x70fd6baee900
D/jni_lib_merge( 5335): About to register 3 actual methods.
D/CompatibilityChangeReporter(  537): Compat change id reported: 161145287; UID 10196; state: ENABLED
D/TrafficStats( 5335): tagSocket(79) with statsTag=0xffffffff, statsUid=-1
W/unknown:BridgelessReact( 5335): ReactHost{0}.startSurface(surfaceId = 0): Schedule
W/unknown:BridgelessReact( 5335): ReactHost{0}.attachSurface(surfaceId = 0)
W/unknown:BridgelessReact( 5335): ReactHost{0}.getOrCreateReactInstanceTask()
W/unknown:BridgelessReact( 5335): ReactHost{0}.getOrCreateReactInstanceTask(): Start
W/unknown:BridgelessReact( 5335): ReactHost{0}.getJSBundleLoader()
W/unknown:BridgelessReact( 5335): ReactHost{0}.isMetroRunning()
D/TrafficStats( 5335): tagSocket(81) with statsTag=0xffffffff, statsUid=-1
W/com.ubmprobe( 5335): Accessing hidden method Landroid/view/ViewGroup;->makeOptionalFitsSystemWindows()V (unsupported, reflection, allowed)
W/unknown:BridgelessReact( 5335): ReactHost{0}.onHostResume(activity)
W/unknown:ReactNative( 5335): Packager connection already open, nooping.
D/CompatibilityChangeReporter( 5335): Compat change id reported: 237531167; UID 10196; state: DISABLED
W/OpenGLRenderer( 5335): Unknown dataspace 0
D/CoreBackPreview(  537): Window{259b09e u0 com.ubmprobe/com.ubmprobe.MainActivity}: Setting back callback OnBackInvokedCallbackInfo{mCallback=android.window.IOnBackInvokedCallback$Stub$Proxy@b480f95, mPriority=0, mIsAnimationCallback=false}
W/OpenGLRenderer( 5335): Failed to initialize 101010-2 format, error = EGL_SUCCESS
I/hwservicemanager(  162): getTransport: Cannot find entry android.hardware.graphics.mapper@4.0::IMapper/default in either framework or device VINTF manifest.
I/Gralloc4( 5335): mapper 4.x is not supported
--------- beginning of kernel
I/servicemanager(    0): Could not find android.hardware.graphics.allocator.IAllocator/default in the VINTF manifest.
W/ziparchive(  537): Unable to open '/data/app/~~lgztls_FEgpxGC91z4vIsQ==/com.ubmprobe-bLTFeWMKNR5a5jxS6DUsPg==/base.dm': No such file or directory
I/ActivityTaskManager(  537): Displayed com.ubmprobe/.MainActivity for user 0: +742ms
D/OneSearchSuggestProvider( 1281): Shut down the binder channel
I/IPCThreadState( 1281): oneway function results for code 2 on binder at 0x70ff237dc990 will be dropped but finished with status UNKNOWN_TRANSACTION
I/ImeTracker( 1281): com.google.android.apps.nexuslauncher:4df47a28: onRequestHide at ORIGIN_CLIENT_HIDE_SOFT_INPUT reason HIDE_SOFT_INPUT
I/ImeTracker(  537): com.google.android.apps.nexuslauncher:4df47a28: onCancelled at PHASE_SERVER_SHOULD_HIDE
W/unknown:BridgelessReact( 5335): ReactHost{0}.raiseSoftException(onWindowFocusChange(hasFocus = "true")): Tried to access onWindowFocusChange while context is not ready
E/unknown:ReactHost( 5335): Unhandled SoftException
E/unknown:ReactHost( 5335): com.facebook.react.bridge.ReactNoCrashSoftException: raiseSoftException(onWindowFocusChange(hasFocus = "true")): Tried to access onWindowFocusChange while context is not ready
E/unknown:ReactHost( 5335): 	at com.facebook.react.runtime.ReactHostImpl.raiseSoftException(ReactHostImpl.kt:919)
E/unknown:ReactHost( 5335): 	at com.facebook.react.runtime.ReactHostImpl.raiseSoftException$default(ReactHostImpl.kt:910)
E/unknown:ReactHost( 5335): 	at com.facebook.react.runtime.ReactHostImpl.onWindowFocusChange(ReactHostImpl.kt:682)
E/unknown:ReactHost( 5335): 	at com.facebook.react.ReactDelegate.onWindowFocusChanged(ReactDelegate.kt:229)
E/unknown:ReactHost( 5335): 	at com.facebook.react.ReactActivityDelegate.onWindowFocusChanged(ReactActivityDelegate.java:235)
E/unknown:ReactHost( 5335): 	at com.facebook.react.ReactActivity.onWindowFocusChanged(ReactActivity.java:161)
E/unknown:ReactHost( 5335): 	at androidx.appcompat.view.WindowCallbackWrapper.onWindowFocusChanged(WindowCallbackWrapper.java:124)
E/unknown:ReactHost( 5335): 	at com.android.internal.policy.DecorView.onWindowFocusChanged(DecorView.java:1788)
E/unknown:ReactHost( 5335): 	at android.view.View.dispatchWindowFocusChanged(View.java:15933)
E/unknown:ReactHost( 5335): 	at android.view.ViewGroup.dispatchWindowFocusChanged(ViewGroup.java:1509)
E/unknown:ReactHost( 5335): 	at android.view.ViewRootImpl.dispatchFocusEvent(ViewRootImpl.java:4059)
E/unknown:ReactHost( 5335): 	at android.view.ViewRootImpl.handleWindowFocusChanged(ViewRootImpl.java:3963)
E/unknown:ReactHost( 5335): 	at android.view.ViewRootImpl.-$$Nest$mhandleWindowFocusChanged(Unknown Source:0)
E/unknown:ReactHost( 5335): 	at android.view.ViewRootImpl$ViewRootHandler.handleMessageImpl(ViewRootImpl.java:5954)
E/unknown:ReactHost( 5335): 	at android.view.ViewRootImpl$ViewRootHandler.handleMessage(ViewRootImpl.java:5862)
E/unknown:ReactHost( 5335): 	at android.os.Handler.dispatchMessage(Handler.java:106)
E/unknown:ReactHost( 5335): 	at android.os.Looper.loopOnce(Looper.java:205)
E/unknown:ReactHost( 5335): 	at android.os.Looper.loop(Looper.java:294)
E/unknown:ReactHost( 5335): 	at android.app.ActivityThread.main(ActivityThread.java:8177)
E/unknown:ReactHost( 5335): 	at java.lang.reflect.Method.invoke(Native Method)
E/unknown:ReactHost( 5335): 	at com.android.internal.os.RuntimeInit$MethodAndArgsCaller.run(RuntimeInit.java:552)
E/unknown:ReactHost( 5335): 	at com.android.internal.os.ZygoteInit.main(ZygoteInit.java:971)
D/CompatibilityChangeReporter(  537): Compat change id reported: 214016041; UID 10196; state: ENABLED
I/ImeTracker(  537): com.ubmprobe:39c3c642: onRequestHide at ORIGIN_SERVER_HIDE_INPUT reason HIDE_UNSPECIFIED_WINDOW
I/ImeTracker(  537): com.ubmprobe:39c3c642: onCancelled at PHASE_SERVER_SHOULD_HIDE
D/BtGatt.ScanManager(  864): uid 10128 isForeground true scanMode -1
I/GoogleInputMethodService( 1416): GoogleInputMethodService.onFinishInput():3227 
I/GoogleInputMethodService( 1416): GoogleInputMethodService.updateDeviceLockedStatus():2087 repeatCheckTimes = 0, unlocked = true
I/GoogleInputMethodService( 1416): GoogleInputMethodService.onStartInput():1877 onStartInput(EditorInfo{inputType=0x0(NULL) imeOptions=0x0 privateImeOptions=null actionName=UNSPECIFIED actionLabel=null actionId=0 initialSelStart=-1 initialSelEnd=-1 initialCapsMode=0x0 hintText=null label=null packageName=com.ubmprobe fieldId=0 fieldName=null extras=null}, false)
I/GoogleInputMethodService( 1416): GoogleInputMethodService.shouldHideHeaderOnInitialState():4008 ShouldHideHeaderOnInitialState = false
I/GoogleInputMethodService( 1416): GoogleInputMethodService.updateDeviceLockedStatus():2087 repeatCheckTimes = 2, unlocked = true
D/BtGatt.ScanManager(  864): uid 10128 isForeground true scanMode -1
I/FontLog ( 1150): Received query Noto Color Emoji Compat, URI content://com.google.android.gms.fonts [CONTEXT service_id=132 ]
I/FontLog ( 1150): Query [emojicompat-emoji-font] resolved to {Noto Color Emoji Compat, wdth 100.0, wght 400, ital 0.0, bestEffort false} [CONTEXT service_id=132 ]
I/FontLog ( 1150): Fetch {Noto Color Emoji Compat, wdth 100.0, wght 400, ital 0.0, bestEffort false} end status Status{statusCode=SUCCESS, resolution=null} [CONTEXT service_id=132 ]
I/FontLog ( 1150): Pulling font file for id = 15, cache size = 6 [CONTEXT service_id=132 ]
I/FontLog ( 1150): Pulling font file for id = 15, cache size = 6 [CONTEXT service_id=132 ]
W/WindowOnBackDispatcher(  749): sendCancelIfRunning: isInProgress=falsecallback=android.view.ViewRootImpl$$ExternalSyntheticLambda17@a07636a
W/InputManager-JNI(  537): Input channel object '7044d4a Splash Screen com.ubmprobe (client)' was disposed without first being removed with the input manager!
D/CoreBackPreview(  537): Window{7044d4a u0 Splash Screen com.ubmprobe EXITING}: Setting back callback null
D/EGL_emulation(  749): app_time_stats: avg=16.80ms min=0.59ms max=50.79ms count=54
W/unknown:BridgelessReact( 5335): ReactHost{0}.isMetroRunning(): Async result = true
W/unknown:BridgelessReact( 5335): ReactHost{0}.loadJSBundleFromMetro()
D/CompatibilityChangeReporter( 5335): Compat change id reported: 210923482; UID 10196; state: ENABLED
D/CoreBackPreview(  537): Window{7119803 u0 PopupWindow:29f2c9e}: Setting back callback OnBackInvokedCallbackInfo{mCallback=android.window.IOnBackInvokedCallback$Stub$Proxy@76b3db9, mPriority=0, mIsAnimationCallback=false}
W/WindowOnBackDispatcher( 5335): sendCancelIfRunning: isInProgress=falsecallback=android.view.ViewRootImpl$$ExternalSyntheticLambda17@b82a89b
W/unknown:BridgelessReact( 5335): ReactHost{0}.loadJSBundleFromMetro(): Creating BundleLoader
D/CoreBackPreview(  537): Window{7119803 u0 PopupWindow:29f2c9e}: Setting back callback null
W/unknown:BridgelessReact( 5335): ReactHost{0}.getOrCreateReactInstanceTask(): Creating BridgelessReactContext
W/InputManager-JNI(  537): Input channel object '7119803 PopupWindow:29f2c9e (client)' was disposed without first being removed with the input manager!
W/unknown:BridgelessReact( 5335): ReactHost{0}.getOrCreateReactInstanceTask(): Creating ReactInstance
D/TrafficStats( 5335): tagSocket(104) with statsTag=0xffffffff, statsUid=-1
W/unknown:BridgelessReact( 5335): ReactHost{0}.getOrCreateReactInstanceTask(): Loading JS Bundle
W/unknown:BridgelessReact( 5335): ReactHost{0}.getOrCreateReactInstanceTask(): DevSupportManager.onNewReactContextCreated()
W/unknown:ReactNative( 5335): Packager connection already open, nooping.
W/unknown:BridgelessReact( 5335): ReactHost{0}.startSurface(surfaceId = 0): Execute
W/unknown:BridgelessReact( 5335): ReactHost{0}.ReactContext.onHostResume()
W/unknown:BridgelessReact( 5335): ReactHost{0}.getOrCreateReactInstanceTask(): Executing ReactInstanceEventListeners
I/WebViewFactory( 5335): Loading com.google.android.webview version 113.0.5672.136 (code 567263637)
W/ziparchive( 5335): Unable to open '/data/app/~~bUmJ5FC0feGZjAMnkSYJmg==/com.google.android.trichromelibrary_567263637-u7uBci3WP44XNugmNcd9bQ==/TrichromeLibrary.dm': No such file or directory
W/ziparchive( 5335): Unable to open '/data/app/~~bUmJ5FC0feGZjAMnkSYJmg==/com.google.android.trichromelibrary_567263637-u7uBci3WP44XNugmNcd9bQ==/TrichromeLibrary.dm': No such file or directory
W/com.ubmprobe( 5335): Entry not found
D/nativeloader( 5335): Configuring clns-7 for other apk /data/app/~~bUmJ5FC0feGZjAMnkSYJmg==/com.google.android.trichromelibrary_567263637-u7uBci3WP44XNugmNcd9bQ==/TrichromeLibrary.apk. target_sdk_version=34, uses_libraries=ALL, library_path=/data/app/~~748pTeMuw3lqJa8vQRkT1A==/com.google.android.webview-CfXryH9_KbTZ6IIS5ngpww==/lib/x86_64:/data/app/~~748pTeMuw3lqJa8vQRkT1A==/com.google.android.webview-CfXryH9_KbTZ6IIS5ngpww==/WebViewGoogle.apk!/lib/x86_64:/data/app/~~bUmJ5FC0feGZjAMnkSYJmg==/com.google.android.trichromelibrary_567263637-u7uBci3WP44XNugmNcd9bQ==/TrichromeLibrary.apk!/lib/x86_64, permitted_path=/data:/mnt/expand
D/nativeloader( 5335): Configuring clns-8 for other apk /data/app/~~748pTeMuw3lqJa8vQRkT1A==/com.google.android.webview-CfXryH9_KbTZ6IIS5ngpww==/WebViewGoogle.apk. target_sdk_version=34, uses_libraries=, library_path=/data/app/~~748pTeMuw3lqJa8vQRkT1A==/com.google.android.webview-CfXryH9_KbTZ6IIS5ngpww==/lib/x86_64:/data/app/~~748pTeMuw3lqJa8vQRkT1A==/com.google.android.webview-CfXryH9_KbTZ6IIS5ngpww==/WebViewGoogle.apk!/lib/x86_64:/data/app/~~bUmJ5FC0feGZjAMnkSYJmg==/com.google.android.trichromelibrary_567263637-u7uBci3WP44XNugmNcd9bQ==/TrichromeLibrary.apk!/lib/x86_64, permitted_path=/data:/mnt/expand
I/AppsFilter(  537): interaction: PackageSetting{164047b com.ubmprobe/10196} -> PackageSetting{524c350 com.android.cts.priv.ctsshim/10178} BLOCKED
I/AppsFilter(  537): interaction: PackageSetting{164047b com.ubmprobe/10196} -> PackageSetting{409b949 com.google.android.youtube/10139} BLOCKED
I/AppsFilter(  537): interaction: PackageSetting{164047b com.ubmprobe/10196} -> PackageSetting{caec9cb com.android.internal.display.cutout.emulation.corner/10022} BLOCKED
I/AppsFilter(  537): interaction: PackageSetting{164047b com.ubmprobe/10196} -> PackageSetting{5e9f5a8 com.android.internal.display.cutout.emulation.double/10045} BLOCKED
I/AppsFilter(  537): interaction: PackageSetting{164047b com.ubmprobe/10196} -> PackageSetting{60e524e com.google.android.googlequicksearchbox/10132} BLOCKED
I/AppsFilter(  537): interaction: PackageSetting{164047b com.ubmprobe/10196} -> PackageSetting{780ff6f com.google.android.onetimeinitializer/10125} BLOCKED
I/AppsFilter(  537): interaction: PackageSetting{164047b com.ubmprobe/10196} -> PackageSetting{e9ac47c com.google.android.ext.shared/10101} BLOCKED
I/AppsFilter(  537): interaction: PackageSetting{164047b com.ubmprobe/10196} -> PackageSetting{dbcc454 com.android.internal.systemui.navbar.gestural_wide_back/10004} BLOCKED
I/AppsFilter(  537): interaction: PackageSetting{164047b com.ubmprobe/10196} -> PackageSetting{3aba105 com.android.virtualmachine.res/10189} BLOCKED
I/AppsFilter(  537): interaction: PackageSetting{164047b com.ubmprobe/10196} -> PackageSetting{a01455a com.google.android.federatedcompute/10172} BLOCKED
I/AppsFilter(  537): interaction: PackageSetting{164047b com.ubmprobe/10196} -> PackageSetting{aaca743 com.android.managedprovisioning.auto_generated_rro_product__/10021} BLOCKED
I/AppsFilter(  537): interaction: PackageSetting{164047b com.ubmprobe/10196} -> PackageSetting{74bd1c0 com.android.carrierconfig.auto_generated_rro_vendor__/10079} BLOCKED
I/AppsFilter(  537): interaction: PackageSetting{164047b com.ubmprobe/10196} -> PackageSetting{fb0fef9 com.android.systemui.emulation.pixel_3_xl/10031} BLOCKED
I/AppsFilter(  537): interaction: PackageSetting{164047b com.ubmprobe/10196} -> PackageSetting{9a29e3e com.android.systemui.emulation.pixel_4_xl/10059} BLOCKED
I/AppsFilter(  537): interaction: PackageSetting{164047b com.ubmprobe/10196} -> PackageSetting{868749f com.android.systemui.emulation.pixel_fold/10006} BLOCKED
I/AppsFilter(  537): interaction: PackageSetting{164047b com.ubmprobe/10196} -> PackageSetting{9fc49ec com.android.simappdialog.auto_generated_rro_product__/10027} BLOCKED
I/AppsFilter(  537): interaction: PackageSetting{164047b com.ubmprobe/10196} -> PackageSetting{348238b com.android.htmlviewer/10116} BLOCKED
I/AppsFilter(  537): interaction: PackageSetting{164047b com.ubmprobe/10196} -> PackageSetting{90dac68 com.google.android.health.connect.backuprestore/10191} BLOCKED
I/AppsFilter(  537): interaction: PackageSetting{164047b com.ubmprobe/10196} -> PackageSetting{4e9bbbb com.android.systemui.auto_generated_rro_product__/10028} BLOCKED
I/AppsFilter(  537): interaction: PackageSetting{164047b com.ubmprobe/10196} -> PackageSetting{5ca4881 com.google.android.apps.messaging/10131} BLOCKED
I/AppsFilter(  537): interaction: PackageSetting{164047b com.ubmprobe/10196} -> PackageSetting{dfe5d26 com.google.android.soundpicker/10137} BLOCKED
I/AppsFilter(  537): interaction: PackageSetting{164047b com.ubmprobe/10196} -> PackageSetting{723716 com.google.android.marvin.talkbackoverlay/10075} BLOCKED
I/AppsFilter(  537): interaction: PackageSetting{164047b com.ubmprobe/10196} -> PackageSetting{7136d67 com.google.android.configupdater/10129} BLOCKED
I/AppsFilter(  537): interaction: PackageSetting{164047b com.ubmprobe/10196} -> PackageSetting{fc3ea84 com.android.internal.emulation.pixel_3a_xl/10044} BLOCKED
I/AppsFilter(  537): interaction: PackageSetting{164047b com.ubmprobe/10196} -> PackageSetting{df7426d com.android.internal.emulation.pixel_6_pro/10018} BLOCKED
I/AppsFilter(  537): interaction: PackageSetting{164047b com.ubmprobe/10196} -> PackageSetting{5d2aea2 com.android.internal.emulation.pixel_7_pro/10015} BLOCKED
I/AppsFilter(  537): interaction: PackageSetting{164047b com.ubmprobe/10196} -> PackageSetting{f35e733 com.android.internal.emulation.pixel_8_pro/10058} BLOCKED
I/AppsFilter(  537): interaction: PackageSetting{164047b com.ubmprobe/10196} -> PackageSetting{ad72af0 com.android.internal.emulation.pixel_3a/10053} BLOCKED
I/AppsFilter(  537): interaction: PackageSetting{164047b com.ubmprobe/10196} -> PackageSetting{2529869 com.android.internal.emulation.pixel_4a/10008} BLOCKED
I/AppsFilter(  537): interaction: PackageSetting{164047b com.ubmprobe/10196} -> PackageSetting{1d112ee com.android.internal.emulation.pixel_6a/10036} BLOCKED
I/AppsFilter(  537): interaction: PackageSetting{164047b com.ubmprobe/10196} -> PackageSetting{bddc38f com.android.internal.emulation.pixel_7a/10030} BLOCKED
I/AppsFilter(  537): interaction: PackageSetting{164047b com.ubmprobe/10196} -> PackageSetting{e9c061c com.google.android.overlay.googlewebview/10049} BLOCKED
I/AppsFilter(  537): interaction: PackageSetting{164047b com.ubmprobe/10196} -> PackageSetting{3452714 com.google.android.hotspot2.osulogin/10176} BLOCKED
I/AppsFilter(  537): interaction: PackageSetting{164047b com.ubmprobe/10196} -> PackageSetting{3d1ebbd com.android.simappdialog/10112} BLOCKED
I/AppsFilter(  537): interaction: PackageSetting{164047b com.ubmprobe/10196} -> PackageSetting{b7d09ab com.android.internal.display.cutout.emulation.hole/10073} BLOCKED
I/AppsFilter(  537): interaction: PackageSetting{164047b com.ubmprobe/10196} -> PackageSetting{2716808 com.android.internal.display.cutout.emulation.tall/10065} BLOCKED
I/AppsFilter(  537): interaction: PackageSetting{164047b com.ubmprobe/10196} -> PackageSetting{62beba1 com.android.internal.systemui.navbar.threebutton/10068} BLOCKED
I/AppsFilter(  537): interaction: PackageSetting{164047b com.ubmprobe/10196} -> PackageSetting{76325b2 com.android.camera2/10145} BLOCKED
I/AppsFilter(  537): interaction: PackageSetting{164047b com.ubmprobe/10196} -> PackageSetting{5809587 com.android.systemui.auto_generated_rro_vendor__/10076} BLOCKED
I/AppsFilter(  537): interaction: PackageSetting{164047b com.ubmprobe/10196} -> PackageSetting{45f7903 com.google.android.deskclock/10153} BLOCKED
I/AppsFilter(  537): interaction: PackageSetting{164047b com.ubmprobe/10196} -> PackageSetting{cfaa0dd com.android.internal.systemui.navbar.twobutton/10019} BLOCKED
I/AppsFilter(  537): interaction: PackageSetting{164047b com.ubmprobe/10196} -> PackageSetting{ed7a080 com.google.android.as/10127} BLOCKED
I/AppsFilter(  537): interaction: PackageSetting{164047b com.ubmprobe/10196} -> PackageSetting{7b686b9 com.google.android.gm/10142} BLOCKED
I/AppsFilter(  537): interaction: PackageSetting{164047b com.ubmprobe/10196} -> PackageSetting{e433020 com.android.internal.systemui.navbar.gestural_extra_wide_back/10048} BLOCKED
I/AppsFilter(  537): interaction: PackageSetting{164047b com.ubmprobe/10196} -> PackageSetting{4056dd9 com.android.systemui.emulation.pixel_3/10012} BLOCKED
I/AppsFilter(  537): interaction: PackageSetting{164047b com.ubmprobe/10196} -> PackageSetting{c9e139e com.android.systemui.emulation.pixel_4/10037} BLOCKED
I/AppsFilter(  537): interaction: PackageSetting{164047b com.ubmprobe/10196} -> PackageSetting{37cae7f com.android.systemui.emulation.pixel_5/10071} BLOCKED
I/AppsFilter(  537): interaction: PackageSetting{164047b com.ubmprobe/10196} -> PackageSetting{e7b2e4c com.android.systemui.emulation.pixel_6/10074} BLOCKED
I/AppsFilter(  537): interaction: PackageSetting{164047b com.ubmprobe/10196} -> PackageSetting{d560e95 com.android.systemui.emulation.pixel_7/10072} BLOCKED
I/AppsFilter(  537): interaction: PackageSetting{164047b com.ubmprobe/10196} -> PackageSetting{253cbaa com.android.systemui.emulation.pixel_8/10070} BLOCKED
I/AppsFilter(  537): interaction: PackageSetting{164047b com.ubmprobe/10196} -> PackageSetting{537b39b com.android.nfc.auto_generated_rro_product__/10024} BLOCKED
I/AppsFilter(  537): interaction: PackageSetting{164047b com.ubmprobe/10196} -> PackageSetting{1d9eafe com.android.printspooler/10104} BLOCKED
I/AppsFilter(  537): interaction: PackageSetting{164047b com.ubmprobe/10196} -> PackageSetting{7d5ff11 com.android.emergency.auto_generated_rro_product__/10041} BLOCKED
I/AppsFilter(  537): interaction: PackageSetting{164047b com.ubmprobe/10196} -> PackageSetting{1faf876 com.google.android.connectivity.resources.goldfish.overlay/10078} BLOCKED
I/AppsFilter(  537): interaction: PackageSetting{164047b com.ubmprobe/10196} -> PackageSetting{dd6a25f com.android.dreams.basic/10103} BLOCKED
I/AppsFilter(  537): interaction: PackageSetting{164047b com.ubmprobe/10196} -> PackageSetting{3eefae4 com.google.android.networkstack.tethering.emulator/10020} BLOCKED
I/AppsFilter(  537): interaction: PackageSetting{164047b com.ubmprobe/10196} -> PackageSetting{d8a7b4d com.android.providers.settings.auto_generated_rro_product__/10000} BLOCKED
I/AppsFilter(  537): interaction: PackageSetting{164047b com.ubmprobe/10196} -> PackageSetting{e5644ac com.google.android.as.oss/10121} BLOCKED
I/AppsFilter(  537): interaction: PackageSetting{164047b com.ubmprobe/10196} -> PackageSetting{8efb13 com.android.traceur.auto_generated_rro_product__/10013} BLOCKED
I/AppsFilter(  537): interaction: PackageSetting{164047b com.ubmprobe/10196} -> PackageSetting{cafd575 com.google.android.devicelockcontroller/10184} BLOCKED
I/AppsFilter(  537): interaction: PackageSetting{164047b com.ubmprobe/10196} -> PackageSetting{765b90a com.google.android.dialer/10130} BLOCKED
I/AppsFilter(  537): interaction: PackageSetting{164047b com.ubmprobe/10196} -> PackageSetting{4c4a04e com.android.internal.emulation.pixel_3/10046} BLOCKED
I/AppsFilter(  537): interaction: PackageSetting{164047b com.ubmprobe/10196} -> PackageSetting{ae4356f com.android.internal.emulation.pixel_4/10060} BLOCKED
I/AppsFilter(  537): interaction: PackageSetting{164047b com.ubmprobe/10196} -> PackageSetting{e4cc27c com.android.internal.emulation.pixel_5/10009} BLOCKED
I/AppsFilter(  537): interaction: PackageSetting{164047b com.ubmprobe/10196} -> PackageSetting{1d8c705 com.android.internal.emulation.pixel_6/10038} BLOCKED
I/AppsFilter(  537): interaction: PackageSetting{164047b com.ubmprobe/10196} -> PackageSetting{8ce735a com.android.internal.emulation.pixel_7/10067} BLOCKED
I/AppsFilter(  537): interaction: PackageSetting{164047b com.ubmprobe/10196} -> PackageSetting{8a8b98b com.android.internal.emulation.pixel_8/10039} BLOCKED
I/AppsFilter(  537): interaction: PackageSetting{164047b com.ubmprobe/10196} -> PackageSetting{c6d057b com.google.android.captiveportallogin/10113} BLOCKED
I/AppsFilter(  537): interaction: PackageSetting{164047b com.ubmprobe/10196} -> PackageSetting{a38ff98 com.android.musicfx/10088} BLOCKED
I/AppsFilter(  537): interaction: PackageSetting{164047b com.ubmprobe/10196} -> PackageSetting{fb553f1 com.google.android.apps.docs/10154} BLOCKED
I/AppsFilter(  537): interaction: PackageSetting{164047b com.ubmprobe/10196} -> PackageSetting{b2c629 com.google.android.apps.maps/10152} BLOCKED
I/AppsFilter(  537): interaction: PackageSetting{164047b com.ubmprobe/10196} -> PackageSetting{d2e5bd6 com.google.android.modulemetadata/10147} BLOCKED
I/AppsFilter(  537): interaction: PackageSetting{164047b com.ubmprobe/10196} -> PackageSetting{a3c7e57 com.google.android.markup/10135} BLOCKED
I/AppsFilter(  537): interaction: PackageSetting{164047b com.ubmprobe/10196} -> PackageSetting{9bdd1bd com.android.providers.settings.auto_generated_rro_vendor__/10080} BLOCKED
I/AppsFilter(  537): interaction: PackageSetting{164047b com.ubmprobe/10196} -> PackageSetting{88a7d44 com.google.android.rkpdapp/10183} BLOCKED
I/AppsFilter(  537): interaction: PackageSetting{164047b com.ubmprobe/10196} -> PackageSetting{bba3e2d com.google.android.contacts/10156} BLOCKED
I/AppsFilter(  537): interaction: PackageSetting{164047b com.ubmprobe/10196} -> PackageSetting{9893e80 com.android.server.telecom.auto_generated_rro_product__/10029} BLOCKED
I/AppsFilter(  537): interaction: PackageSetting{164047b com.ubmprobe/10196} -> PackageSetting{77accb9 com.google.android.overlay.googleconfig/10055} BLOCKED
I/AppsFilter(  537): interaction: PackageSetting{164047b com.ubmprobe/10196} -> PackageSetting{10c5f62 com.android.chrome/10149} BLOCKED
I/AppsFilter(  537): interaction: PackageSetting{164047b com.ubmprobe/10196} -> PackageSetting{373585f com.android.bips.auto_generated_rro_product__/10032} BLOCKED
I/AppsFilter(  537): interaction: PackageSetting{164047b com.ubmprobe/10196} -> PackageSetting{f20a8f3 com.google.android.apps.customization.pixel/10144} BLOCKED
I/AppsFilter(  537): interaction: PackageSetting{164047b com.ubmprobe/10196} -> PackageSetting{35429b0 com.google.android.tag/10082} BLOCKED
I/AppsFilter(  537): interaction: PackageSetting{164047b com.ubmprobe/10196} -> PackageSetting{2da670a com.google.android.overlay.permissioncontroller/10002} BLOCKED
I/AppsFilter(  537): interaction: PackageSetting{164047b com.ubmprobe/10196} -> PackageSetting{da99029 com.google.android.partnersetup/10124} BLOCKED
I/AppsFilter(  537): interaction: PackageSetting{164047b com.ubmprobe/10196} -> PackageSetting{3d50fae com.google.android.apps.wallpaper.nexus/10141} BLOCKED
I/AppsFilter(  537): interaction: PackageSetting{164047b com.ubmprobe/10196} -> PackageSetting{b12e14f com.google.android.apps.nexuslauncher/10169} BLOCKED
I/AppsFilter(  537): interaction: PackageSetting{164047b com.ubmprobe/10196} -> PackageSetting{9ca30dc com.google.android.nearby.halfsheet/10181} BLOCKED
I/AppsFilter(  537): interaction: PackageSetting{164047b com.ubmprobe/10196} -> PackageSetting{3f9f457 com.android.theme.font.notoserifsource/10066} BLOCKED
I/AppsFilter(  537): interaction: PackageSetting{164047b com.ubmprobe/10196} -> PackageSetting{c2205e5 com.google.android.safetycenter.resources/10170} BLOCKED
I/AppsFilter(  537): interaction: PackageSetting{164047b com.ubmprobe/10196} -> PackageSetting{f6ba42d com.android.internal.display.cutout.emulation.waterfall/10040} BLOCKED
I/AppsFilter(  537): interaction: PackageSetting{164047b com.ubmprobe/10196} -> PackageSetting{4a8cd62 com.android.internal.systemui.navbar.transparent/10026} BLOCKED
I/AppsFilter(  537): interaction: PackageSetting{164047b com.ubmprobe/10196} -> PackageSetting{c6678ba com.google.android.connectivity.resources/10180} BLOCKED
I/AppsFilter(  537): interaction: PackageSetting{164047b com.ubmprobe/10196} -> PackageSetting{4a947b0 com.android.providers.contacts.auto_generated_rro_product__/10035} BLOCKED
I/AppsFilter(  537): interaction: PackageSetting{164047b com.ubmprobe/10196} -> PackageSetting{a46436b com.google.android.feedback/10162} BLOCKED
I/AppsFilter(  537): interaction: PackageSetting{164047b com.ubmprobe/10196} -> PackageSetting{8377ec8 com.google.android.printservice.recommendation/10110} BLOCKED
I/AppsFilter(  537): interaction: PackageSetting{164047b com.ubmprobe/10196} -> PackageSetting{ef21b61 com.google.android.apps.photos/10143} BLOCKED
I/AppsFilter(  537): interaction: PackageSetting{164047b com.ubmprobe/10196} -> PackageSetting{57c142d com.google.android.calendar/10140} BLOCKED
I/AppsFilter(  537): interaction: PackageSetting{164047b com.ubmprobe/10196} -> PackageSetting{f736686 com.google.android.documentsui/10098} BLOCKED
I/AppsFilter(  537): interaction: PackageSetting{164047b com.ubmprobe/10196} -> PackageSetting{bda2be5 com.android.systemui.emulation.pixel_3a_xl/10034} BLOCKED
I/AppsFilter(  537): interaction: PackageSetting{164047b com.ubmprobe/10196} -> PackageSetting{d62a6ba com.android.systemui.emulation.pixel_6_pro/10063} BLOCKED
I/AppsFilter(  537): interaction: PackageSetting{164047b com.ubmprobe/10196} -> PackageSetting{fa9d96b com.android.systemui.emulation.pixel_7_pro/10054} BLOCKED
I/AppsFilter(  537): interaction: PackageSetting{164047b com.ubmprobe/10196} -> PackageSetting{f525cc8 com.android.systemui.emulation.pixel_8_pro/10014} BLOCKED
I/AppsFilter(  537): interaction: PackageSetting{164047b com.ubmprobe/10196} -> PackageSetting{f03ab47 com.google.mainline.telemetry/10151} BLOCKED
I/AppsFilter(  537): interaction: PackageSetting{164047b com.ubmprobe/10196} -> PackageSetting{f047486 com.android.carrierconfig.auto_generated_rro_product__/10064} BLOCKED
I/AppsFilter(  537): interaction: PackageSetting{164047b com.ubmprobe/10196} -> PackageSetting{2a9bf74 com.android.providers.partnerbookmarks/10100} BLOCKED
I/AppsFilter(  537): interaction: PackageSetting{164047b com.ubmprobe/10196} -> PackageSetting{2540c9d com.android.wallpaper.livepicker/10090} BLOCKED
I/AppsFilter(  537): interaction: PackageSetting{164047b com.ubmprobe/10196} -> PackageSetting{2af29d com.android.providers.telephony.auto_generated_rro_product__/10062} BLOCKED
I/AppsFilter(  537): interaction: PackageSetting{164047b com.ubmprobe/10196} -> PackageSetting{aa35312 com.android.phone.auto_generated_rro_vendor__/10081} BLOCKED
I/AppsFilter(  537): interaction: PackageSetting{164047b com.ubmprobe/10196} -> PackageSetting{80f6512 com.google.mainline.adservices/10136} BLOCKED
I/AppsFilter(  537): interaction: PackageSetting{164047b com.ubmprobe/10196} -> PackageSetting{d45b4e3 com.android.imsserviceentitlement/10117} BLOCKED
I/AppsFilter(  537): interaction: PackageSetting{164047b com.ubmprobe/10196} -> PackageSetting{e5d5ee0 com.google.android.healthconnect.controller/10190} BLOCKED
I/AppsFilter(  537): interaction: PackageSetting{164047b com.ubmprobe/10196} -> PackageSetting{fdf8e5e com.android.internal.emulation.pixel_2_xl/10017} BLOCKED
I/AppsFilter(  537): interaction: PackageSetting{164047b com.ubmprobe/10196} -> PackageSetting{a44723f com.android.internal.emulation.pixel_3_xl/10056} BLOCKED
I/AppsFilter(  537): interaction: PackageSetting{164047b com.ubmprobe/10196} -> PackageSetting{5ae070c com.android.internal.emulation.pixel_4_xl/10047} BLOCKED
I/AppsFilter(  537): interaction: PackageSetting{164047b com.ubmprobe/10196} -> PackageSetting{86d855 com.android.internal.emulation.pixel_fold/10003} BLOCKED
I/AppsFilter(  537): interaction: PackageSetting{164047b com.ubmprobe/10196} -> PackageSetting{1e9d599 com.android.bookmarkprovider/10115} BLOCKED
I/AppsFilter(  537): interaction: PackageSetting{164047b com.ubmprobe/10196} -> PackageSetting{917f35b com.google.android.overlay.pixelconfigcommon/10011} BLOCKED
I/AppsFilter(  537): interaction: PackageSetting{164047b com.ubmprobe/10196} -> PackageSetting{eba87f8 com.android.systemui.accessibility.accessibilitymenu.auto_generated_rro_product__/10050} BLOCKED
I/AppsFilter(  537): interaction: PackageSetting{164047b com.ubmprobe/10196} -> PackageSetting{ca9a4d1 com.android.systemui.emulation.pixel_3a/10010} BLOCKED
I/AppsFilter(  537): interaction: PackageSetting{164047b com.ubmprobe/10196} -> PackageSetting{f190b36 com.android.systemui.emulation.pixel_4a/10001} BLOCKED
I/AppsFilter(  537): interaction: PackageSetting{164047b com.ubmprobe/10196} -> PackageSetting{d86a37 com.android.systemui.emulation.pixel_6a/10042} BLOCKED
I/AppsFilter(  537): interaction: PackageSetting{164047b com.ubmprobe/10196} -> PackageSetting{a0c2ba4 com.android.systemui.emulation.pixel_7a/10016} BLOCKED
I/AppsFilter(  537): interaction: PackageSetting{164047b com.ubmprobe/10196} -> PackageSetting{cfac05e com.google.android.settings.intelligence/10119} BLOCKED
I/AppsFilter(  537): interaction: PackageSetting{164047b com.ubmprobe/10196} -> PackageSetting{f305ba4 com.google.android.projection.gearhead/10123} BLOCKED
I/AppsFilter(  537): interaction: PackageSetting{164047b com.ubmprobe/10196} -> PackageSetting{414bc3f com.google.android.uwb.resources/10182} BLOCKED
I/AppsFilter(  537): interaction: PackageSetting{164047b com.ubmprobe/10196} -> PackageSetting{85b2d0d com.android.cts.ctsshim/10179} BLOCKED
I/AppsFilter(  537): interaction: PackageSetting{164047b com.ubmprobe/10196} -> PackageSetting{5e9890c com.google.android.wifi.resources/10174} BLOCKED
I/AppsFilter(  537): interaction: PackageSetting{164047b com.ubmprobe/10196} -> PackageSetting{7793255 com.google.android.wifi.dialog/10175} BLOCKED
I/AppsFilter(  537): interaction: PackageSetting{164047b com.ubmprobe/10196} -> PackageSetting{eae846a com.google.android.apps.wallpaper/10161} BLOCKED
I/AppsFilter(  537): interaction: PackageSetting{164047b com.ubmprobe/10196} -> PackageSetting{a2dd5b com.google.android.odad/10122} BLOCKED
I/AppsFilter(  537): interaction: PackageSetting{164047b com.ubmprobe/10196} -> PackageSetting{804692f com.android.settings.auto_generated_rro_product__/10025} BLOCKED
I/AppsFilter(  537): interaction: PackageSetting{164047b com.ubmprobe/10196} -> PackageSetting{b474b3c com.android.internal.systemui.navbar.gestural/10051} BLOCKED
I/AppsFilter(  537): interaction: PackageSetting{164047b com.ubmprobe/10196} -> PackageSetting{42c29f8 com.google.android.apps.youtube.music/10155} BLOCKED
I/AppsFilter(  537): interaction: PackageSetting{164047b com.ubmprobe/10196} -> PackageSetting{9679ed1 com.android.bluetoothmidiservice/10106} BLOCKED
I/AppsFilter(  537): interaction: PackageSetting{164047b com.ubmprobe/10196} -> PackageSetting{7f8694b com.android.storagemanager.auto_generated_rro_product__/10023} BLOCKED
I/AppsFilter(  537): interaction: PackageSetting{164047b com.ubmprobe/10196} -> PackageSetting{a287d36 com.google.android.cellbroadcastreceiver/10188} BLOCKED
I/AppsFilter(  537): interaction: PackageSetting{164047b com.ubmprobe/10196} -> PackageSetting{f8c6441 com.android.phone.auto_generated_rro_product__/10061} BLOCKED
I/AppsFilter(  537): interaction: PackageSetting{164047b com.ubmprobe/10196} -> PackageSetting{98ade6 android.auto_generated_rro_product__/10069} BLOCKED
I/AppsFilter(  537): interaction: PackageSetting{164047b com.ubmprobe/10196} -> PackageSetting{be24f27 com.android.internal.systemui.navbar.gestural_narrow_back/10052} BLOCKED
I/AppsFilter(  537): interaction: PackageSetting{164047b com.ubmprobe/10196} -> PackageSetting{727f437 com.google.android.inputmethod.latin/10146} BLOCKED
I/AppsFilter(  537): interaction: PackageSetting{164047b com.ubmprobe/10196} -> PackageSetting{bfa037d android.auto_generated_rro_vendor__/10077} BLOCKED
I/AppsFilter(  537): interaction: PackageSetting{164047b com.ubmprobe/10196} -> PackageSetting{1f5eda4 com.google.android.apps.restore/10120} BLOCKED
W/com.ubmprobe( 5335): Accessing hidden method Landroid/os/Trace;->isTagEnabled(J)Z (unsupported, reflection, allowed)
W/com.ubmprobe( 5335): Accessing hidden method Landroid/os/Trace;->traceBegin(JLjava/lang/String;)V (unsupported, reflection, allowed)
W/com.ubmprobe( 5335): Accessing hidden method Landroid/os/Trace;->traceEnd(J)V (unsupported, reflection, allowed)
W/com.ubmprobe( 5335): Accessing hidden method Landroid/os/Trace;->asyncTraceBegin(JLjava/lang/String;I)V (unsupported, reflection, allowed)
W/com.ubmprobe( 5335): Accessing hidden method Landroid/os/Trace;->asyncTraceEnd(JLjava/lang/String;I)V (unsupported, reflection, allowed)
I/cr_WVCFactoryProvider( 5335): Loaded version=113.0.5672.136 minSdkVersion=29 isBundle=false multiprocess=true packageId=2
I/cr_LibraryLoader( 5335): Successfully loaded native library
I/cr_CachingUmaRecorder( 5335): Flushed 8 samples from 8 histograms.
D/TrafficStats( 5335): tagSocket(115) with statsTag=0xffffffff, statsUid=-1
I/ReactNativeJS( 5335): Running "UbmProbe" with {"rootTag":1,"initialProps":{},"fabric":true}
W/unknown:ViewManagerPropertyUpdater( 5335): Could not find generated setter for class com.facebook.react.views.debuggingoverlay.DebuggingOverlayManager
W/unknown:ViewManagerPropertyUpdater( 5335): Could not find generated setter for class com.facebook.react.uimanager.LayoutShadowNode
W/unknown:ViewManagerPropertyUpdater( 5335): Could not find generated setter for class com.facebook.react.views.safeareaview.ReactSafeAreaViewManager
W/unknown:ViewManagerPropertyUpdater( 5335): Could not find generated setter for class com.facebook.react.views.modal.ReactModalHostManager
W/unknown:ViewManagerPropertyUpdater( 5335): Could not find generated setter for class com.facebook.react.views.progressbar.ReactProgressBarViewManager
W/unknown:ViewManagerPropertyUpdater( 5335): Could not find generated setter for class com.facebook.react.views.scroll.ReactHorizontalScrollViewManager
W/unknown:ViewManagerPropertyUpdater( 5335): Could not find generated setter for class com.facebook.react.views.image.ReactImageManager
W/unknown:ViewManagerPropertyUpdater( 5335): Could not find generated setter for class com.facebook.react.views.text.ReactTextViewManager
W/unknown:ViewManagerPropertyUpdater( 5335): Could not find generated setter for class com.facebook.react.views.scroll.ReactHorizontalScrollContainerViewManager
W/unknown:ViewManagerPropertyUpdater( 5335): Could not find generated setter for class com.facebook.react.views.unimplementedview.ReactUnimplementedViewManager
W/unknown:ViewManagerPropertyUpdater( 5335): Could not find generated setter for class com.facebook.react.views.scroll.ReactScrollViewManager
W/unknown:ViewManagerPropertyUpdater( 5335): Could not find generated setter for class com.facebook.react.views.view.ReactViewManager
W/unknown:ViewManagerPropertyUpdater( 5335): Could not find generated setter for class com.facebook.react.views.drawer.ReactDrawerLayoutManager
W/unknown:ViewManagerPropertyUpdater( 5335): Could not find generated setter for class com.facebook.react.views.switchview.ReactSwitchManager
W/unknown:ViewManagerPropertyUpdater( 5335): Could not find generated setter for class com.facebook.react.views.swiperefresh.SwipeRefreshLayoutManager
W/unknown:ViewManagerPropertyUpdater( 5335): Could not find generated setter for class com.facebook.react.views.textinput.ReactTextInputManager
W/unknown:ViewManagerPropertyUpdater( 5335): Could not find generated setter for class com.facebook.react.views.text.SelectableTextViewManager
W/unknown:ViewManagerPropertyUpdater( 5335): Could not find generated setter for class com.facebook.react.views.virtual.view.ReactVirtualViewManager
E/TaskPersister(  537): File error accessing recents directory (directory doesn't exist?).
D/TrafficStats( 5335): tagSocket(106) with statsTag=0xffffffff, statsUid=-1
D/CompatibilityChangeReporter( 5335): Compat change id reported: 289878283; UID 10196; state: ENABLED
D/EGL_emulation(  749): app_time_stats: avg=17.03ms min=11.22ms max=50.06ms count=54
I/ReactNativeJS( 5335): [UBM_PROBE] app-mounted
D/CompatibilityChangeReporter( 5335): Compat change id reported: 171228096; UID 10196; state: ENABLED
W/com.ubmprobe( 5335): Accessing hidden field Landroid/widget/ScrollView;->mScroller:Landroid/widget/OverScroller; (unsupported, reflection, allowed)
I/netd    (  355): tetherGetStats() -> {[]} <0.62ms>
I/netd    (  355): bandwidthSetGlobalAlert(2097152) <0.09ms>
I/wpa_supplicant(  729): wlan0: CTRL-EVENT-BEACON-LOSS 
D/EGL_emulation( 5335): app_time_stats: avg=823.56ms min=2.99ms max=1867.66ms count=4
D/ProfileInstaller( 5335): Installing profile for com.ubmprobe
D/BtGatt.ScanManager(  864): uid 10128 isForeground true scanMode -1
D/ActivityManager(  537): freezing 1417 com.google.android.apps.wellbeing
I/AiAiEcho( 1480): Predicting[0]: 
I/AiAiEcho( 1480): EchoTargets: 
I/AiAiEcho( 1480): Filtered by AiAi flag check: 
I/AiAiEcho( 1480): Ranked targets strategy: SORT, count: 0, ranking metadata: 
I/AiAiEcho( 1480): #postPredictionTargets: Sending updates to UISurface lockscreen with targets# 0 (types=[])
D/EGL_emulation(  749): app_time_stats: avg=498.92ms min=9.25ms max=7101.48ms count=16
W/PageIndicator(  749): Total number of pages invalid: 0. Assuming 1 page.
D/ActivityManager(  537): freezing 1716 com.google.android.gms
D/ActivityManager(  537): freezing 1763 com.android.keychain
D/ActivityManager(  537): freezing 902 com.android.settings
D/ActivityManager(  537): freezing 3397 com.google.android.settings.intelligence
D/ActivityManager(  537): freezing 2841 com.android.dynsystem:dynsystem
D/ActivityManager(  537): freezing 2734 com.android.dynsystem
D/ActivityManager(  537): freezing 2643 com.android.localtransport
W/healthd (    0): battery l=100 v=5000 t=25.0 h=2 st=2 c=900000 fc=3000000 cc=10 chg=a
D/StatusBarIconController(  749): ignoring old pipeline callbacks, because the new mobile icons are enabled
I/logd    (    0): logdr: UID=2000 GID=2000 PID=5392 n tail=0 logMask=99 pid=0 start=0ns deadline=0ns
D/AndroidRuntime( 5395): >>>>>> START com.android.internal.os.RuntimeInit uid 2000 <<<<<<
I/AndroidRuntime( 5395): Using default boot image
I/AndroidRuntime( 5395): Leaving lock profiling enabled
I/app_process( 5395): Core platform API reporting enabled, enforcing=false
I/app_process( 5395): Using CollectorTypeCC GC.
D/nativeloader( 5395): InitDefaultPublicLibraries for_preload=1: libandroid.so:libaaudio.so:libamidi.so:libbinder_ndk.so:libc.so:libcamera2ndk.so:libdl.so:libEGL.so:libGLESv1_CM.so:libGLESv2.so:libGLESv3.so:libicu.so:libicui18n.so:libicuuc.so:libjnigraphics.so:liblog.so:libmediandk.so:libm.so:libnativehelper.so:libnativewindow.so:libOpenMAXAL.so:libOpenSLES.so:libRS.so:libstdc++.so:libsync.so:libvulkan.so:libwebviewchromium_plat_support.so:libz.so
D/app_process( 5395): Time zone APEX ICU file found: /apex/com.android.tzdata/etc/icu/icu_tzdata.dat
D/app_process( 5395): I18n APEX ICU file found: /apex/com.android.i18n/etc/icu/icudt72l.dat
W/app_process( 5395): Unexpected CPU variant for x86: x86_64.
W/app_process( 5395): Known variants: atom, sandybridge, silvermont, goldmont, goldmont-plus, tremont, kabylake, default
W/app_process( 5395): ClassLoaderContext shared library size mismatch. Expected=2, found=0 (PCL[]{PCL[/system/framework/android.test.base.jar*836642756]#PCL[/system/framework/android.test.mock.jar*3186112116]} | PCL[])
W/app_process( 5395): ClassLoaderContext classpath size mismatch. expected=0, found=1 (PCL[]{PCL[/system/framework/android.test.runner.jar*4168958247]{PCL[/system/framework/android.test.base.jar*836642756]#PCL[/system/framework/android.test.mock.jar*3186112116]}#PCL[/system/framework/android.test.base.jar*836642756]} | PCL[/system/framework/android.test.runner.jar*4168958247])
W/libc    ( 5395): Access denied finding property "ro.product.name_for_attestation"
W/libc    ( 5395): Access denied finding property "ro.product.brand_for_attestation"
W/libc    ( 5395): Access denied finding property "ro.product.model_for_attestation"
D/AndroidRuntime( 5395): Calling main entry com.android.commands.uiautomator.Launcher
W/main    ( 5395): type=1400 audit(0.0:67): avc:  denied  { read } for  name="u:object_r:build_attestation_prop:s0" dev="tmpfs" ino=86 scontext=u:r:shell:s0 tcontext=u:object_r:build_attestation_prop:s0 tclass=file permissive=0
W/main    ( 5395): type=1400 audit(0.0:68): avc:  denied  { read } for  name="u:object_r:build_attestation_prop:s0" dev="tmpfs" ino=86 scontext=u:r:shell:s0 tcontext=u:object_r:build_attestation_prop:s0 tclass=file permissive=0
D/UiAutomationConnection( 5395): Created on user UserHandle{0}
I/UiAutomation( 5395): Initialized for user 0 on display 0
W/UiAutomation( 5395): Created with deprecatead constructor, assumes DEFAULT_DISPLAY
W/main    ( 5395): type=1400 audit(0.0:69): avc:  denied  { read } for  name="u:object_r:build_attestation_prop:s0" dev="tmpfs" ino=86 scontext=u:r:shell:s0 tcontext=u:object_r:build_attestation_prop:s0 tclass=file permissive=0
D/AccessibilityManagerService(  537): changeCurrentUserForTestAutomationIfNeededLocked(0): ignoring because device doesn't support visible background users
I/UiAutomationManager(  537): Registering UiTestAutomationService (id=com.android.server.accessibility/UiAutomation) when called by user 0
W/WindowMagnificationMgr(  537): requestConnection duplicated request: connect=false, mConnectionState=DISCONNECTED
V/UiAutomation( 5395): Init UiAutomation@af6b969[id=9, displayId=0, flags=0]
I/AiAiEcho( 1480): Settings changed for uri: content://settings/secure/accessibility_enabled
I/AiAiEcho( 1480): Predicting[0]: 
I/AiAiEcho( 1480): EchoTargets: 
I/AiAiEcho( 1480): Filtered by AiAi flag check: 
I/AiAiEcho( 1480): Ranked targets strategy: SORT, count: 0, ranking metadata: 
I/AiAiEcho( 1480): Predicting[0]: 
I/AiAiEcho( 1480): EchoTargets: 
I/AiAiEcho( 1480): Filtered by AiAi flag check: 
W/WindowMagnificationMgr(  537): requestConnection duplicated request: connect=false, mConnectionState=DISCONNECTED
I/AiAiEcho( 1480): Ranked targets strategy: SORT, count: 0, ranking metadata: 
I/AiAiEcho( 1480): Predicting[0]: 
I/AiAiEcho( 1480): EchoTargets: 
I/AiAiEcho( 1480): Filtered by AiAi flag check: 
I/AiAiEcho( 1480): Ranked targets strategy: SORT, count: 0, ranking metadata: 
I/AiAiEcho( 1480): #postPredictionTargets: Sending updates to UISurface media_data_manager with targets# 0 (types=[])
I/A       ( 1653): NGA disabled since it's running Panthera and at least one a11y feature is on.
I/AiAiEcho( 1480): Settings changed for uri: content://settings/secure/accessibility_enabled
I/A       ( 1653): Nga state changed to NgaStateDetails{state=DISABLED, isSpecialExperience=false}
D/BatterySaverPolicy(  537): accessibility changed to true, updating policy.
I/AiAiEcho( 1480): #postPredictionTargets: Sending updates to UISurface lockscreen with targets# 0 (types=[])
I/AiAiEcho( 1480): #postPredictionTargets: Sending updates to UISurface home with targets# 0 (types=[])
I/AiAiEcho( 1480): Predicting[0]: 
I/AiAiEcho( 1480): EchoTargets: 
I/AiAiEcho( 1480): Filtered by AiAi flag check: 
I/AiAiEcho( 1480): Ranked targets strategy: SORT, count: 0, ranking metadata: 
I/AiAiEcho( 1480): Predicting[0]: 
I/AiAiEcho( 1480): EchoTargets: 
I/AiAiEcho( 1480): Filtered by AiAi flag check: 
I/AiAiEcho( 1480): Ranked targets strategy: SORT, count: 0, ranking metadata: 
I/AiAiEcho( 1480): Predicting[0]: 
I/AiAiEcho( 1480): EchoTargets: 
I/AiAiEcho( 1480): Filtered by AiAi flag check: 
I/AiAiEcho( 1480): Ranked targets strategy: SORT, count: 0, ranking metadata: 
I/AiAiEcho( 1480): #postPredictionTargets: Sending updates to UISurface media_data_manager with targets# 0 (types=[])
I/AiAiEcho( 1480): #postPredictionTargets: Sending updates to UISurface lockscreen with targets# 0 (types=[])
I/AiAiEcho( 1480): #postPredictionTargets: Sending updates to UISurface home with targets# 0 (types=[])
I/A       ( 1487): Unsubscribed to apa or classic variant change.
I/A       ( 1487): APA or Classic session decision: SessionDecision(sessionVariance=CLASSIC, platformVariance=CLASSIC, justification=CURRENT_PLATFORM_VARIANCE).
I/A       ( 1487): [Memory] eligibility: StashEligibility{4}
D/SsMediaDataProvider(  749): Forwarding Smartspace updates []
W/PageIndicator(  749): Total number of pages invalid: 0. Assuming 1 page.
D/SsMediaDataProvider(  749): Forwarding Smartspace updates []
W/PageIndicator(  749): Total number of pages invalid: 0. Assuming 1 page.
I/wpa_supplicant(  729): wlan0: CTRL-EVENT-BEACON-LOSS 
W/AccessibilityNodeInfoDumper( 5395): Fetch time: 19ms
W/WindowMagnificationMgr(  537): requestConnection duplicated request: connect=false, mConnectionState=DISCONNECTED
D/AccessibilityManagerService(  537): restoreCurrentUserForTestAutomationIfNeededLocked(): ignoring because device doesn't support visible background users
I/AiAiEcho( 1480): Settings changed for uri: content://settings/secure/accessibility_enabled
I/AiAiEcho( 1480): Predicting[0]: 
I/AiAiEcho( 1480): EchoTargets: 
I/AiAiEcho( 1480): Filtered by AiAi flag check: 
D/AndroidRuntime( 5395): Shutting down VM
I/AiAiEcho( 1480): Ranked targets strategy: SORT, count: 0, ranking metadata: 
I/A       ( 1653): NGA enabled in interactor.
I/A       ( 1653): Nga state changed to NgaStateDetails{state=ENABLED, isSpecialExperience=false}
I/AiAiEcho( 1480): Predicting[0]: 
I/AiAiEcho( 1480): EchoTargets: 
I/AiAiEcho( 1480): Filtered by AiAi flag check: 
I/AiAiEcho( 1480): Ranked targets strategy: SORT, count: 0, ranking metadata: 
I/AiAiEcho( 1480): Predicting[0]: 
I/AiAiEcho( 1480): EchoTargets: 
I/AiAiEcho( 1480): Filtered by AiAi flag check: 
I/AiAiEcho( 1480): Ranked targets strategy: SORT, count: 0, ranking metadata: 
I/AiAiEcho( 1480): #postPredictionTargets: Sending updates to UISurface media_data_manager with targets# 0 (types=[])
I/AiAiEcho( 1480): #postPredictionTargets: Sending updates to UISurface lockscreen with targets# 0 (types=[])
I/AiAiEcho( 1480): #postPredictionTargets: Sending updates to UISurface home with targets# 0 (types=[])
I/A       ( 1487): Initializing all components
D/BatterySaverPolicy(  537): accessibility changed to false, updating policy.
W/PageIndicator(  749): Total number of pages invalid: 0. Assuming 1 page.
D/SsMediaDataProvider(  749): Forwarding Smartspace updates []
I/A       ( 1487): APA or Classic session decision: SessionDecision(sessionVariance=CLASSIC, platformVariance=CLASSIC, justification=CURRENT_PLATFORM_VARIANCE).
I/A       ( 1487): [Memory] eligibility: StashEligibility{6}
I/A       ( 1487): Initialize
I/A       ( 1487): onIsEnabledChanged, isEnabled: false
W/A       ( 1487): Disposing empty manager. Did you forgot to subscribe observables?
W/A       ( 1487): Disposing empty manager. Did you forgot to subscribe observables?
I/A       ( 1487): stopListening(NGA_PAUSED_UNKNOWN_REASON, NGA_CREATE), idleOverride=NOT_LISTENING
W/A       ( 1487): Disposing empty manager. Did you forgot to subscribe observables?
I/A       ( 1487): on opa visibility changed false
W/A       ( 1487): Disposing empty manager. Did you forgot to subscribe observables?
W/A       ( 1487): Disposing empty manager. Did you forgot to subscribe observables?
W/A       ( 1487): Disposing empty manager. Did you forgot to subscribe observables?
W/A       ( 1487): Disposing empty manager. Did you forgot to subscribe observables?
W/A       ( 1487): Disposing empty manager. Did you forgot to subscribe observables?
W/A       ( 1487): Disposing empty manager. Did you forgot to subscribe observables?
W/A       ( 1487): Disposing empty manager. Did you forgot to subscribe observables?
I/A       ( 1487): onOpaVisibilityChanged: false
W/A       ( 1487): Disposing empty manager. Did you forgot to subscribe observables?
W/A       ( 1487): Disposing empty manager. Did you forgot to subscribe observables?
W/A       ( 1487): Disposing empty manager. Did you forgot to subscribe observables?
W/A       ( 1487): Disposing empty manager. Did you forgot to subscribe observables?
W/A       ( 1487): Disposing empty manager. Did you forgot to subscribe observables?
W/A       ( 1487): Disposing empty manager. Did you forgot to subscribe observables?
I/A       ( 1487): Setting session to type: NO_SESSION
W/A       ( 1487): Disposing empty manager. Did you forgot to subscribe observables?
W/A       ( 1487): Disposing empty manager. Did you forgot to subscribe observables?
W/A       ( 1487): Disposing empty manager. Did you forgot to subscribe observables?
W/A       ( 1487): Disposing empty manager. Did you forgot to subscribe observables?
W/A       ( 1487): Disposing empty manager. Did you forgot to subscribe observables?
D/OomAdjuster(  537): Not killing cached processes
W/A       ( 1487): Disposing empty manager. Did you forgot to subscribe observables?
W/A       ( 1487): Disposing empty manager. Did you forgot to subscribe observables?
W/A       ( 1487): Disposing empty manager. Did you forgot to subscribe observables?
I/A       ( 1487): setNavBarVisible: GestureNavBarVisible{navbarVisible=true}
W/A       ( 1487): Disposing empty manager. Did you forgot to subscribe observables?
W/A       ( 1487): Disposing empty manager. Did you forgot to subscribe observables?
W/A       ( 1487): Disposing empty manager. Did you forgot to subscribe observables?
W/A       ( 1487): Disposing empty manager. Did you forgot to subscribe observables?
W/A       ( 1487): Disposing empty manager. Did you forgot to subscribe observables?
W/A       ( 1487): Disposing empty manager. Did you forgot to subscribe observables?
I/A       ( 1487): onDisabled. Registered: false
I/A       ( 1487): State changed: IDLE => IDLE by NGA_STATE_CHANGED and N/A with Optional.empty
I/A       ( 1487): Recognizer choice: (recognizer_type: 1, recognizer_mode: 1, choice_reason: 4)
I/A       ( 1487): onActiveStateChangeEvent: IDLE => IDLE
E/GsaVoiceSerConnection( 1487): gsaVis null binding
I/A       ( 1487): #onActiveStateChangeEvent, newState: IDLE, previousState: IDLE.
I/NgaEntryPointEventSendr( 1487): setupConnection
D/CompatibilityChangeReporter(  537): Compat change id reported: 197654537; UID 10196; state: ENABLED
W/ProcessStats(  537): Tracking association SourceState{f3b4837 com.google.android.googlequicksearchbox:interactor/10132 BFgs #4301} whose proc state 4 is better than process ProcessState{8590fc0 com.google.android.googlequicksearchbox:search/10132 pkg=com.google.android.googlequicksearchbox} proc state 14 (123 skipped)
I/NgaEntryPointEventSendr( 1487): State changed: Disconnected => Connecting
I/A       ( 1487): Successfully initialized all components
I/A       ( 1653): Creating pss binder().
I/A       ( 1487): on opa visibility changed false
I/NgaEntryPointEventSendr( 1487): onServiceConnected
I/A       ( 1653): Calling beginBinderSession().
I/A       ( 1653): beginBinderSession(): calling binder
I/NgaEntryPointEventSendr( 1487): State changed: Connecting => Ready
W/ActivityManager(  537): Unable to start service Intent { cmp=com.google.android.apps.tachyon/.clientapi.ClientApiService } U=0: not found
I/NgaEntryPointEventSendr( 1487): State changed: Ready => Disconnected (onOpaDisconnected)
I/PBSessionCacheImpl( 1653): Deleted sessionId[7271760569948395] from persistence.
W/A       ( 1653): UiCallbackStub-onGenericEvent[ServiceEvent = 60] task was not run. Callback from Service received after client was disposed.
W/SearchServiceCore( 1653): Abort, client detached.
D/TaplEvents( 1281): TIS / TouchInteractionService.onInputEvent: MotionEvent { action=ACTION_DOWN, actionButton=0, id[0]=0, x[0]=540.0, y[0]=254.0, toolType[0]=TOOL_TYPE_FINGER, buttonState=0, classification=NONE, metaState=0, flags=0x0, edgeFlags=0x0, pointerCount=1, historySize=0, eventTime=609188, downTime=609188, deviceId=-1, source=0x1002, displayId=0, eventId=-114699416 }
D/TaplEvents( 1281): TIS / TouchInteractionService.onInputEvent: MotionEvent { action=ACTION_UP, actionButton=0, id[0]=0, x[0]=540.0, y[0]=254.0, toolType[0]=TOOL_TYPE_FINGER, buttonState=0, classification=NONE, metaState=0, flags=0x0, edgeFlags=0x0, pointerCount=1, historySize=0, eventTime=609188, downTime=609188, deviceId=-1, source=0x1002, displayId=0, eventId=-599768681 }
D/audioserver(  405): FGS Logger Transaction failed
D/audioserver(  405): -129
E/Transition(  537): Trying to add a ready-group twice: Display{#0 state=ON size=1080x1920 ROTATION_0}
V/WindowManagerShell(  749): Transition requested: android.os.BinderProxy@29cc564 TransitionRequestInfo { type = OPEN, triggerTask = TaskInfo{userId=0 taskId=21 displayId=0 isRunning=true baseIntent=Intent { flg=0x10000000 cmp=com.ubmprobe/.MainActivity } baseActivity=ComponentInfo{com.ubmprobe/com.ubmprobe.MainActivity} topActivity=ComponentInfo{com.google.android.permissioncontroller/com.android.permissioncontroller.permission.ui.GrantPermissionsActivity} origActivity=null realActivity=ComponentInfo{com.ubmprobe/com.ubmprobe.MainActivity} numActivities=2 lastActiveTime=609219 supportsMultiWindow=true resizeMode=1 isResizeable=true minWidth=-1 minHeight=-1 defaultMinSize=220 token=WCT{android.window.IWindowContainerToken$Stub$Proxy@3cb3cd} topActivityType=1 pictureInPictureParams=null shouldDockBigOverlays=false launchIntoPipHostTaskId=-1 lastParentTaskIdBeforePip=-1 displayCutoutSafeInsets=null topActivityInfo=ActivityInfo{62f3482 com.android.permissioncontroller.permission.ui.GrantPermissionsActivity} launchCookies=[] positionInParent=Point(0, 0) parentTaskId=-1 isFocused=true isVisible=true isVisibleRequested=true isSleeping=false topActivityInSizeCompat=false topActivityEligibleForLetterboxEducation= false topActivityLetterboxed= false isFromDoubleTap= false topActivityLetterboxVerticalPosition= -1 topActivityLetterboxHorizontalPosition= -1 topActivityLetterboxWidth=-1 topActivityLetterboxHeight=-1 locusId=null displayAreaFeatureId=1 cameraCompatControlState=hidden}, remoteTransition = null, displayChange = null }
I/ActivityTaskManager(  537): START u0 {act=android.content.pm.action.REQUEST_PERMISSIONS pkg=com.google.android.permissioncontroller cmp=com.google.android.permissioncontroller/com.android.permissioncontroller.permission.ui.GrantPermissionsActivity (has extras)} with LAUNCH_MULTIPLE from uid 10196 (BAL_ALLOW_VISIBLE_WINDOW) result code=0
I/BpBinder(  413): onLastStrongRef automatically unlinking death recipients: 
D/EGL_emulation( 5335): app_time_stats: avg=480.05ms min=6.57ms max=7892.46ms count=17
W/unknown:BridgelessReact( 5335): ReactHost{0}.onUserLeaveHint(activity)
W/unknown:BridgelessReact( 5335): ReactHost{0}.onHostPause(activity)
W/unknown:BridgelessReact( 5335): ReactHost{0}.ReactContext.onHostPause()
D/ActivityManager(  537): quick sync unfreeze 1233 for 1
D/ActivityManager(  537): sync unfroze 1233 com.google.android.permissioncontroller for 1
D/AutofillManager( 1233): Fill dialog is enabled:false, hints=[password, passwordAuto, creditCardNumber, creditCardSecurityCode, creditCardExpirationDate]
D/audioserver(  405): FGS Logger Transaction failed
D/audioserver(  405): -129
D/SafetySourceDataValidator(  537): No cert check requested for package com.google.android.permissioncontroller
I/ImeTracker( 1233): com.google.android.permissioncontroller:c642f9b: onRequestHide at ORIGIN_CLIENT_HIDE_SOFT_INPUT reason HIDE_SOFT_INPUT
I/ImeTracker( 1233): com.google.android.permissioncontroller:c642f9b: onFailed at PHASE_CLIENT_VIEW_SERVED
D/CoreBackPreview(  537): Window{bb81996 u0 com.google.android.permissioncontroller/com.android.permissioncontroller.permission.ui.GrantPermissionsActivity}: Setting back callback OnBackInvokedCallbackInfo{mCallback=android.window.IOnBackInvokedCallback$Stub$Proxy@ea0c56e, mPriority=0, mIsAnimationCallback=false}
V/WindowManagerShell(  749): onTransitionReady android.os.BinderProxy@29cc564: {id=19 t=OPEN f=0x0 trk=0 r=[0@Point(0, 0)] c=[{null m=OPEN f=TRANSLUCENT|FILLS_TASK leash=Surface(name=ActivityRecord{2f1cb79 u0 com.google.android.permissioncontroller/com.android.permissioncontroller.permission.ui.GrantPermissionsActivity)/@0x2a52793 sb=Rect(0, 0 - 0, 0) eb=Rect(0, 0 - 1080, 1920) d=-1->0 r=-1->0:-1}]}
V/WindowManagerShell(  749): Playing animation for (#19)android.os.BinderProxy@29cc564@0
V/WindowManagerShell(  749):  try handler com.android.wm.shell.transition.DefaultMixedHandler@c1bbb0b
V/WindowManagerShell(  749):  try handler com.android.wm.shell.keyguard.KeyguardTransitionHandler@4e2de8
V/WindowManagerShell(  749):  try handler com.android.wm.shell.activityembedding.ActivityEmbeddingController@cb66c01
V/WindowManagerShell(  749):  try handler com.android.wm.shell.recents.RecentsTransitionHandler@85a7aa6
V/ShellRecents(  749): RecentsTransitionHandler.startAnimation: no controller found
V/WindowManagerShell(  749):  try handler com.android.wm.shell.pip.PipTransition@248fce7
V/WindowManagerShell(  749):  try handler com.android.wm.shell.splitscreen.StageCoordinator@7cc4094
V/WindowManagerShell(  749):  try handler com.android.wm.shell.transition.RemoteTransitionHandler@41cc73d
V/WindowManagerShell(  749): Transition doesn't have explicit remote, search filters for match for {id=19 t=OPEN f=0x0 trk=0 r=[0@Point(0, 0)] c=[{null m=OPEN f=TRANSLUCENT|FILLS_TASK leash=Surface(name=ActivityRecord{2f1cb79 u0 com.google.android.permissioncontroller/com.android.permissioncontroller.permission.ui.GrantPermissionsActivity)/@0x2a52793 sb=Rect(0, 0 - 0, 0) eb=Rect(0, 0 - 1080, 1920) d=-1->0 r=-1->0:-1}]}
V/WindowManagerShell(  749):  Checking filter Pair{{types=[] flags=0x0] notFlags=0x0 checks=[{atype=dream independent=true modes=[OPEN,TO_FRONT] flags=NONE mustBeTask=false order=ANY topActivity=null},{atype=home independent=true modes=[CLOSE,TO_BACK] flags=NONE mustBeTask=false order=ANY topActivity=null}]} RemoteTransition { remoteTransition = android.window.IRemoteTransition$Stub$Proxy@90d18e6, appThread = android.app.IApplicationThread$Stub$Proxy@dde27, debugName = LauncherToDream }}
V/WindowManagerShell(  749):  Checking filter Pair{{types=[] flags=0x0] notFlags=0x100 checks=[{atype=home independent=true modes=[OPEN,TO_FRONT] flags=NONE mustBeTask=false order=TOP topActivity=ComponentInfo{com.google.android.apps.nexuslauncher/com.google.android.apps.nexuslauncher.NexusLauncherActivity}},{atype=standard independent=true modes=[CLOSE,TO_BACK] flags=NONE mustBeTask=false order=ANY topActivity=null}]} RemoteTransition { remoteTransition = android.window.IRemoteTransition$Stub$Proxy@8c1a8d4, appThread = android.app.IApplicationThread$Stub$Proxy@3ddaa7d, debugName = QuickstepLaunchHome }}
V/WindowManagerShell(  749):  Delegate animation for #19 to null
V/WindowManagerShell(  749):  try handler com.android.wm.shell.transition.DefaultTransitionHandler@cec387e
V/WindowManagerShell(  749): start default transition animation, info = {id=19 t=OPEN f=0x0 trk=0 r=[0@Point(0, 0)] c=[{null m=OPEN f=TRANSLUCENT|FILLS_TASK leash=Surface(name=ActivityRecord{2f1cb79 u0 com.google.android.permissioncontroller/com.android.permissioncontroller.permission.ui.GrantPermissionsActivity)/@0x2a52793 sb=Rect(0, 0 - 0, 0) eb=Rect(0, 0 - 1080, 1920) d=-1->0 r=-1->0:-1}]}
V/WindowManagerShell(  749): loadAnimation: anim=null animAttr=0x4 type=OPEN isEntrance=true
V/WindowManagerShell(  749): Transition animation finished (aborted=false), notifying core (#19)android.os.BinderProxy@29cc564@0
I/ActivityTaskManager(  537): Displayed com.google.android.permissioncontroller/com.android.permissioncontroller.permission.ui.GrantPermissionsActivity for user 0: +209ms
V/WindowManager(  537): Sent Transition #19 createdAt=09-17 16:28:04.091 via request=TransitionRequestInfo { type = OPEN, triggerTask = TaskInfo{userId=0 taskId=21 displayId=0 isRunning=true baseIntent=Intent { flg=0x10000000 cmp=com.ubmprobe/.MainActivity } baseActivity=ComponentInfo{com.ubmprobe/com.ubmprobe.MainActivity} topActivity=ComponentInfo{com.google.android.permissioncontroller/com.android.permissioncontroller.permission.ui.GrantPermissionsActivity} origActivity=null realActivity=ComponentInfo{com.ubmprobe/com.ubmprobe.MainActivity} numActivities=2 lastActiveTime=609219 supportsMultiWindow=true resizeMode=1 isResizeable=true minWidth=-1 minHeight=-1 defaultMinSize=220 token=WCT{RemoteToken{b5df033 Task{47fcd9f #21 type=standard A=10196:com.ubmprobe}}} topActivityType=1 pictureInPictureParams=null shouldDockBigOverlays=false launchIntoPipHostTaskId=-1 lastParentTaskIdBeforePip=-1 displayCutoutSafeInsets=null topActivityInfo=ActivityInfo{199e821 com.android.permissioncontroller.permission.ui.GrantPermissionsActivity} launchCookies=[] positionInParent=Point(0, 0) parentTaskId=-1 isFocused=true isVisible=true isVisibleRequested=true isSleeping=false topActivityInSizeCompat=false topActivityEligibleForLetterboxEducation= false topActivityLetterboxed= false isFromDoubleTap= false topActivityLetterboxVerticalPosition= -1 topActivityLetterboxHorizontalPosition= -1 topActivityLetterboxWidth=-1 topActivityLetterboxHeight=-1 locusId=null displayAreaFeatureId=1 cameraCompatControlState=hidden}, remoteTransition = null, displayChange = null }
V/WindowManager(  537):     startWCT=WindowContainerTransaction { changes = {} hops = [] errorCallbackToken=null taskFragmentOrganizer=null }
V/WindowManager(  537):     info={id=19 t=OPEN f=0x0 trk=0 r=[0@Point(0, 0)] c=[{null m=OPEN f=TRANSLUCENT|FILLS_TASK leash=Surface(name=ActivityRecord{2f1cb79 u0 com.google.android.permissioncontroller/com.android.permissioncontroller.permission.ui.GrantPermissionsActivity)/@0x62d3c9c sb=Rect(0, 0 - 0, 0) eb=Rect(0, 0 - 1080, 1920) d=-1->0 r=-1->0:-1}]}
V/WindowManager(  537): Finish Transition #19: created at 09-17 16:28:04.091 collect-started=0.023ms request-sent=2.638ms started=3.723ms ready=116.684ms sent=210.933ms finished=215.714ms
V/WindowManagerShell(  749): Track 0 became idle
V/WindowManagerShell(  749): All active transition animations finished
V/WindowManagerShell(  749):  animated by com.android.wm.shell.transition.DefaultTransitionHandler@cec387e
V/WindowManagerShell(  749): Track 0 became idle
V/WindowManagerShell(  749): All active transition animations finished
I/ImeTracker(  537): com.google.android.permissioncontroller:6e21b10d: onRequestHide at ORIGIN_SERVER_HIDE_INPUT reason HIDE_ALWAYS_HIDDEN_STATE
I/ImeTracker(  537): com.google.android.permissioncontroller:6e21b10d: onCancelled at PHASE_SERVER_SHOULD_HIDE
I/GoogleInputMethodService( 1416): GoogleInputMethodService.onFinishInput():3227 
I/GoogleInputMethodService( 1416): GoogleInputMethodService.updateDeviceLockedStatus():2087 repeatCheckTimes = 0, unlocked = true
I/GoogleInputMethodService( 1416): GoogleInputMethodService.onStartInput():1877 onStartInput(EditorInfo{inputType=0x0(NULL) imeOptions=0x0 privateImeOptions=null actionName=UNSPECIFIED actionLabel=null actionId=0 initialSelStart=-1 initialSelEnd=-1 initialCapsMode=0x0 hintText=null label=null packageName=com.google.android.permissioncontroller fieldId=0 fieldName=null extras=null}, false)
I/GoogleInputMethodService( 1416): GoogleInputMethodService.shouldHideHeaderOnInitialState():4008 ShouldHideHeaderOnInitialState = false
I/GoogleInputMethodService( 1416): GoogleInputMethodService.updateDeviceLockedStatus():2087 repeatCheckTimes = 2, unlocked = true
D/android.hardware.audio@7.1-impl.ranchu(  361): threadLoop: entering standby, frames: 1192448
D/AndroidRuntime( 5424): >>>>>> START com.android.internal.os.RuntimeInit uid 2000 <<<<<<
I/AndroidRuntime( 5424): Using default boot image
I/AndroidRuntime( 5424): Leaving lock profiling enabled
I/app_process( 5424): Core platform API reporting enabled, enforcing=false
I/app_process( 5424): Using CollectorTypeCC GC.
D/nativeloader( 5424): InitDefaultPublicLibraries for_preload=1: libandroid.so:libaaudio.so:libamidi.so:libbinder_ndk.so:libc.so:libcamera2ndk.so:libdl.so:libEGL.so:libGLESv1_CM.so:libGLESv2.so:libGLESv3.so:libicu.so:libicui18n.so:libicuuc.so:libjnigraphics.so:liblog.so:libmediandk.so:libm.so:libnativehelper.so:libnativewindow.so:libOpenMAXAL.so:libOpenSLES.so:libRS.so:libstdc++.so:libsync.so:libvulkan.so:libwebviewchromium_plat_support.so:libz.so
D/app_process( 5424): Time zone APEX ICU file found: /apex/com.android.tzdata/etc/icu/icu_tzdata.dat
D/app_process( 5424): I18n APEX ICU file found: /apex/com.android.i18n/etc/icu/icudt72l.dat
W/app_process( 5424): Unexpected CPU variant for x86: x86_64.
W/app_process( 5424): Known variants: atom, sandybridge, silvermont, goldmont, goldmont-plus, tremont, kabylake, default
W/app_process( 5424): ClassLoaderContext shared library size mismatch. Expected=2, found=0 (PCL[]{PCL[/system/framework/android.test.base.jar*836642756]#PCL[/system/framework/android.test.mock.jar*3186112116]} | PCL[])
W/app_process( 5424): ClassLoaderContext classpath size mismatch. expected=0, found=1 (PCL[]{PCL[/system/framework/android.test.runner.jar*4168958247]{PCL[/system/framework/android.test.base.jar*836642756]#PCL[/system/framework/android.test.mock.jar*3186112116]}#PCL[/system/framework/android.test.base.jar*836642756]} | PCL[/system/framework/android.test.runner.jar*4168958247])
W/libc    ( 5424): Access denied finding property "ro.product.name_for_attestation"
W/libc    ( 5424): Access denied finding property "ro.product.brand_for_attestation"
W/libc    ( 5424): Access denied finding property "ro.product.model_for_attestation"
D/AndroidRuntime( 5424): Calling main entry com.android.commands.uiautomator.Launcher
W/main    ( 5424): type=1400 audit(0.0:70): avc:  denied  { read } for  name="u:object_r:build_attestation_prop:s0" dev="tmpfs" ino=86 scontext=u:r:shell:s0 tcontext=u:object_r:build_attestation_prop:s0 tclass=file permissive=0
D/UiAutomationConnection( 5424): Created on user UserHandle{0}
I/UiAutomation( 5424): Initialized for user 0 on display 0
W/UiAutomation( 5424): Created with deprecatead constructor, assumes DEFAULT_DISPLAY
W/main    ( 5424): type=1400 audit(0.0:71): avc:  denied  { read } for  name="u:object_r:build_attestation_prop:s0" dev="tmpfs" ino=86 scontext=u:r:shell:s0 tcontext=u:object_r:build_attestation_prop:s0 tclass=file permissive=0
D/AccessibilityManagerService(  537): changeCurrentUserForTestAutomationIfNeededLocked(0): ignoring because device doesn't support visible background users
I/UiAutomationManager(  537): Registering UiTestAutomationService (id=com.android.server.accessibility/UiAutomation) when called by user 0
W/WindowMagnificationMgr(  537): requestConnection duplicated request: connect=false, mConnectionState=DISCONNECTED
W/main    ( 5424): type=1400 audit(0.0:72): avc:  denied  { read } for  name="u:object_r:build_attestation_prop:s0" dev="tmpfs" ino=86 scontext=u:r:shell:s0 tcontext=u:object_r:build_attestation_prop:s0 tclass=file permissive=0
V/UiAutomation( 5424): Init UiAutomation@b8cb1[id=10, displayId=0, flags=0]
I/AiAiEcho( 1480): Settings changed for uri: content://settings/secure/accessibility_enabled
I/AiAiEcho( 1480): Predicting[0]: 
I/AiAiEcho( 1480): EchoTargets: 
I/AiAiEcho( 1480): Filtered by AiAi flag check: 
I/AiAiEcho( 1480): Ranked targets strategy: SORT, count: 0, ranking metadata: 
W/WindowMagnificationMgr(  537): requestConnection duplicated request: connect=false, mConnectionState=DISCONNECTED
I/AiAiEcho( 1480): Predicting[0]: 
I/AiAiEcho( 1480): EchoTargets: 
I/AiAiEcho( 1480): Filtered by AiAi flag check: 
I/AiAiEcho( 1480): Ranked targets strategy: SORT, count: 0, ranking metadata: 
I/AiAiEcho( 1480): Predicting[0]: 
I/AiAiEcho( 1480): EchoTargets: 
I/AiAiEcho( 1480): Filtered by AiAi flag check: 
I/A       ( 1653): NGA disabled since it's running Panthera and at least one a11y feature is on.
I/A       ( 1653): Nga state changed to NgaStateDetails{state=DISABLED, isSpecialExperience=false}
I/AiAiEcho( 1480): Settings changed for uri: content://settings/secure/accessibility_enabled
I/AiAiEcho( 1480): Ranked targets strategy: SORT, count: 0, ranking metadata: 
I/AiAiEcho( 1480): #postPredictionTargets: Sending updates to UISurface media_data_manager with targets# 0 (types=[])
D/BatterySaverPolicy(  537): accessibility changed to true, updating policy.
I/AiAiEcho( 1480): #postPredictionTargets: Sending updates to UISurface lockscreen with targets# 0 (types=[])
I/AiAiEcho( 1480): Predicting[0]: 
I/AiAiEcho( 1480): EchoTargets: 
I/AiAiEcho( 1480): Filtered by AiAi flag check: 
I/AiAiEcho( 1480): Ranked targets strategy: SORT, count: 0, ranking metadata: 
I/A       ( 1487): APA or Classic session decision: SessionDecision(sessionVariance=CLASSIC, platformVariance=CLASSIC, justification=CURRENT_PLATFORM_VARIANCE).
I/A       ( 1487): Unsubscribed to apa or classic variant change.
I/A       ( 1487): [Memory] eligibility: StashEligibility{4}
D/SafetySourceDataValidator(  537): No cert check requested for package com.google.android.permissioncontroller
I/AiAiEcho( 1480): Predicting[0]: 
I/AiAiEcho( 1480): EchoTargets: 
I/AiAiEcho( 1480): Filtered by AiAi flag check: 
I/AiAiEcho( 1480): Ranked targets strategy: SORT, count: 0, ranking metadata: 
I/AiAiEcho( 1480): Predicting[0]: 
I/AiAiEcho( 1480): EchoTargets: 
I/AiAiEcho( 1480): Filtered by AiAi flag check: 
I/AiAiEcho( 1480): Ranked targets strategy: SORT, count: 0, ranking metadata: 
I/AiAiEcho( 1480): #postPredictionTargets: Sending updates to UISurface home with targets# 0 (types=[])
I/AiAiEcho( 1480): #postPredictionTargets: Sending updates to UISurface media_data_manager with targets# 0 (types=[])
D/SsMediaDataProvider(  749): Forwarding Smartspace updates []
W/PageIndicator(  749): Total number of pages invalid: 0. Assuming 1 page.
D/SsMediaDataProvider(  749): Forwarding Smartspace updates []
I/AiAiEcho( 1480): #postPredictionTargets: Sending updates to UISurface lockscreen with targets# 0 (types=[])
W/PageIndicator(  749): Total number of pages invalid: 0. Assuming 1 page.
I/AiAiEcho( 1480): #postPredictionTargets: Sending updates to UISurface home with targets# 0 (types=[])
I/wpa_supplicant(  729): wlan0: CTRL-EVENT-BEACON-LOSS 
D/ControlsListingControllerImpl(  749): Subscribing callback, service count: 0
D/ControlsListingControllerImpl(  749): Unsubscribing callback
W/AccessibilityNodeInfoDumper( 5424): Fetch time: 2ms
W/WindowMagnificationMgr(  537): requestConnection duplicated request: connect=false, mConnectionState=DISCONNECTED
D/AccessibilityManagerService(  537): restoreCurrentUserForTestAutomationIfNeededLocked(): ignoring because device doesn't support visible background users
I/AiAiEcho( 1480): Settings changed for uri: content://settings/secure/accessibility_enabled
D/AndroidRuntime( 5424): Shutting down VM
I/AiAiEcho( 1480): Predicting[0]: 
I/AiAiEcho( 1480): EchoTargets: 
I/AiAiEcho( 1480): Filtered by AiAi flag check: 
I/AiAiEcho( 1480): Ranked targets strategy: SORT, count: 0, ranking metadata: 
I/AiAiEcho( 1480): Predicting[0]: 
I/AiAiEcho( 1480): EchoTargets: 
I/AiAiEcho( 1480): Filtered by AiAi flag check: 
I/AiAiEcho( 1480): Ranked targets strategy: SORT, count: 0, ranking metadata: 
I/AiAiEcho( 1480): Predicting[0]: 
I/AiAiEcho( 1480): EchoTargets: 
I/AiAiEcho( 1480): Filtered by AiAi flag check: 
I/AiAiEcho( 1480): Ranked targets strategy: SORT, count: 0, ranking metadata: 
I/AiAiEcho( 1480): #postPredictionTargets: Sending updates to UISurface media_data_manager with targets# 0 (types=[])
I/AiAiEcho( 1480): #postPredictionTargets: Sending updates to UISurface lockscreen with targets# 0 (types=[])
I/A       ( 1653): NGA enabled in interactor.
I/A       ( 1653): Nga state changed to NgaStateDetails{state=ENABLED, isSpecialExperience=false}
I/AiAiEcho( 1480): #postPredictionTargets: Sending updates to UISurface home with targets# 0 (types=[])
D/BatterySaverPolicy(  537): accessibility changed to false, updating policy.
D/SsMediaDataProvider(  749): Forwarding Smartspace updates []
W/PageIndicator(  749): Total number of pages invalid: 0. Assuming 1 page.
I/A       ( 1487): Initializing all components
I/A       ( 1487): APA or Classic session decision: SessionDecision(sessionVariance=CLASSIC, platformVariance=CLASSIC, justification=CURRENT_PLATFORM_VARIANCE).
I/A       ( 1487): [Memory] eligibility: StashEligibility{6}
I/A       ( 1487): onIsEnabledChanged, isEnabled: false
W/A       ( 1487): Disposing empty manager. Did you forgot to subscribe observables?
W/A       ( 1487): Disposing empty manager. Did you forgot to subscribe observables?
I/A       ( 1487): State changed: IDLE => IDLE by NGA_STATE_CHANGED and N/A with Optional.empty
I/A       ( 1487): Recognizer choice: (recognizer_type: 1, recognizer_mode: 1, choice_reason: 4)
W/A       ( 1487): Disposing empty manager. Did you forgot to subscribe observables?
W/A       ( 1487): Disposing empty manager. Did you forgot to subscribe observables?
I/A       ( 1487): onActiveStateChangeEvent: IDLE => IDLE
I/A       ( 1487): #onActiveStateChangeEvent, newState: IDLE, previousState: IDLE.
W/A       ( 1487): Disposing empty manager. Did you forgot to subscribe observables?
W/A       ( 1487): Disposing empty manager. Did you forgot to subscribe observables?
W/A       ( 1487): Disposing empty manager. Did you forgot to subscribe observables?
W/A       ( 1487): Disposing empty manager. Did you forgot to subscribe observables?
I/A       ( 1487): on opa visibility changed false
W/A       ( 1487): Disposing empty manager. Did you forgot to subscribe observables?
W/A       ( 1487): Disposing empty manager. Did you forgot to subscribe observables?
I/A       ( 1487): onOpaVisibilityChanged: false
W/A       ( 1487): Disposing empty manager. Did you forgot to subscribe observables?
W/A       ( 1487): Disposing empty manager. Did you forgot to subscribe observables?
W/A       ( 1487): Disposing empty manager. Did you forgot to subscribe observables?
W/A       ( 1487): Disposing empty manager. Did you forgot to subscribe observables?
W/A       ( 1487): Disposing empty manager. Did you forgot to subscribe observables?
W/A       ( 1487): Disposing empty manager. Did you forgot to subscribe observables?
I/A       ( 1487): Setting session to type: NO_SESSION
W/A       ( 1487): Disposing empty manager. Did you forgot to subscribe observables?
W/A       ( 1487): Disposing empty manager. Did you forgot to subscribe observables?
W/A       ( 1487): Disposing empty manager. Did you forgot to subscribe observables?
W/A       ( 1487): Disposing empty manager. Did you forgot to subscribe observables?
W/A       ( 1487): Disposing empty manager. Did you forgot to subscribe observables?
W/A       ( 1487): Disposing empty manager. Did you forgot to subscribe observables?
W/A       ( 1487): Disposing empty manager. Did you forgot to subscribe observables?
W/A       ( 1487): Disposing empty manager. Did you forgot to subscribe observables?
I/A       ( 1487): setNavBarVisible: GestureNavBarVisible{navbarVisible=true}
W/A       ( 1487): Disposing empty manager. Did you forgot to subscribe observables?
W/A       ( 1487): Disposing empty manager. Did you forgot to subscribe observables?
W/A       ( 1487): Disposing empty manager. Did you forgot to subscribe observables?
W/A       ( 1487): Disposing empty manager. Did you forgot to subscribe observables?
W/A       ( 1487): Disposing empty manager. Did you forgot to subscribe observables?
W/A       ( 1487): Disposing empty manager. Did you forgot to subscribe observables?
I/A       ( 1487): onDisabled. Registered: false
I/A       ( 1487): Initialize
I/A       ( 1487): stopListening(NGA_PAUSED_UNKNOWN_REASON, NGA_CREATE), idleOverride=NOT_LISTENING
I/ActivityManager(  537): Killing 902:com.android.settings/1000 (adj 985): empty #17
I/ActivityManager(  537): Killing 3397:com.google.android.settings.intelligence/u0a119 (adj 985): empty #18
I/ActivityManager(  537): Killing 1200:android.process.acore/u0a84 (adj 995): empty #19
I/ActivityManager(  537): Killing 2013:com.google.android.apps.messaging/u0a131 (adj 925): empty #20
I/ActivityManager(  537): Killing 3137:com.google.android.contacts/u0a156 (adj 935): empty #21
I/ActivityManager(  537): Killing 3623:com.google.android.gms.ui/u0a128 (adj 999): empty #22
I/ActivityManager(  537): Killing 1875:com.google.process.gapps/u0a128 (adj 999): empty #23
I/ActivityManager(  537): Killing 4021:com.google.android.googlequicksearchbox/u0a132 (adj 935): empty #24
I/ActivityManager(  537): Killing 3322:com.google.android.rkpdapp/u0a183 (adj 999): empty #25
I/ActivityManager(  537): Killing 2442:com.google.android.tts/u0a150 (adj 999): empty #26
I/ActivityManager(  537): Killing 2912:com.android.providers.calendar/u0a89 (adj 999): empty #27
I/ActivityManager(  537): Killing 3660:com.google.android.marvin.talkback/u0a138 (adj 999): empty #28
I/NgaEntryPointEventSendr( 1487): setupConnection
I/ActivityManager(  537): Killing 3629:com.google.android.healthconnect.controller/u0a190 (adj 999): empty #29
I/ActivityManager(  537): Killing 1068:com.google.android.cellbroadcastreceiver/u0a188 (adj 999): empty #30
I/ActivityManager(  537): Killing 1715:com.android.traceur/u0a114 (adj 999): empty #31
I/ActivityManager(  537): Killing 3608:com.android.emergency/u0a164 (adj 999): empty #32
I/ActivityManager(  537): Killing 3289:com.google.android.partnersetup/u0a124 (adj 999): empty #33
I/ActivityManager(  537): Killing 1755:com.android.printspooler/u0a104 (adj 999): empty #34
I/ActivityManager(  537): Killing 3221:com.google.android.gm/u0a142 (adj 945): empty #35
I/ActivityManager(  537): Killing 3089:com.google.android.configupdater/u0a129 (adj 999): empty #36
I/ActivityManager(  537): Killing 2971:com.android.shell/2000 (adj 999): empty #37
I/ActivityManager(  537): Killing 1586:com.google.android.devicelockcontroller/u0a184 (adj 999): empty #38
I/ActivityManager(  537): Killing 2841:com.android.dynsystem:dynsystem/1000 (adj 999): empty #39
I/ActivityManager(  537): Killing 2703:com.android.imsserviceentitlement/u0a117 (adj 999): empty #40
I/ActivityManager(  537): Killing 2810:com.android.managedprovisioning/u0a99 (adj 999): empty #41
I/ActivityManager(  537): Killing 2554:com.google.android.apps.wallpaper/u0a161 (adj 999): empty #42
I/ActivityManager(  537): Killing 2734:com.android.dynsystem/1000 (adj 999): empty #43
I/ActivityManager(  537): Killing 2643:com.android.localtransport/1000 (adj 999): empty #44
I/ActivityManager(  537): Killing 2607:com.android.camera2/u0a145 (adj 999): empty #45
I/ActivityManager(  537): Killing 1894:com.google.android.onetimeinitializer/u0a125 (adj 999): empty #46
E/GsaVoiceSerConnection( 1487): gsaVis null binding
I/NgaEntryPointEventSendr( 1487): State changed: Disconnected => Connecting
I/A       ( 1653): Creating pss binder().
I/NgaEntryPointEventSendr( 1487): onServiceConnected
I/libprocessgroup(  537): Successfully killed process cgroup uid 1000 pid 902 in 6ms
I/A       ( 1653): Calling beginBinderSession().
I/A       ( 1487): on opa visibility changed false
I/A       ( 1653): beginBinderSession(): calling binder
I/A       ( 1487): Successfully initialized all components
I/NgaEntryPointEventSendr( 1487): State changed: Connecting => Ready
W/ActivityManager(  537): Unable to start service Intent { cmp=com.google.android.apps.tachyon/.clientapi.ClientApiService } U=0: not found
W/A       ( 1653): UiCallbackStub-onGenericEvent[ServiceEvent = 60] task was not run. Callback from Service received after client was disposed.
E/IPCThreadState(  537): Binder transaction failure: 278480/29189/-3
I/PBSessionCacheImpl( 1653): Deleted sessionId[7271760569948398] from persistence.
D/DisplayManagerService(  537): Drop pending events for gone uid 10119
W/SearchServiceCore( 1653): Abort, client detached.
I/Zygote  (  356): Process 3623 exited due to signal 9 (Killed)
I/binder  (    0): undelivered transaction 275354, process died.
I/binder  (    0): undelivered transaction 275407, process died.
I/binder  (    0): undelivered transaction 275427, process died.
I/binder  (    0): undelivered transaction 275446, process died.
I/binder  (    0): undelivered transaction 275772, process died.
I/binder_alloc(    0): 902: binder_alloc_buf, no vma
I/binder  (    0): cannot allocate buffer: vma cleared, target dead or dying
I/binder  (    0): 537:4652 transaction async to 902:0 failed 278480/29189/-3, size 108-8 line 3406
I/binder  (    0): undelivered transaction 275792, process died.
I/binder  (    0): undelivered transaction 275811, process died.
I/binder  (    0): undelivered transaction 277828, process died.
I/Zygote  (  356): Process 3397 exited due to signal 9 (Killed)
I/Zygote  (  356): Process 2841 exited due to signal 9 (Killed)
I/Zygote  (  356): Process 1200 exited due to signal 9 (Killed)
I/Zygote  (  356): Process 1875 exited due to signal 9 (Killed)
D/CountryDetector(  537): No listener is left
I/Zygote  (  356): Process 2554 exited due to signal 9 (Killed)
I/MR2ServiceImpl(  537): unregisterManager | package: com.android.settings, user: 0, manager: 2
I/Zygote  (  356): Process 902 exited due to signal 9 (Killed)
D/DisplayManagerService(  537): Drop pending events for gone uid 10084
I/NgaEntryPointEventSendr( 1487): State changed: Ready => Disconnected (onOpaDisconnected)
D/DisplayManagerService(  537): Drop pending events for gone uid 10161
I/libprocessgroup(  537): Successfully killed process cgroup uid 10119 pid 3397 in 0ms
I/Zygote  (  356): Process 2013 exited due to signal 9 (Killed)
D/ConnectivityService(  537): releasing NetworkRequest [ REQUEST id=106, [ Capabilities: INTERNET&NOT_RESTRICTED&TRUSTED&NOT_VCN_MANAGED Uid: 10131 RequestorUid: 10131 RequestorPkg: com.google.android.apps.messaging UnderlyingNetworks: Null] ] (release request)
D/ConnectivityService(  537): releasing NetworkRequest [ REQUEST id=119, [ Capabilities: INTERNET&NOT_RESTRICTED&TRUSTED&NOT_VCN_MANAGED Uid: 10156 RequestorUid: 10156 RequestorPkg: com.google.android.contacts UnderlyingNetworks: Null] ] (release request)
D/DisplayManagerService(  537): Drop pending events for gone uid 10156
I/Zygote  (  356): Process 3660 exited due to signal 9 (Killed)
I/Zygote  (  356): Process 3629 exited due to signal 9 (Killed)
I/Zygote  (  356): Process 3137 exited due to signal 9 (Killed)
I/libprocessgroup(  537): Successfully killed process cgroup uid 10084 pid 1200 in 0ms
I/libprocessgroup(  537): Successfully killed process cgroup uid 10131 pid 2013 in 0ms
I/libprocessgroup(  537): Successfully killed process cgroup uid 10156 pid 3137 in 0ms
I/libprocessgroup(  537): Successfully killed process cgroup uid 10128 pid 3623 in 0ms
I/libprocessgroup(  537): Successfully killed process cgroup uid 10128 pid 1875 in 0ms
I/libprocessgroup(  537): Successfully killed process cgroup uid 10132 pid 4021 in 0ms
D/DisplayManagerService(  537): Drop pending events for gone uid 10190
D/DisplayManagerService(  537): Drop pending events for gone uid 10138
I/Zygote  (  356): Process 1068 exited due to signal 9 (Killed)
D/DisplayManagerService(  537): Drop pending events for gone uid 10188
I/Zygote  (  356): Process 2643 exited due to signal 9 (Killed)
I/Zygote  (  356): Process 2971 exited due to signal 9 (Killed)
I/Zygote  (  356): Process 3322 exited due to signal 9 (Killed)
D/DisplayManagerService(  537): Drop pending events for gone uid 10183
I/Zygote  (  356): Process 2442 exited due to signal 9 (Killed)
I/Zygote  (  356): Process 2912 exited due to signal 9 (Killed)
D/ConnectivityService(  537): releasing NetworkRequest [ REQUEST id=112, [ Capabilities: INTERNET&NOT_RESTRICTED&TRUSTED&NOT_VCN_MANAGED Uid: 10150 RequestorUid: 10150 RequestorPkg: com.google.android.tts UnderlyingNetworks: Null] ] (release request)
I/libprocessgroup(  537): Successfully killed process cgroup uid 10183 pid 3322 in 0ms
I/libprocessgroup(  537): Successfully killed process cgroup uid 10150 pid 2442 in 0ms
I/libprocessgroup(  537): Successfully killed process cgroup uid 10089 pid 2912 in 0ms
I/Zygote  (  356): Process 4021 exited due to signal 9 (Killed)
I/libprocessgroup(  537): Successfully killed process cgroup uid 10138 pid 3660 in 0ms
I/libprocessgroup(  537): Successfully killed process cgroup uid 10190 pid 3629 in 0ms
I/libprocessgroup(  537): Successfully killed process cgroup uid 10188 pid 1068 in 0ms
I/libprocessgroup(  537): Successfully killed process cgroup uid 10114 pid 1715 in 0ms
I/Zygote  (  356): Process 1894 exited due to signal 9 (Killed)
D/DisplayManagerService(  537): Drop pending events for gone uid 10125
I/Zygote  (  356): Process 3221 exited due to signal 9 (Killed)
I/Zygote  (  356): Process 2607 exited due to signal 9 (Killed)
I/Zygote  (  356): Process 1715 exited due to signal 9 (Killed)
D/DisplayManagerService(  537): Drop pending events for gone uid 10142
I/Zygote  (  356): Process 3608 exited due to signal 9 (Killed)
I/Zygote  (  356): Process 1755 exited due to signal 9 (Killed)
D/DisplayManagerService(  537): Drop pending events for gone uid 2000
D/DisplayManagerService(  537): Drop pending events for gone uid 10104
D/DisplayManagerService(  537): Drop pending events for gone uid 10150
D/DisplayManagerService(  537): Drop pending events for gone uid 10114
D/DisplayManagerService(  537): Drop pending events for gone uid 10089
D/ActivityManager(  537): sync unfroze 1716 com.google.android.gms for 5
D/BoundBrokerSvc( 1150): onUnbind: Intent { act=com.google.android.gms.phenotype.service.START pkg=com.google.android.gms }
I/libprocessgroup(  537): Successfully killed process cgroup uid 10164 pid 3608 in 0ms
I/libprocessgroup(  537): Successfully killed process cgroup uid 10124 pid 3289 in 0ms
I/Zygote  (  356): Process 2734 exited due to signal 9 (Killed)
I/Zygote  (  356): Process 2810 exited due to signal 9 (Killed)
D/DisplayManagerService(  537): Drop pending events for gone uid 10145
D/BoundBrokerSvc( 1716): onUnbind: Intent { act=com.google.android.mobstore.service.START pkg=com.google.android.gms }
D/DisplayManagerService(  537): Drop pending events for gone uid 10164
I/Zygote  (  356): Process 2703 exited due to signal 9 (Killed)
D/DisplayManagerService(  537): Drop pending events for gone uid 10099
D/DisplayManagerService(  537): Drop pending events for gone uid 10117
D/DisplayManagerService(  537): Drop pending events for gone uid 10124
I/Zygote  (  356): Process 3289 exited due to signal 9 (Killed)
D/DisplayManagerService(  537): Drop pending events for gone uid 10184
I/Zygote  (  356): Process 1586 exited due to signal 9 (Killed)
D/DisplayManagerService(  537): Drop pending events for gone uid 10129
I/Zygote  (  356): Process 3089 exited due to signal 9 (Killed)
I/libprocessgroup(  537): Successfully killed process cgroup uid 10104 pid 1755 in 0ms
I/libprocessgroup(  537): Successfully killed process cgroup uid 10142 pid 3221 in 0ms
I/libprocessgroup(  537): Successfully killed process cgroup uid 10129 pid 3089 in 0ms
I/libprocessgroup(  537): Successfully killed process cgroup uid 2000 pid 2971 in 0ms
I/libprocessgroup(  537): Successfully killed process cgroup uid 10184 pid 1586 in 0ms
I/libprocessgroup(  537): Successfully killed process cgroup uid 1000 pid 2841 in 0ms
I/libprocessgroup(  537): Successfully killed process cgroup uid 10117 pid 2703 in 0ms
I/libprocessgroup(  537): Successfully killed process cgroup uid 10099 pid 2810 in 0ms
I/libprocessgroup(  537): Successfully killed process cgroup uid 10161 pid 2554 in 0ms
I/libprocessgroup(  537): Successfully killed process cgroup uid 1000 pid 2734 in 0ms
I/libprocessgroup(  537): Successfully killed process cgroup uid 1000 pid 2643 in 0ms
I/libprocessgroup(  537): Successfully killed process cgroup uid 10145 pid 2607 in 0ms
I/libprocessgroup(  537): Successfully killed process cgroup uid 10125 pid 1894 in 0ms
D/StatusBarIconController(  749): ignoring old pipeline callbacks, because the new mobile icons are enabled
D/EGL_emulation(  749): app_time_stats: avg=11509.26ms min=11509.26ms max=11509.26ms count=1
D/TaplEvents( 1281): TIS / TouchInteractionService.onInputEvent: MotionEvent { action=ACTION_DOWN, actionButton=0, id[0]=0, x[0]=540.0, y[0]=1062.0, toolType[0]=TOOL_TYPE_FINGER, buttonState=0, classification=NONE, metaState=0, flags=0x0, edgeFlags=0x0, pointerCount=1, historySize=0, eventTime=617218, downTime=617218, deviceId=-1, source=0x1002, displayId=0, eventId=-647003440 }
D/TaplEvents( 1281): TIS / TouchInteractionService.onInputEvent: MotionEvent { action=ACTION_UP, actionButton=0, id[0]=0, x[0]=540.0, y[0]=1062.0, toolType[0]=TOOL_TYPE_FINGER, buttonState=0, classification=NONE, metaState=0, flags=0x0, edgeFlags=0x0, pointerCount=1, historySize=0, eventTime=617218, downTime=617218, deviceId=-1, source=0x1002, displayId=0, eventId=-20855144 }
V/GrantPermissionsViewModel( 1233): Logged buttons presented and clicked permissionGroupName=android.permission-group.NEARBY_DEVICES uid=10196 selectedPrecision=0 package=com.ubmprobe presentedButtons=9 clickedButton=1 isPermissionRationaleShown=false sessionId=329196534296452627 targetSdk=36
D/audioserver(  405): FGS Logger Transaction failed
D/audioserver(  405): -129
D/AudioFlinger(  405): mixer(0x7c4fc386d930) throttle end: throttle time(34)
V/GrantPermissionsViewModel( 1233): Permission grant result requestId=329196534296452627 callingUid=10196 callingPackage=com.ubmprobe permission=android.permission.BLUETOOTH_SCAN isImplicit=false result=4 isPermissionRationaleShown=false
V/GrantPermissionsViewModel( 1233): Permission grant result requestId=329196534296452627 callingUid=10196 callingPackage=com.ubmprobe permission=android.permission.BLUETOOTH_CONNECT isImplicit=false result=4 isPermissionRationaleShown=false
V/WindowManagerShell(  749): Transition requested: android.os.BinderProxy@f3217bb TransitionRequestInfo { type = CLOSE, triggerTask = null, remoteTransition = null, displayChange = null }
D/CompatibilityChangeReporter( 5335): Compat change id reported: 78294732; UID 10196; state: ENABLED
W/unknown:BridgelessReact( 5335): ReactHost{0}.onHostResume(activity)
V/WindowManagerShell(  749): onTransitionReady android.os.BinderProxy@f3217bb: {id=20 t=CLOSE f=0x0 trk=0 r=[0@Point(0, 0)] c=[{null m=CLOSE f=TRANSLUCENT|FILLS_TASK leash=Surface(name=ActivityRecord{2f1cb79 u0 com.google.android.permissioncontroller/com.android.permissioncontroller.permission.ui.GrantPermissionsActivity)/@0x13144d8 sb=Rect(0, 0 - 1080, 1920) eb=Rect(0, 0 - 1080, 1920) d=0}]}
V/WindowManagerShell(  749): Playing animation for (#20)android.os.BinderProxy@f3217bb@0
V/WindowManager(  537): Sent Transition #20 createdAt=09-17 16:28:12.097 via request=TransitionRequestInfo { type = CLOSE, triggerTask = null, remoteTransition = null, displayChange = null }
V/WindowManager(  537):     startWCT=WindowContainerTransaction { changes = {} hops = [] errorCallbackToken=null taskFragmentOrganizer=null }
V/WindowManager(  537):     info={id=20 t=CLOSE f=0x0 trk=0 r=[0@Point(0, 0)] c=[{null m=CLOSE f=TRANSLUCENT|FILLS_TASK leash=Surface(name=ActivityRecord{2f1cb79 u0 com.google.android.permissioncontroller/com.android.permissioncontroller.permission.ui.GrantPermissionsActivity)/@0x62d3c9c sb=Rect(0, 0 - 1080, 1920) eb=Rect(0, 0 - 1080, 1920) d=0}]}
V/WindowManagerShell(  749):  try handler com.android.wm.shell.transition.DefaultMixedHandler@c1bbb0b
V/WindowManagerShell(  749):  try handler com.android.wm.shell.keyguard.KeyguardTransitionHandler@4e2de8
V/WindowManagerShell(  749):  try handler com.android.wm.shell.activityembedding.ActivityEmbeddingController@cb66c01
V/WindowManagerShell(  749):  try handler com.android.wm.shell.recents.RecentsTransitionHandler@85a7aa6
V/ShellRecents(  749): RecentsTransitionHandler.startAnimation: no controller found
V/WindowManagerShell(  749):  try handler com.android.wm.shell.pip.PipTransition@248fce7
V/WindowManagerShell(  749):  try handler com.android.wm.shell.splitscreen.StageCoordinator@7cc4094
W/unknown:BridgelessReact( 5335): ReactHost{0}.ReactContext.onHostResume()
V/WindowManagerShell(  749):  try handler com.android.wm.shell.transition.RemoteTransitionHandler@41cc73d
V/WindowManagerShell(  749): Transition doesn't have explicit remote, search filters for match for {id=20 t=CLOSE f=0x0 trk=0 r=[0@Point(0, 0)] c=[{null m=CLOSE f=TRANSLUCENT|FILLS_TASK leash=Surface(name=ActivityRecord{2f1cb79 u0 com.google.android.permissioncontroller/com.android.permissioncontroller.permission.ui.GrantPermissionsActivity)/@0x13144d8 sb=Rect(0, 0 - 1080, 1920) eb=Rect(0, 0 - 1080, 1920) d=0}]}
V/WindowManagerShell(  749):  Checking filter Pair{{types=[] flags=0x0] notFlags=0x0 checks=[{atype=dream independent=true modes=[OPEN,TO_FRONT] flags=NONE mustBeTask=false order=ANY topActivity=null},{atype=home independent=true modes=[CLOSE,TO_BACK] flags=NONE mustBeTask=false order=ANY topActivity=null}]} RemoteTransition { remoteTransition = android.window.IRemoteTransition$Stub$Proxy@90d18e6, appThread = android.app.IApplicationThread$Stub$Proxy@dde27, debugName = LauncherToDream }}
V/WindowManagerShell(  749):  Checking filter Pair{{types=[] flags=0x0] notFlags=0x100 checks=[{atype=home independent=true modes=[OPEN,TO_FRONT] flags=NONE mustBeTask=false order=TOP topActivity=ComponentInfo{com.google.android.apps.nexuslauncher/com.google.android.apps.nexuslauncher.NexusLauncherActivity}},{atype=standard independent=true modes=[CLOSE,TO_BACK] flags=NONE mustBeTask=false order=ANY topActivity=null}]} RemoteTransition { remoteTransition = android.window.IRemoteTransition$Stub$Proxy@8c1a8d4, appThread = android.app.IApplicationThread$Stub$Proxy@3ddaa7d, debugName = QuickstepLaunchHome }}
V/WindowManagerShell(  749):  Delegate animation for #20 to null
I/ReactNativeJS( 5335): [UBM_PROBE] scan=granted connect=granted
V/WindowManagerShell(  749):  try handler com.android.wm.shell.transition.DefaultTransitionHandler@cec387e
I/ReactNativeJS( 5335): [UBM_PROBE] permission-ok=true
V/WindowManagerShell(  749): start default transition animation, info = {id=20 t=CLOSE f=0x0 trk=0 r=[0@Point(0, 0)] c=[{null m=CLOSE f=TRANSLUCENT|FILLS_TASK leash=Surface(name=ActivityRecord{2f1cb79 u0 com.google.android.permissioncontroller/com.android.permissioncontroller.permission.ui.GrantPermissionsActivity)/@0x13144d8 sb=Rect(0, 0 - 1080, 1920) eb=Rect(0, 0 - 1080, 1920) d=0}]}
V/WindowManagerShell(  749): loadAnimation: anim=null animAttr=0x7 type=CLOSE isEntrance=false
V/WindowManagerShell(  749): Transition animation finished (aborted=false), notifying core (#20)android.os.BinderProxy@f3217bb@0
I/ActivityManager(  537): Killing 1620:com.google.android.apps.youtube.music/u0a155 (adj 985): empty #17
D/TrafficStats( 5335): tagSocket(79) with statsTag=0xffffffff, statsUid=-1
V/WindowManager(  537): Finish Transition #20: created at 09-17 16:28:12.097 collect-started=0.02ms request-sent=0.042ms started=1.235ms ready=4.212ms sent=5.131ms finished=14.106ms
V/WindowManagerShell(  749): Track 0 became idle
V/WindowManagerShell(  749): All active transition animations finished
V/WindowManagerShell(  749):  animated by com.android.wm.shell.transition.DefaultTransitionHandler@cec387e
V/WindowManagerShell(  749): Track 0 became idle
V/WindowManagerShell(  749): All active transition animations finished
I/libprocessgroup(  537): Successfully killed process cgroup uid 10155 pid 1620 in 5ms
I/MediaSessionStack(  537): removeSession | record: com.google.android.apps.youtube.music/YouTube playerlib (userId=0)
D/ConnectivityService(  537): releasing NetworkRequest [ REQUEST id=62, [ Capabilities: INTERNET&NOT_RESTRICTED&TRUSTED&NOT_VCN_MANAGED Uid: 10155 RequestorUid: 10155 RequestorPkg: com.google.android.apps.youtube.music UnderlyingNetworks: Null] ] (release request)
D/ConnectivityService(  537): releasing NetworkRequest [ REQUEST id=64, [ Capabilities: INTERNET&NOT_RESTRICTED&TRUSTED&NOT_VCN_MANAGED Uid: 10155 RequestorUid: 10155 RequestorPkg: com.google.android.apps.youtube.music UnderlyingNetworks: Null] ] (release request)
D/ConnectivityService(  537): releasing NetworkRequest [ REQUEST id=83, [ Capabilities: INTERNET&NOT_RESTRICTED&TRUSTED&NOT_VCN_MANAGED Uid: 10155 RequestorUid: 10155 RequestorPkg: com.google.android.apps.youtube.music UnderlyingNetworks: Null] ] (release request)
I/Zygote  (  356): Process 1620 exited due to signal 9 (Killed)
D/DisplayManagerService(  537): Drop pending events for gone uid 10155
I/ImeTracker(  537): com.ubmprobe:58d280b7: onRequestHide at ORIGIN_SERVER_HIDE_INPUT reason HIDE_UNSPECIFIED_WINDOW
I/ImeTracker(  537): com.ubmprobe:58d280b7: onCancelled at PHASE_SERVER_SHOULD_HIDE
I/GoogleInputMethodService( 1416): GoogleInputMethodService.onFinishInput():3227 
I/GoogleInputMethodService( 1416): GoogleInputMethodService.updateDeviceLockedStatus():2087 repeatCheckTimes = 0, unlocked = true
I/GoogleInputMethodService( 1416): GoogleInputMethodService.onStartInput():1877 onStartInput(EditorInfo{inputType=0x0(NULL) imeOptions=0x0 privateImeOptions=null actionName=UNSPECIFIED actionLabel=null actionId=0 initialSelStart=-1 initialSelEnd=-1 initialCapsMode=0x0 hintText=null label=null packageName=com.ubmprobe fieldId=0 fieldName=null extras=null}, false)
I/GoogleInputMethodService( 1416): GoogleInputMethodService.shouldHideHeaderOnInitialState():4008 ShouldHideHeaderOnInitialState = false
I/GoogleInputMethodService( 1416): GoogleInputMethodService.updateDeviceLockedStatus():2087 repeatCheckTimes = 2, unlocked = true
V/MediaPlayerList(  864): onActiveSessionsChanged: number of controllers: 1
W/WindowOnBackDispatcher( 1233): sendCancelIfRunning: isInProgress=falsecallback=android.view.ViewRootImpl$$ExternalSyntheticLambda17@6bd2174
D/CoreBackPreview(  537): Window{bb81996 u0 com.google.android.permissioncontroller/com.android.permissioncontroller.permission.ui.GrantPermissionsActivity EXITING}: Setting back callback null
D/MediaPlayerList(  864): onActiveSessionsChanged: controller: com.google.android.googlequicksearchbox
W/InputManager-JNI(  537): Input channel object 'bb81996 com.google.android.permissioncontroller/com.android.permissioncontroller.permission.ui.GrantPermissionsActivity (client)' was disposed without first being removed with the input manager!
I/MediaPlayerList(  864): sendMediaUpdate: Creating a one item queue for a player with no queue
D/MediaPlayerList(  864): sendMediaUpdate state=PlaybackState {state=NONE(0), position=0, buffered position=0, speed=0.0, updated=18687, actions=2409991, custom actions=[Action:mName='Rewind 10 seconds, mIcon=2131234345, mExtras=null, Action:mName='Fast forward 30 second, mIcon=2131234125, mExtras=null], active item id=-1, error=null}
W/MediaControlGattService(  864): Feature PLAYER_NAME(BIT 1) support: true
W/MediaControlGattService(  864): Feature PLAYER_NAME(BIT 1) support: true
W/MediaControlGattService(  864): Feature MEDIA_STATE(BIT 17) support: true
V/MediaPlayerList(  864): onActiveSessionsChanged: number of controllers: 1
D/MediaPlayerList(  864): onActiveSessionsChanged: controller: com.google.android.googlequicksearchbox
I/MediaPlayerList(  864): sendMediaUpdate: Creating a one item queue for a player with no queue
D/MediaPlayerList(  864): sendMediaUpdate state=PlaybackState {state=NONE(0), position=0, buffered position=0, speed=0.0, updated=18687, actions=2409991, custom actions=[Action:mName='Rewind 10 seconds, mIcon=2131234345, mExtras=null, Action:mName='Fast forward 30 second, mIcon=2131234125, mExtras=null], active item id=-1, error=null}
D/AvrcpTargetJni(  864): sendMediaUpdateNative
I/bt_stack(  864): [INFO:avrcp_service.cc(515)] virtual void bluetooth::avrcp::AvrcpService::SendMediaUpdate(bool, bool, bool) track_changed=0 :  play_state=0 :  queue=0
D/EGL_emulation( 5335): app_time_stats: avg=164.14ms min=3.42ms max=7201.39ms count=47
D/CompatibilityChangeReporter( 5335): Compat change id reported: 263076149; UID 10196; state: ENABLED
I/ReactNativeJS( 5335): [UBM_PROBE] manager-created
I/ReactNativeJS( 5335): [UBM_PROBE] adapter power=on availability=available authorization=granted
D/audioserver(  405): FGS Logger Transaction failed
D/audioserver(  405): -129
D/android.hardware.audio@7.1-impl.ranchu(  361): threadLoop: entering standby, frames: 1341504
I/PhenotypeProcessReaper( 1716): Memory state is: 400
I/PhenotypeProcessReaper( 1716): Killing process to refresh experiment configuration
I/Process ( 1716): Sending signal. PID: 1716 SIG: 9
I/ActivityManager(  537): Process com.google.android.gms (pid 1716) has died: cch+5 CEM 
I/libprocessgroup(  537): Successfully killed process cgroup uid 10128 pid 1716 in 0ms
I/Zygote  (  356): Process 1716 exited due to signal 9 (Killed)
I/wpa_supplicant(  729): wlan0: CTRL-EVENT-BEACON-LOSS 
I/PhenotypeProcessReaper( 1150): Memory state is: 125
I/WorkerManager( 1653): dispose()
W/A       ( 1653): Queue length for executor EventBus is now 11. Perhaps some tasks are too long, or the pool is too small.
D/StatusBarIconController(  749): ignoring old pipeline callbacks, because the new mobile icons are enabled
D/ActivityManager(  537): freezing 1233 com.google.android.permissioncontroller
I/logd    (    0): start watching /data/system/packages.list ...
I/logd    (    0): ReadPackageList, total packages: 200
I/wpa_supplicant(  729): wlan0: CTRL-EVENT-BEACON-LOSS 
I/logd    (    0): logdr: UID=2000 GID=2000 PID=5453 n tail=0 logMask=99 pid=0 start=0ns deadline=0ns
D/AndroidRuntime( 5456): >>>>>> START com.android.internal.os.RuntimeInit uid 2000 <<<<<<
I/AndroidRuntime( 5456): Using default boot image
I/AndroidRuntime( 5456): Leaving lock profiling enabled
I/app_process( 5456): Core platform API reporting enabled, enforcing=false
I/app_process( 5456): Using CollectorTypeCC GC.
D/nativeloader( 5456): InitDefaultPublicLibraries for_preload=1: libandroid.so:libaaudio.so:libamidi.so:libbinder_ndk.so:libc.so:libcamera2ndk.so:libdl.so:libEGL.so:libGLESv1_CM.so:libGLESv2.so:libGLESv3.so:libicu.so:libicui18n.so:libicuuc.so:libjnigraphics.so:liblog.so:libmediandk.so:libm.so:libnativehelper.so:libnativewindow.so:libOpenMAXAL.so:libOpenSLES.so:libRS.so:libstdc++.so:libsync.so:libvulkan.so:libwebviewchromium_plat_support.so:libz.so
D/app_process( 5456): Time zone APEX ICU file found: /apex/com.android.tzdata/etc/icu/icu_tzdata.dat
D/app_process( 5456): I18n APEX ICU file found: /apex/com.android.i18n/etc/icu/icudt72l.dat
W/app_process( 5456): Unexpected CPU variant for x86: x86_64.
W/app_process( 5456): Known variants: atom, sandybridge, silvermont, goldmont, goldmont-plus, tremont, kabylake, default
W/app_process( 5456): ClassLoaderContext shared library size mismatch. Expected=2, found=0 (PCL[]{PCL[/system/framework/android.test.base.jar*836642756]#PCL[/system/framework/android.test.mock.jar*3186112116]} | PCL[])
W/app_process( 5456): ClassLoaderContext classpath size mismatch. expected=0, found=1 (PCL[]{PCL[/system/framework/android.test.runner.jar*4168958247]{PCL[/system/framework/android.test.base.jar*836642756]#PCL[/system/framework/android.test.mock.jar*3186112116]}#PCL[/system/framework/android.test.base.jar*836642756]} | PCL[/system/framework/android.test.runner.jar*4168958247])
W/libc    ( 5456): Access denied finding property "ro.product.name_for_attestation"
W/libc    ( 5456): Access denied finding property "ro.product.brand_for_attestation"
W/libc    ( 5456): Access denied finding property "ro.product.model_for_attestation"
D/AndroidRuntime( 5456): Calling main entry com.android.commands.uiautomator.Launcher
W/main    ( 5456): type=1400 audit(0.0:73): avc:  denied  { read } for  name="u:object_r:build_attestation_prop:s0" dev="tmpfs" ino=86 scontext=u:r:shell:s0 tcontext=u:object_r:build_attestation_prop:s0 tclass=file permissive=0
W/main    ( 5456): type=1400 audit(0.0:74): avc:  denied  { read } for  name="u:object_r:build_attestation_prop:s0" dev="tmpfs" ino=86 scontext=u:r:shell:s0 tcontext=u:object_r:build_attestation_prop:s0 tclass=file permissive=0
D/UiAutomationConnection( 5456): Created on user UserHandle{0}
I/UiAutomation( 5456): Initialized for user 0 on display 0
W/UiAutomation( 5456): Created with deprecatead constructor, assumes DEFAULT_DISPLAY
D/AccessibilityManagerService(  537): changeCurrentUserForTestAutomationIfNeededLocked(0): ignoring because device doesn't support visible background users
I/UiAutomationManager(  537): Registering UiTestAutomationService (id=com.android.server.accessibility/UiAutomation) when called by user 0
W/main    ( 5456): type=1400 audit(0.0:75): avc:  denied  { read } for  name="u:object_r:build_attestation_prop:s0" dev="tmpfs" ino=86 scontext=u:r:shell:s0 tcontext=u:object_r:build_attestation_prop:s0 tclass=file permissive=0
W/WindowMagnificationMgr(  537): requestConnection duplicated request: connect=false, mConnectionState=DISCONNECTED
I/AiAiEcho( 1480): Settings changed for uri: content://settings/secure/accessibility_enabled
V/UiAutomation( 5456): Init UiAutomation@f7a6813[id=11, displayId=0, flags=0]
I/AiAiEcho( 1480): Predicting[0]: 
I/AiAiEcho( 1480): EchoTargets: 
I/AiAiEcho( 1480): Filtered by AiAi flag check: 
I/AiAiEcho( 1480): Ranked targets strategy: SORT, count: 0, ranking metadata: 
I/AiAiEcho( 1480): Predicting[0]: 
I/AiAiEcho( 1480): EchoTargets: 
I/AiAiEcho( 1480): Filtered by AiAi flag check: 
W/WindowMagnificationMgr(  537): requestConnection duplicated request: connect=false, mConnectionState=DISCONNECTED
I/AiAiEcho( 1480): Ranked targets strategy: SORT, count: 0, ranking metadata: 
I/AiAiEcho( 1480): Predicting[0]: 
I/AiAiEcho( 1480): EchoTargets: 
I/AiAiEcho( 1480): Filtered by AiAi flag check: 
I/AiAiEcho( 1480): Ranked targets strategy: SORT, count: 0, ranking metadata: 
I/AiAiEcho( 1480): Settings changed for uri: content://settings/secure/accessibility_enabled
D/BatterySaverPolicy(  537): accessibility changed to true, updating policy.
I/A       ( 1653): NGA disabled since it's running Panthera and at least one a11y feature is on.
I/A       ( 1653): Nga state changed to NgaStateDetails{state=DISABLED, isSpecialExperience=false}
I/AiAiEcho( 1480): #postPredictionTargets: Sending updates to UISurface media_data_manager with targets# 0 (types=[])
I/A       ( 1487): APA or Classic session decision: SessionDecision(sessionVariance=CLASSIC, platformVariance=CLASSIC, justification=CURRENT_PLATFORM_VARIANCE).
I/A       ( 1487): Unsubscribed to apa or classic variant change.
I/A       ( 1487): [Memory] eligibility: StashEligibility{4}
I/AiAiEcho( 1480): #postPredictionTargets: Sending updates to UISurface lockscreen with targets# 0 (types=[])
I/AiAiEcho( 1480): #postPredictionTargets: Sending updates to UISurface home with targets# 0 (types=[])
I/AiAiEcho( 1480): Predicting[0]: 
I/AiAiEcho( 1480): EchoTargets: 
I/AiAiEcho( 1480): Filtered by AiAi flag check: 
I/AiAiEcho( 1480): Ranked targets strategy: SORT, count: 0, ranking metadata: 
I/AiAiEcho( 1480): Predicting[0]: 
I/AiAiEcho( 1480): EchoTargets: 
I/AiAiEcho( 1480): Filtered by AiAi flag check: 
I/AiAiEcho( 1480): Ranked targets strategy: SORT, count: 0, ranking metadata: 
I/AiAiEcho( 1480): Predicting[0]: 
I/AiAiEcho( 1480): EchoTargets: 
I/AiAiEcho( 1480): Filtered by AiAi flag check: 
I/AiAiEcho( 1480): Ranked targets strategy: SORT, count: 0, ranking metadata: 
I/AiAiEcho( 1480): #postPredictionTargets: Sending updates to UISurface media_data_manager with targets# 0 (types=[])
I/AiAiEcho( 1480): #postPredictionTargets: Sending updates to UISurface lockscreen with targets# 0 (types=[])
I/AiAiEcho( 1480): #postPredictionTargets: Sending updates to UISurface home with targets# 0 (types=[])
D/SsMediaDataProvider(  749): Forwarding Smartspace updates []
D/SsMediaDataProvider(  749): Forwarding Smartspace updates []
W/PageIndicator(  749): Total number of pages invalid: 0. Assuming 1 page.
W/PageIndicator(  749): Total number of pages invalid: 0. Assuming 1 page.
W/AccessibilityNodeInfoDumper( 5456): Fetch time: 17ms
W/WindowMagnificationMgr(  537): requestConnection duplicated request: connect=false, mConnectionState=DISCONNECTED
D/AccessibilityManagerService(  537): restoreCurrentUserForTestAutomationIfNeededLocked(): ignoring because device doesn't support visible background users
I/AiAiEcho( 1480): Settings changed for uri: content://settings/secure/accessibility_enabled
D/AndroidRuntime( 5456): Shutting down VM
I/A       ( 1653): NGA enabled in interactor.
I/A       ( 1653): Nga state changed to NgaStateDetails{state=ENABLED, isSpecialExperience=false}
I/AiAiEcho( 1480): Predicting[0]: 
I/AiAiEcho( 1480): EchoTargets: 
I/AiAiEcho( 1480): Filtered by AiAi flag check: 
I/AiAiEcho( 1480): Ranked targets strategy: SORT, count: 0, ranking metadata: 
I/AiAiEcho( 1480): Predicting[0]: 
I/AiAiEcho( 1480): EchoTargets: 
I/AiAiEcho( 1480): Filtered by AiAi flag check: 
I/AiAiEcho( 1480): Ranked targets strategy: SORT, count: 0, ranking metadata: 
I/AiAiEcho( 1480): Predicting[0]: 
I/AiAiEcho( 1480): EchoTargets: 
I/AiAiEcho( 1480): Filtered by AiAi flag check: 
I/AiAiEcho( 1480): Ranked targets strategy: SORT, count: 0, ranking metadata: 
I/A       ( 1487): Initializing all components
D/BatterySaverPolicy(  537): accessibility changed to false, updating policy.
I/AiAiEcho( 1480): #postPredictionTargets: Sending updates to UISurface media_data_manager with targets# 0 (types=[])
I/A       ( 1487): APA or Classic session decision: SessionDecision(sessionVariance=CLASSIC, platformVariance=CLASSIC, justification=CURRENT_PLATFORM_VARIANCE).
I/A       ( 1487): [Memory] eligibility: StashEligibility{6}
I/A       ( 1487): onIsEnabledChanged, isEnabled: false
D/SsMediaDataProvider(  749): Forwarding Smartspace updates []
W/A       ( 1487): Disposing empty manager. Did you forgot to subscribe observables?
W/A       ( 1487): Disposing empty manager. Did you forgot to subscribe observables?
W/A       ( 1487): Disposing empty manager. Did you forgot to subscribe observables?
W/A       ( 1487): Disposing empty manager. Did you forgot to subscribe observables?
W/A       ( 1487): Disposing empty manager. Did you forgot to subscribe observables?
W/A       ( 1487): Disposing empty manager. Did you forgot to subscribe observables?
W/A       ( 1487): Disposing empty manager. Did you forgot to subscribe observables?
W/A       ( 1487): Disposing empty manager. Did you forgot to subscribe observables?
W/A       ( 1487): Disposing empty manager. Did you forgot to subscribe observables?
W/A       ( 1487): Disposing empty manager. Did you forgot to subscribe observables?
I/A       ( 1487): onOpaVisibilityChanged: false
W/A       ( 1487): Disposing empty manager. Did you forgot to subscribe observables?
W/A       ( 1487): Disposing empty manager. Did you forgot to subscribe observables?
W/A       ( 1487): Disposing empty manager. Did you forgot to subscribe observables?
W/A       ( 1487): Disposing empty manager. Did you forgot to subscribe observables?
W/A       ( 1487): Disposing empty manager. Did you forgot to subscribe observables?
W/A       ( 1487): Disposing empty manager. Did you forgot to subscribe observables?
I/A       ( 1487): Setting session to type: NO_SESSION
W/A       ( 1487): Disposing empty manager. Did you forgot to subscribe observables?
W/A       ( 1487): Disposing empty manager. Did you forgot to subscribe observables?
W/A       ( 1487): Disposing empty manager. Did you forgot to subscribe observables?
W/A       ( 1487): Disposing empty manager. Did you forgot to subscribe observables?
W/A       ( 1487): Disposing empty manager. Did you forgot to subscribe observables?
W/A       ( 1487): Disposing empty manager. Did you forgot to subscribe observables?
W/A       ( 1487): Disposing empty manager. Did you forgot to subscribe observables?
W/A       ( 1487): Disposing empty manager. Did you forgot to subscribe observables?
I/A       ( 1487): setNavBarVisible: GestureNavBarVisible{navbarVisible=true}
W/A       ( 1487): Disposing empty manager. Did you forgot to subscribe observables?
W/A       ( 1487): Disposing empty manager. Did you forgot to subscribe observables?
W/A       ( 1487): Disposing empty manager. Did you forgot to subscribe observables?
W/A       ( 1487): Disposing empty manager. Did you forgot to subscribe observables?
W/A       ( 1487): Disposing empty manager. Did you forgot to subscribe observables?
W/A       ( 1487): Disposing empty manager. Did you forgot to subscribe observables?
I/A       ( 1487): onDisabled. Registered: false
I/AiAiEcho( 1480): #postPredictionTargets: Sending updates to UISurface lockscreen with targets# 0 (types=[])
W/PageIndicator(  749): Total number of pages invalid: 0. Assuming 1 page.
I/AiAiEcho( 1480): #postPredictionTargets: Sending updates to UISurface home with targets# 0 (types=[])
I/A       ( 1487): State changed: IDLE => IDLE by NGA_STATE_CHANGED and N/A with Optional.empty
I/A       ( 1487): Recognizer choice: (recognizer_type: 1, recognizer_mode: 1, choice_reason: 4)
I/A       ( 1487): onActiveStateChangeEvent: IDLE => IDLE
I/A       ( 1487): #onActiveStateChangeEvent, newState: IDLE, previousState: IDLE.
I/NgaEntryPointEventSendr( 1487): setupConnection
E/GsaVoiceSerConnection( 1487): gsaVis null binding
W/ProcessStats(  537): Tracking association SourceState{f3b4837 com.google.android.googlequicksearchbox:interactor/10132 BFgs #4367} whose proc state 4 is better than process ProcessState{8590fc0 com.google.android.googlequicksearchbox:search/10132 pkg=com.google.android.googlequicksearchbox} proc state 14 (9 skipped)
I/NgaEntryPointEventSendr( 1487): State changed: Disconnected => Connecting
I/A       ( 1487): on opa visibility changed false
I/A       ( 1487): stopListening(NGA_PAUSED_UNKNOWN_REASON, NGA_CREATE), idleOverride=NOT_LISTENING
I/A       ( 1487): Initialize
I/A       ( 1487): Successfully initialized all components
I/A       ( 1653): Creating pss binder().
I/A       ( 1487): on opa visibility changed false
I/NgaEntryPointEventSendr( 1487): onServiceConnected
I/A       ( 1653): Calling beginBinderSession().
I/A       ( 1653): beginBinderSession(): calling binder
I/NgaEntryPointEventSendr( 1487): State changed: Connecting => Ready
W/CorpusConfigHelper( 1653): Invalid input from icing corpus JSON flag.
W/CorpusConfigHelper( 1653): android.util.MalformedJsonException: Use JsonReader.setLenient(true) to accept malformed JSON at line 123 column 2
W/CorpusConfigHelper( 1653): 	at android.util.JsonReader.syntaxError(JsonReader.java:1162)
W/CorpusConfigHelper( 1653): 	at android.util.JsonReader.checkLenient(JsonReader.java:840)
W/CorpusConfigHelper( 1653): 	at android.util.JsonReader.nextInArray(JsonReader.java:615)
W/CorpusConfigHelper( 1653): 	at android.util.JsonReader.peek(JsonReader.java:345)
W/CorpusConfigHelper( 1653): 	at android.util.JsonReader.hasNext(JsonReader.java:321)
W/CorpusConfigHelper( 1653): 	at com.google.android.apps.gsa.searchbox.c.b.b.k.c(PG:7)
W/CorpusConfigHelper( 1653): 	at com.google.android.apps.gsa.searchbox.c.b.b.k.<init>(PG:5)
W/CorpusConfigHelper( 1653): 	at com.google.android.apps.gsa.staticplugins.searchboxroot.features.n.a.c.<init>(PG:16)
W/CorpusConfigHelper( 1653): 	at com.google.android.apps.gsa.staticplugins.searchboxroot.b.a(PG:14)
W/CorpusConfigHelper( 1653): 	at com.google.android.apps.gsa.staticplugins.searchboxroot.x.<init>(PG:7)
W/CorpusConfigHelper( 1653): 	at com.google.android.apps.gsa.binaries.velvet.app.akd.b(PG:15)
W/CorpusConfigHelper( 1653): 	at dagger.a.e.b(PG:1)
W/CorpusConfigHelper( 1653): 	at com.google.android.apps.gsa.staticplugins.searchboxroot.a.a.a(PG:3)
W/CorpusConfigHelper( 1653): 	at com.google.android.apps.gsa.binaries.velvet.app.ok.f(Unknown Source:2541)
W/CorpusConfigHelper( 1653): 	at com.google.android.apps.gsa.binaries.velvet.app.ok.b(PG:1)
W/CorpusConfigHelper( 1653): 	at com.google.android.apps.gsa.search.core.service.g.a.c.a(PG:2)
W/CorpusConfigHelper( 1653): 	at com.google.android.libraries.gsa.k.a.f.a(PG:2)
W/CorpusConfigHelper( 1653): 	at com.google.common.util.concurrent.dx.a(PG:1)
W/CorpusConfigHelper( 1653): 	at com.google.common.util.concurrent.cv.run(PG:4)
W/CorpusConfigHelper( 1653): 	at com.google.common.util.concurrent.dz.run(PG:1)
W/CorpusConfigHelper( 1653): 	at com.google.android.libraries.i.ae.run(PG:1)
W/CorpusConfigHelper( 1653): 	at java.util.concurrent.ThreadPoolExecutor.runWorker(ThreadPoolExecutor.java:1145)
W/CorpusConfigHelper( 1653): 	at java.util.concurrent.ThreadPoolExecutor$Worker.run(ThreadPoolExecutor.java:644)
W/CorpusConfigHelper( 1653): 	at com.google.android.libraries.i.k.run(PG:2)
W/CorpusConfigHelper( 1653): 	at com.google.android.libraries.i.p.run(PG:4)
W/CorpusConfigHelper( 1653): 	at java.lang.Thread.run(Thread.java:1012)
D/CompatibilityChangeReporter(  537): Compat change id reported: 135634846; UID 10128; state: DISABLED
W/A       ( 1653): Queue length for executor EventBus is now 11. Perhaps some tasks are too long, or the pool is too small.
D/CompatibilityChangeReporter(  537): Compat change id reported: 143937733; UID 10128; state: ENABLED
I/A       ( 1653): Using proto config with mendel
I/A       ( 1653): Using proto config with mendel
I/A       ( 1653): Using proto config with mendel
I/A       ( 1653): Merging legacy hotword config map with new proto.
I/A       ( 1653): Adding from config to map. Locale: cmn-Hant-TW modelPrefix: x_google Location:4e7cae00daee30ec565c34e3aa67a51f isSpeakerIdSupported: true
I/A       ( 1653): Adding from config to map. Locale: id-ID modelPrefix: x_google Location:cfffcc1a4c1c084c003c8eb27f73d770 isSpeakerIdSupported: true
I/A       ( 1653): Adding from config to map. Locale: ko-KR modelPrefix: x_google Location:0b132163a2eb2c1194b202067475724b isSpeakerIdSupported: true
I/A       ( 1653): Skipping. Expected model: 2 Found: 1
I/A       ( 1653): Adding from config to map. Locale: zh-TW modelPrefix: x_google Location:4e7cae00daee30ec565c34e3aa67a51f isSpeakerIdSupported: true
I/A       ( 1653): Using proto config with mendel
I/A       ( 1653): Using proto config with mendel
I/A       ( 1653): Using proto config with mendel
W/ActivityManager(  537): Unable to start service Intent { cmp=com.google.android.apps.tachyon/.clientapi.ClientApiService } U=0: not found
W/A       ( 1653): UiCallbackStub-onGenericEvent[ServiceEvent = 111] task was not run. Callback from Service received after client was disposed.
I/NgaEntryPointEventSendr( 1487): State changed: Ready => Disconnected (onOpaDisconnected)
W/A       ( 1653): UiCallbackStub-onGenericEvent[ServiceEvent = 60] task was not run. Callback from Service received after client was disposed.
W/A       ( 1653): UiCallbackStub-onGenericEvent[ServiceEvent = 60] task was not run. Callback from Service received after client was disposed.
W/A       ( 1653): UiCallbackStub-onGenericEvent[ServiceEvent = 105] task was not run. Callback from Service received after client was disposed.
W/A       ( 1653): UiCallbackStub-onGenericEvent[ServiceEvent = 107] task was not run. Callback from Service received after client was disposed.
W/A       ( 1653): UiCallbackStub-onGenericEvent[ServiceEvent = 107] task was not run. Callback from Service received after client was disposed.
W/A       ( 1653): UiCallbackStub-onGenericEvent[ServiceEvent = 42] task was not run. Callback from Service received after client was disposed.
D/Zygote  (  356): Forked child process 5474
I/ActivityManager(  537): Start proc 5474:com.google.android.gms/u0a128 for service {com.google.android.gms/com.google.android.gms.icing.service.IndexService}
W/A       ( 1653): UiCallbackStub-onGenericEvent[ServiceEvent = 67] task was not run. Callback from Service received after client was disposed.
I/MicroDetectionState( 1653): Should stop hotword detection immediately - true
W/A       ( 1653): UiCallbackStub-onGenericEvent[ServiceEvent = 241] task was not run. Callback from Service received after client was disposed.
W/A       ( 1653): UiCallbackStub-onGenericEvent[ServiceEvent = 241] task was not run. Callback from Service received after client was disposed.
W/A       ( 1653): UiCallbackStub-onGenericEvent[ServiceEvent = 60] task was not run. Callback from Service received after client was disposed.
I/PBSessionCacheImpl( 1653): Deleted sessionId[7271760569948401] from persistence.
I/gle.android.gms( 5474): Using CollectorTypeCC GC.
W/gle.android.gms( 5474): Unexpected CPU variant for x86: x86_64.
W/gle.android.gms( 5474): Known variants: atom, sandybridge, silvermont, goldmont, goldmont-plus, tremont, kabylake, default
W/SearchServiceCore( 1653): Abort, client detached.
I/MicroDetectionState( 1653): Should stop hotword detection immediately - true
E/gle.android.gms( 5474): Not starting debugger since process cannot load the jdwp agent.
I/A       ( 1653): Using proto config with mendel
I/A       ( 1653): Using proto config with mendel
D/CompatibilityChangeReporter(  537): Compat change id reported: 168419799; UID 10128; state: DISABLED
D/CompatibilityChangeReporter(  537): Compat change id reported: 273564678; UID 10128; state: DISABLED
D/CompatibilityChangeReporter( 5474): Compat change id reported: 171979766; UID 10128; state: ENABLED
D/CompatibilityChangeReporter( 5474): Compat change id reported: 242716250; UID 10128; state: DISABLED
D/CompatibilityChangeReporter(  537): Compat change id reported: 170503758; UID 10128; state: ENABLED
D/nativeloader( 5474): Configuring clns-6 for other apk /system/framework/org.apache.http.legacy.jar. target_sdk_version=33, uses_libraries=ALL, library_path=/product/priv-app/PrebuiltGmsCore/lib/x86_64:/product/priv-app/PrebuiltGmsCore/PrebuiltGmsCore.apk!/lib/x86_64, permitted_path=/data:/mnt/expand:/data/user/0/com.google.android.gms
D/nativeloader( 5474): Configuring clns-7 for other apk /system/framework/com.android.media.remotedisplay.jar. target_sdk_version=33, uses_libraries=ALL, library_path=/product/priv-app/PrebuiltGmsCore/lib/x86_64:/product/priv-app/PrebuiltGmsCore/PrebuiltGmsCore.apk!/lib/x86_64, permitted_path=/data:/mnt/expand:/data/user/0/com.google.android.gms
D/nativeloader( 5474): Configuring clns-8 for other apk /system/framework/com.android.location.provider.jar. target_sdk_version=33, uses_libraries=ALL, library_path=/product/priv-app/PrebuiltGmsCore/lib/x86_64:/product/priv-app/PrebuiltGmsCore/PrebuiltGmsCore.apk!/lib/x86_64, permitted_path=/data:/mnt/expand:/data/user/0/com.google.android.gms
D/ApplicationLoaders( 5474): Returning zygote-cached class loader: /system_ext/framework/androidx.window.extensions.jar
D/ApplicationLoaders( 5474): Returning zygote-cached class loader: /system_ext/framework/androidx.window.sidecar.jar
D/nativeloader( 5474): InitLlndkLibrariesProduct: libEGL.so:libGLESv1_CM.so:libGLESv2.so:libGLESv3.so:libRS.so:libandroid_net.so:libbinder_ndk.so:libc.so:libcgrouprc.so:libclang_rt.asan-x86_64-android.so:libcom.android.tethering.connectivity_native.so:libdl.so:libft2.so:liblog.so:libm.so:libmediandk.so:libnativewindow.so:libneuralnetworks.so:libselinux.so:libsync.so:libvndksupport.so:libvulkan.so
D/nativeloader( 5474): Configuring product-clns-9 for unbundled product apk /product/priv-app/PrebuiltGmsCore/PrebuiltGmsCore.apk. target_sdk_version=33, uses_libraries=, library_path=/product/priv-app/PrebuiltGmsCore/lib/x86_64:/product/priv-app/PrebuiltGmsCore/PrebuiltGmsCore.apk!/lib/x86_64:/product/lib64:/system/product/lib64, permitted_path=/data:/mnt/expand:/data/user/0/com.google.android.gms:/product/lib64:/system/product/lib64
D/nativeloader( 5474): InitVndkspLibrariesProduct: android.hardware.common-V2-ndk.so:android.hardware.common.fmq-V1-ndk.so:android.hardware.graphics.allocator-V2-ndk.so:android.hardware.graphics.common-V4-ndk.so:android.hardware.graphics.common@1.0.so:android.hardware.graphics.common@1.1.so:android.hardware.graphics.common@1.2.so:android.hardware.graphics.composer3-V1-ndk.so:android.hardware.graphics.mapper@2.0.so:android.hardware.graphics.mapper@2.1.so:android.hardware.graphics.mapper@3.0.so:android.hardware.graphics.mapper@4.0.so:android.hardware.renderscript@1.0.so:android.hidl.memory.token@1.0.so:android.hidl.memory@1.0-impl.so:android.hidl.memory@1.0.so:android.hidl.safe_union@1.0.so:libRSCpuRef.so:libRSDriver.so:libRS_internal.so:libbase.so:libbcinfo.so:libblas.so:libc++.so:libcompiler_rt.so:libcutils.so:libdmabufheap.so:libgralloctypes.so:libhardware.so:libhidlbase.so:libhidlmemory.so:libion.so:libjsoncpp.so:liblzma.so:libprocessgroup.so:libunwindstack.so:libutils.so:libutilscallstack.so:libz.so
V/GraphicsEnvironment( 5474): Currently set values for:
V/GraphicsEnvironment( 5474):   angle_gl_driver_selection_pkgs=[]
V/GraphicsEnvironment( 5474):   angle_gl_driver_selection_values=[]
V/GraphicsEnvironment( 5474): ANGLE GameManagerService for com.google.android.gms: false
V/GraphicsEnvironment( 5474): com.google.android.gms is not listed in per-application setting
V/GraphicsEnvironment( 5474): Neither updatable production driver nor prerelease driver is supported.
D/ActivityManager(  537): sync unfroze 1482 com.google.process.gservices for 7
D/CompatibilityChangeReporter(  537): Compat change id reported: 161145287; UID 10128; state: DISABLED
D/CompatibilityChangeReporter(  537): Compat change id reported: 161145287; UID 10128; state: ENABLED
W/ProviderHelper( 5474): Unknown dynamite feature providerinstaller.dynamite
I/DynamiteModule( 5474): Considering local module com.google.android.gms.providerinstaller.dynamite:1 and remote module com.google.android.gms.providerinstaller.dynamite:0
I/DynamiteModule( 5474): Selected local version of com.google.android.gms.providerinstaller.dynamite
V/NativeCrypto( 5474): Registering com/google/android/gms/org/conscrypt/NativeCrypto's 295 native methods...
I/ProviderInstaller( 5474): Installed default security provider GmsCore_OpenSSL
I/Watchcat( 5474): Started
D/CompatibilityChangeReporter( 5474): Compat change id reported: 183155436; UID 10128; state: ENABLED
I/GmsApplication( 5474): [gms_startup_benchmark] Static start time (ms): 634489, Startup latency (ms): 74, Is system user: true
I/cuir    ( 5474): Primes not initialized, returning default (no-op) Primes instance which will ignore all calls. Please call Primes.initialize(...) before using any Primes API.
I/ActivityManager(  537): Flag disabled. Ignoring finishAttachApplication from uid: 10128. pid: 5474
I/GMS_MM_Logger( 5474): Start time: 233215
I/GMS_MM_Logger( 5474): Started.
I/Icing   ( 5474): Storage manager: low false usage 1.61MB avail 4.50GB capacity 5.80GB
I/DynamiteModule( 5474): Considering local module com.google.android.gms.googlecertificates:7 and remote module com.google.android.gms.googlecertificates:7
I/DynamiteModule( 5474): Selected local version of com.google.android.gms.googlecertificates
D/CompatibilityChangeReporter( 5474): Compat change id reported: 160794467; UID 10128; state: ENABLED
W/native  ( 5474): W0000 00:00:1789687709.468131    5509 model-utils.cc:16] No CRC32, most likely an old model; skip CRC32 check
I/native  ( 5474): I0000 00:00:1789687709.468462    5509 permission-checker.cc:82] Creating PermissionChecker based on ACL with config_version 1 having 10 permissions defined.
W/native  ( 5474): W0000 00:00:1789687709.468678    5509 words-map.cc:36] INVALID_ARGUMENT: Empty URI
W/native  ( 5474): W0000 00:00:1789687709.468716    5509 words-map.cc:40] WordsMap was not properly initialized
I/Icing   ( 5474): IndexChimeraService.getServiceInterface callingPackage=com.google.android.gms componentName=ContactsIndexer serviceId=33
I/Icing   ( 5474): IndexChimeraService.getServiceInterface callingPackage=com.google.android.googlequicksearchbox componentName=null serviceId=36
D/BoundBrokerSvc( 1150): onBind: Intent { act=com.google.android.gms.icing.LIGHTWEIGHT_INDEX_SERVICE dat=chimera-action:/... cmp=com.google.android.gms/.chimera.PersistentApiService }
D/BoundBrokerSvc( 1150): Loading bound service for intent: Intent { act=com.google.android.gms.icing.LIGHTWEIGHT_INDEX_SERVICE dat=chimera-action:/... cmp=com.google.android.gms/.chimera.PersistentApiService }
D/BoundBrokerSvc( 5474): onBind: Intent { act=com.google.android.gms.feedback.internal.IFeedbackService dat=chimera-action:/... cmp=com.google.android.gms/.chimera.GmsBoundBrokerService }
D/BoundBrokerSvc( 5474): Loading bound service for intent: Intent { act=com.google.android.gms.feedback.internal.IFeedbackService dat=chimera-action:/... cmp=com.google.android.gms/.chimera.GmsBoundBrokerService }
I/Icing   ( 5474): IndexChimeraService.getServiceInterface callingPackage=com.google.android.gms componentName=null serviceId=30
W/Icing   ( 5474): Package com.google.android.googlequicksearchbox targets Android P and isn't allowed to use AppDataSearch indexing API
W/Icing   ( 5474): Package com.google.android.gm targets Android P and isn't allowed to use AppDataSearch indexing API
I/Icing   ( 5474): updateResources: need to parse arkh{com.google.android.gms}
I/Icing   ( 5474): Internal init done: storage state 0
I/Icing   ( 5474): IndexChimeraService.getServiceInterface callingPackage=com.google.android.gms componentName=AppsCorpus serviceId=36
I/Icing   ( 5474): Post-init done
I/Icing   ( 5474): IndexChimeraService.getServiceInterface callingPackage=com.google.android.gms componentName=AppsCorpus serviceId=32
I/Icing   ( 5474): IndexChimeraService.getServiceInterface callingPackage=com.google.android.gms componentName=null serviceId=36
I/Icing   ( 5474): Using regular flags by method 2
D/CompatibilityChangeReporter(  537): Compat change id reported: 161252188; UID 10196; state: DISABLED
D/CompatibilityChangeReporter(  537): Compat change id reported: 135634846; UID 10084; state: DISABLED
D/CompatibilityChangeReporter(  537): Compat change id reported: 177438394; UID 10084; state: DISABLED
D/CompatibilityChangeReporter(  537): Compat change id reported: 135772972; UID 10084; state: DISABLED
D/CompatibilityChangeReporter(  537): Compat change id reported: 135754954; UID 10084; state: ENABLED
I/Icing   ( 5474): Usage reports ok 2, Failed Usage reports 0, indexed 0, rejected 0
D/CompatibilityChangeReporter(  537): Compat change id reported: 143937733; UID 10084; state: ENABLED
I/Icing   ( 5474): Usage reports ok 0, Failed Usage reports 0, indexed 0, rejected 0
D/Zygote  (  356): Forked child process 5526
I/ActivityManager(  537): Start proc 5526:android.process.acore/u0a84 for content provider {com.android.providers.contacts/com.android.providers.contacts.ContactsProvider2}
I/Icing   ( 5474): Usage reports ok 0, Failed Usage reports 0, indexed 0, rejected 0
I/Icing   ( 5474): Usage reports ok 0, Failed Usage reports 0, indexed 0, rejected 0
I/Icing   ( 5474): Usage reports ok 0, Failed Usage reports 0, indexed 0, rejected 0
I/Icing   ( 5474): Usage reports ok 0, Failed Usage reports 0, indexed 0, rejected 0
I/d.process.acore( 5526): Using CollectorTypeCC GC.
W/d.process.acore( 5526): Unexpected CPU variant for x86: x86_64.
W/d.process.acore( 5526): Known variants: atom, sandybridge, silvermont, goldmont, goldmont-plus, tremont, kabylake, default
E/d.process.acore( 5526): Not starting debugger since process cannot load the jdwp agent.
D/CompatibilityChangeReporter(  537): Compat change id reported: 168419799; UID 10084; state: DISABLED
D/CompatibilityChangeReporter(  537): Compat change id reported: 273564678; UID 10084; state: DISABLED
D/CompatibilityChangeReporter(  537): Compat change id reported: 265195908; UID 10084; state: ENABLED
D/CompatibilityChangeReporter( 5526): Compat change id reported: 171979766; UID 10084; state: ENABLED
D/CompatibilityChangeReporter( 5526): Compat change id reported: 242716250; UID 10084; state: ENABLED
D/CompatibilityChangeReporter(  537): Compat change id reported: 170503758; UID 10084; state: ENABLED
D/CompatibilityChangeReporter( 5526): Compat change id reported: 3400644; UID 10084; state: ENABLED
D/nativeloader( 5526): Configuring clns-shared-6 for other apk /system/priv-app/ContactsProvider/ContactsProvider.apk. target_sdk_version=34, uses_libraries=, library_path=/system/priv-app/ContactsProvider/lib/x86_64:/system/lib64:/system_ext/lib64, permitted_path=/data:/mnt/expand:/data/user/0/com.android.providers.contacts:/system/priv-app/ContactsProvider:/system/lib64:/system_ext/lib64
V/GraphicsEnvironment( 5526): Currently set values for:
V/GraphicsEnvironment( 5526):   angle_gl_driver_selection_pkgs=[]
V/GraphicsEnvironment( 5526):   angle_gl_driver_selection_values=[]
V/GraphicsEnvironment( 5526): ANGLE GameManagerService for com.android.providers.contacts: false
V/GraphicsEnvironment( 5526): com.android.providers.contacts is not listed in per-application setting
V/GraphicsEnvironment( 5526): Neither updatable production driver nor prerelease driver is supported.
D/nativeloader( 5526): Configuring clns-shared-7 for other apk /system/priv-app/UserDictionaryProvider/UserDictionaryProvider.apk. target_sdk_version=34, uses_libraries=, library_path=/system/priv-app/UserDictionaryProvider/lib/x86_64:/system/lib64:/system_ext/lib64, permitted_path=/data:/mnt/expand:/data/user/0/com.android.providers.userdictionary:/system/priv-app/UserDictionaryProvider:/system/lib64:/system_ext/lib64
D/nativeloader( 5526): Configuring clns-shared-8 for other apk /system/priv-app/BlockedNumberProvider/BlockedNumberProvider.apk. target_sdk_version=34, uses_libraries=, library_path=/system/priv-app/BlockedNumberProvider/lib/x86_64:/system/lib64:/system_ext/lib64, permitted_path=/data:/mnt/expand:/data/user_de/0/com.android.providers.blockednumber:/system/priv-app/BlockedNumberProvider:/system/lib64:/system_ext/lib64
I/ContactsPerf( 5526): VoicemailContentProvider.onCreate start
D/CompatibilityChangeReporter(  537): Compat change id reported: 161145287; UID 10084; state: ENABLED
I/ContactsPerf( 5526): VoicemailContentProvider.onCreate finish
I/PhoneAccountHandleMigrationUtils_CallLogDatabaseHelper( 5526): updatePhoneAccountHandleMigrationPendingStatus false
I/PhoneAccountHandleMigrationUtils_CallLogDatabaseHelper( 5526): updatePhoneAccountHandleMigrationPendingStatus false
D/CompatibilityChangeReporter( 5526): Compat change id reported: 183155436; UID 10084; state: ENABLED
D/CountryDetector(  537): The first listener is added
I/ContactsDatabaseHelper( 5526): updateUseStrictPhoneNumberComparison: US
I/CallLogProvider( 5526): Syncing call composer pics -- source user=0, isShadow=true, forAllUser=false
I/CallLogProvider( 5526): Fetching list of Uris to sync
I/CallLogProvider( 5526): Will sync following Uris:[]
I/CallLogProvider( 5526): Syncing call composer pics -- got []
I/ActivityManager(  537): Flag disabled. Ignoring finishAttachApplication from uid: 10084. pid: 5526
I/ContactsDatabaseHelper( 5526): updateUseStrictPhoneNumberComparison: US
D/ContactsDatabaseHelper( 5526): WAL enabled for contacts2.db: true
I/PhoneAccountHandleMigrationUtils_ContactsDatabaseHelper( 5526): updatePhoneAccountHandleMigrationPendingStatus false
I/ContactLocale( 5526): AddressBook Labels [[en_US]]: […, A, B, C, D, E, F, G, H, I, J, K, L, M, N, O, P, Q, R, S, T, U, V, W, X, Y, Z, Α, Β, Γ, Δ, Ε, Ζ, Η, Θ, Ι, Κ, Λ, Μ, Ν, Ξ, Ο, Π, Ρ, Σ, Τ, Υ, Φ, Χ, Ψ, Ω, …, А, Б, В, Г, Д, Ђ, Е, Є, Ж, З, И, І, Й, Ј, К, Л, Љ, М, Н, Њ, О, П, Р, С, Т, Ћ, У, Ф, Х, Ц, Ч, Џ, Ш, Щ, Ю, Я, …, א, ב, ג, ד, ה, ו, ז, ח, ט, י, כ, ל, מ, נ, ס, ע, פ, צ, ק, ר, ש, ת, …, ا, ب, ت, ث, ج, ح, خ, د, ذ, ر, ز, س, ش, ص, ض, ط, ظ, ع, غ, ف, ق, ك, ل, م, ن, ه, و, ي, …, ก, ข, ฃ, ค, ฅ, ฆ, ง, จ, ฉ, ช, ซ, ฌ, ญ, ฎ, ฏ, ฐ, ฑ, ฒ, ณ, ด, ต, ถ, ท, ธ, น, บ, ป, ผ, ฝ, พ, ฟ, ภ, ม, ย, ร, ฤ, ล, ฦ, ว, ศ, ษ, ส, ห, ฬ, อ, ฮ, …, ㄱ, ㄴ, ㄷ, ㄹ, ㅁ, ㅂ, ㅅ, ㅇ, ㅈ, ㅊ, ㅋ, ㅌ, ㅍ, ㅎ, …, あ, か, さ, た, な, は, ま, や, ら, わ, #, …]
D/ContactsDatabaseHelper( 5526): WAL enabled for profile.db: false
V/ContactsProvider( 5526): 0 Dangling Contacts have been cleaned up.
I/NetworkScheduler.Stats( 1150): Task com.google.android.gms/com.google.android.gms.icing.proxy.IcingInternalCorporaUpdateService started execution. cause:9 exec_start_elapsed_seconds: 634 [CONTEXT service_id=218 ]
W/GmsTaskScheduler( 5474): com.google.android.gms.icing.service.IcingGcmTaskChimeraService is not available. This may cause the task to be lost.
D/BoundBrokerSvc( 1150): onBind: Intent { act=com.google.android.gms.scheduler.ACTION_PROXY_SCHEDULE dat=chimera-action:/... cmp=com.google.android.gms/.chimera.PersistentApiService }
D/BoundBrokerSvc( 1150): Loading bound service for intent: Intent { act=com.google.android.gms.scheduler.ACTION_PROXY_SCHEDULE dat=chimera-action:/... cmp=com.google.android.gms/.chimera.PersistentApiService }
I/NetworkScheduler.Stats( 1150): Task com.google.android.gms/com.google.android.gms.icing.proxy.IcingInternalCorporaUpdateService finished executing. cause:9 result: 1 elapsed_millis: 12 uptime_millis: 12 exec_start_elapsed_seconds: 634 [CONTEXT service_id=218 ]
I/putmethod.latin( 1416): JIT allocated 84KB for compiled code of boolean dsd.a(ikb, java.lang.Object[])
I/putmethod.latin( 1416): Compiler allocated 4231KB to compile boolean dsd.a(ikb, java.lang.Object[])
D/TaplEvents( 1281): TIS / TouchInteractionService.onInputEvent: MotionEvent { action=ACTION_DOWN, actionButton=0, id[0]=0, x[0]=540.0, y[0]=482.0, toolType[0]=TOOL_TYPE_FINGER, buttonState=0, classification=NONE, metaState=0, flags=0x0, edgeFlags=0x0, pointerCount=1, historySize=0, eventTime=635253, downTime=635253, deviceId=-1, source=0x1002, displayId=0, eventId=-84138918 }
D/TaplEvents( 1281): TIS / TouchInteractionService.onInputEvent: MotionEvent { action=ACTION_UP, actionButton=0, id[0]=0, x[0]=540.0, y[0]=482.0, toolType[0]=TOOL_TYPE_FINGER, buttonState=0, classification=NONE, metaState=0, flags=0x0, edgeFlags=0x0, pointerCount=1, historySize=0, eventTime=635253, downTime=635253, deviceId=-1, source=0x1002, displayId=0, eventId=-547035189 }
D/audioserver(  405): FGS Logger Transaction failed
D/audioserver(  405): -129
D/AudioFlinger(  405): mixer(0x7c4fc386d930) throttle end: throttle time(33)
D/EGL_emulation( 5335): app_time_stats: avg=2571.26ms min=13.86ms max=17895.49ms count=7
I/ReactNativeJS( 5335): [UBM_PROBE] bonded-count=0
D/AudioFlinger(  405): mixer(0x7c4fc386d930) throttle end: throttle time(33)
D/audioserver(  405): FGS Logger Transaction failed
D/audioserver(  405): -129
D/CompatibilityChangeReporter(  537): Compat change id reported: 177438394; UID 10156; state: DISABLED
D/CompatibilityChangeReporter(  537): Compat change id reported: 135772972; UID 10156; state: DISABLED
D/CompatibilityChangeReporter(  537): Compat change id reported: 135754954; UID 10156; state: ENABLED
D/CompatibilityChangeReporter(  537): Compat change id reported: 143937733; UID 10156; state: ENABLED
D/Zygote  (  356): Forked child process 5561
I/ActivityManager(  537): Start proc 5561:com.google.android.contacts/u0a156 for service {com.google.android.contacts/com.google.android.apps.contacts.shortcut.ShortcutJobService}
I/ndroid.contacts( 5561): Using CollectorTypeCC GC.
W/ndroid.contacts( 5561): Unexpected CPU variant for x86: x86_64.
W/ndroid.contacts( 5561): Known variants: atom, sandybridge, silvermont, goldmont, goldmont-plus, tremont, kabylake, default
I/adbd    (  436): jdwp connection from 5561
D/CompatibilityChangeReporter(  537): Compat change id reported: 168419799; UID 10156; state: DISABLED
D/CompatibilityChangeReporter(  537): Compat change id reported: 273564678; UID 10156; state: DISABLED
D/CompatibilityChangeReporter(  537): Compat change id reported: 265195908; UID 10156; state: ENABLED
D/CompatibilityChangeReporter( 5561): Compat change id reported: 171979766; UID 10156; state: ENABLED
D/CompatibilityChangeReporter( 5561): Compat change id reported: 242716250; UID 10156; state: ENABLED
D/CompatibilityChangeReporter(  537): Compat change id reported: 170503758; UID 10156; state: ENABLED
D/nativeloader( 5561): Configuring clns-6 for other apk /system/framework/org.apache.http.legacy.jar. target_sdk_version=34, uses_libraries=ALL, library_path=/product/app/GoogleContacts/lib/x86_64, permitted_path=/data:/mnt/expand:/data/user/0/com.google.android.contacts
D/ApplicationLoaders( 5561): Returning zygote-cached class loader: /system_ext/framework/androidx.window.extensions.jar
D/ApplicationLoaders( 5561): Returning zygote-cached class loader: /system_ext/framework/androidx.window.sidecar.jar
D/nativeloader( 5561): InitLlndkLibrariesProduct: libEGL.so:libGLESv1_CM.so:libGLESv2.so:libGLESv3.so:libRS.so:libandroid_net.so:libbinder_ndk.so:libc.so:libcgrouprc.so:libclang_rt.asan-x86_64-android.so:libcom.android.tethering.connectivity_native.so:libdl.so:libft2.so:liblog.so:libm.so:libmediandk.so:libnativewindow.so:libneuralnetworks.so:libselinux.so:libsync.so:libvndksupport.so:libvulkan.so
D/nativeloader( 5561): Configuring product-clns-7 for unbundled product apk /product/app/GoogleContacts/GoogleContacts.apk. target_sdk_version=34, uses_libraries=, library_path=/product/app/GoogleContacts/lib/x86_64:/product/lib64:/system/product/lib64, permitted_path=/data:/mnt/expand:/data/user/0/com.google.android.contacts:/product/lib64:/system/product/lib64
D/nativeloader( 5561): InitVndkspLibrariesProduct: android.hardware.common-V2-ndk.so:android.hardware.common.fmq-V1-ndk.so:android.hardware.graphics.allocator-V2-ndk.so:android.hardware.graphics.common-V4-ndk.so:android.hardware.graphics.common@1.0.so:android.hardware.graphics.common@1.1.so:android.hardware.graphics.common@1.2.so:android.hardware.graphics.composer3-V1-ndk.so:android.hardware.graphics.mapper@2.0.so:android.hardware.graphics.mapper@2.1.so:android.hardware.graphics.mapper@3.0.so:android.hardware.graphics.mapper@4.0.so:android.hardware.renderscript@1.0.so:android.hidl.memory.token@1.0.so:android.hidl.memory@1.0-impl.so:android.hidl.memory@1.0.so:android.hidl.safe_union@1.0.so:libRSCpuRef.so:libRSDriver.so:libRS_internal.so:libbase.so:libbcinfo.so:libblas.so:libc++.so:libcompiler_rt.so:libcutils.so:libdmabufheap.so:libgralloctypes.so:libhardware.so:libhidlbase.so:libhidlmemory.so:libion.so:libjsoncpp.so:liblzma.so:libprocessgroup.so:libunwindstack.so:libutils.so:libutilscallstack.so:libz.so
V/GraphicsEnvironment( 5561): Currently set values for:
V/GraphicsEnvironment( 5561):   angle_gl_driver_selection_pkgs=[]
V/GraphicsEnvironment( 5561):   angle_gl_driver_selection_values=[]
V/GraphicsEnvironment( 5561): ANGLE GameManagerService for com.google.android.contacts: false
V/GraphicsEnvironment( 5561): com.google.android.contacts is not listed in per-application setting
V/GraphicsEnvironment( 5561): Neither updatable production driver nor prerelease driver is supported.
D/CompatibilityChangeReporter(  537): Compat change id reported: 161145287; UID 10156; state: ENABLED
D/CompatibilityChangeReporter( 5561): Compat change id reported: 183155436; UID 10156; state: ENABLED
I/ActivityManager(  537): Flag disabled. Ignoring finishAttachApplication from uid: 10156. pid: 5561
D/CompatibilityChangeReporter(  537): Compat change id reported: 261072174; UID 10156; state: ENABLED
D/CompatibilityChangeReporter( 5561): Compat change id reported: 194532703; UID 10156; state: ENABLED
D/CompatibilityChangeReporter( 5561): Compat change id reported: 253665015; UID 10156; state: ENABLED
D/BoundBrokerSvc( 5474): onBind: Intent { act=com.google.android.gms.people.contactssync.service.START pkg=com.google.android.gms }
D/BoundBrokerSvc( 5474): Loading bound service for intent: Intent { act=com.google.android.gms.people.contactssync.service.START pkg=com.google.android.gms }
D/BoundBrokerSvc( 1150): onBind: Intent { act=com.google.android.gms.phenotype.service.START pkg=com.google.android.gms }
D/BoundBrokerSvc( 1150): Loading bound service for intent: Intent { act=com.google.android.gms.phenotype.service.START pkg=com.google.android.gms }
D/CompatibilityChangeReporter(  537): Compat change id reported: 253665015; UID 10156; state: ENABLED
D/CompatibilityChangeReporter(  537): Compat change id reported: 194532703; UID 10156; state: ENABLED
W/TelephonyPermissions(  897): reportAccessDeniedToReadIdentifiers:com.google.android.contacts:getAllSubInfoList:1
W/JobScheduler(  537): Job didn't exist in JobStore: 4798fa9 #u0a156/7 com.google.android.contacts/com.google.android.apps.contacts.shortcut.ShortcutJobService
D/CompatibilityChangeReporter( 5561): Compat change id reported: 210923482; UID 10156; state: ENABLED
D/CompatibilityChangeReporter( 5561): Compat change id reported: 160794467; UID 10156; state: ENABLED
I/PeopleChimeraService( 5474): onService. callbacks = avsz@797b615, request = com.google.android.gms.common.internal.GetServiceRequest@e511d2a
I/PeopleChimeraService( 5474): onService. callbacks = avsz@74050b8, request = com.google.android.gms.common.internal.GetServiceRequest@54a9e91
I/PeopleChimeraService( 5474): onService. callbacks = avsz@c9c59f7, request = com.google.android.gms.common.internal.GetServiceRequest@e05c064
D/CompatibilityChangeReporter( 5561): Compat change id reported: 263076149; UID 10156; state: ENABLED
W/SystemServiceRegistry( 1150): No service published for: persistent_data_block
I/Wear_Controller( 1150): Wearable module requires a companion app to be installed.
I/WearableService( 1150): onCreate: Wearable Services not starting. Wear is not available on this device.
W/WearableService( 1150): onGetService: Wear is not available on this device.
W/isg     ( 5561): Not syncing settings to wear.
W/isg     ( 5561): jcf: None of the queried APIs are available. Wearable.API: ConnectionResult{statusCode=API_UNAVAILABLE, resolution=null, message=null}
W/isg     ( 5561): 	at jde.a(PG:4)
W/isg     ( 5561): 	at jdw.r(PG:4)
W/isg     ( 5561): 	at jdw.j(PG:5)
W/isg     ( 5561): 	at jdw.i(PG:1)
W/isg     ( 5561): 	at sab.s(PG:1)
W/isg     ( 5561): 	at jfh.a(PG:1)
W/isg     ( 5561): 	at jfb.d(PG:6)
W/isg     ( 5561): 	at jfc.handleMessage(PG:38)
W/isg     ( 5561): 	at android.os.Handler.dispatchMessage(Handler.java:106)
W/isg     ( 5561): 	at android.os.Looper.loopOnce(Looper.java:205)
W/isg     ( 5561): 	at android.os.Looper.loop(Looper.java:294)
W/isg     ( 5561): 	at android.os.HandlerThread.run(HandlerThread.java:67)
D/StatusBarIconController(  749): ignoring old pipeline callbacks, because the new mobile icons are enabled
D/android.hardware.audio@7.1-impl.ranchu(  361): threadLoop: entering standby, frames: 1490560
I/earchbox:search( 1653): JIT allocated 69KB for compiled code of com.google.android.apps.gsa.s.h com.google.android.apps.gsa.s.h.a(int)
I/wpa_supplicant(  729): wlan0: CTRL-EVENT-BEACON-LOSS 
I/logd    (    0): logdr: UID=2000 GID=2000 PID=5600 n tail=0 logMask=99 pid=0 start=0ns deadline=0ns


