$ logcat mount poll 5
[exit=0]
--------- beginning of main
E/gs.intelligence( 3533): No package ID ff found for resource ID 0xffffffff.
E/gs.intelligence( 3533): No package ID ff found for resource ID 0xffffffff.
E/gs.intelligence( 3533): No package ID ff found for resource ID 0xffffffff.
E/gs.intelligence( 3533): No package ID ff found for resource ID 0xffffffff.
E/gs.intelligence( 3533): No package ID ff found for resource ID 0xffffffff.
E/gs.intelligence( 3533): No package ID ff found for resource ID 0xffffffff.
E/gs.intelligence( 3533): No package ID ff found for resource ID 0xffffffff.
E/gs.intelligence( 3533): No package ID ff found for resource ID 0xffffffff.
E/gs.intelligence( 3533): No package ID ff found for resource ID 0xffffffff.
E/gs.intelligence( 3533): No package ID ff found for resource ID 0xffffffff.
E/gs.intelligence( 3533): No package ID ff found for resource ID 0xffffffff.
E/gs.intelligence( 3533): No package ID ff found for resource ID 0xffffffff.
E/gs.intelligence( 3533): No package ID ff found for resource ID 0xffffffff.
E/gs.intelligence( 3533): No package ID ff found for resource ID 0xffffffff.
E/gs.intelligence( 3533): No package ID ff found for resource ID 0xffffffff.
E/gs.intelligence( 3533): No package ID ff found for resource ID 0xffffffff.
E/gs.intelligence( 3533): No package ID ff found for resource ID 0xffffffff.
W/IndexDataConverter( 3533): Skipping index for null-key item IndexData.Builder {title: Data warning & limit,package: com.android.settings}
E/gs.intelligence( 3533): No package ID ff found for resource ID 0xffffffff.
E/gs.intelligence( 3533): No package ID ff found for resource ID 0xffffffff.
E/gs.intelligence( 3533): No package ID ff found for resource ID 0xffffffff.
E/gs.intelligence( 3533): No package ID ff found for resource ID 0xffffffff.
E/gs.intelligence( 3533): No package ID ff found for resource ID 0xffffffff.
E/gs.intelligence( 3533): No package ID ff found for resource ID 0xffffffff.
W/IndexDataConverter( 3533): Skipping index for null-key item IndexData.Builder {title: Let apps know your regional preferences so they can personalize your experience.,package: com.android.settings}
E/gs.intelligence( 3533): No package ID ff found for resource ID 0xffffffff.
E/gs.intelligence( 3533): No package ID ff found for resource ID 0xffffffff.
E/gs.intelligence( 3533): No package ID ff found for resource ID 0xffffffff.
E/gs.intelligence( 3533): No package ID ff found for resource ID 0xffffffff.
E/gs.intelligence( 3533): No package ID ff found for resource ID 0xffffffff.
E/gs.intelligence( 3533): No package ID ff found for resource ID 0xffffffff.
E/gs.intelligence( 3533): No package ID ff found for resource ID 0xffffffff.
E/gs.intelligence( 3533): No package ID ff found for resource ID 0xffffffff.
E/gs.intelligence( 3533): No package ID ff found for resource ID 0xffffffff.
E/gs.intelligence( 3533): No package ID ff found for resource ID 0xffffffff.
E/gs.intelligence( 3533): No package ID ff found for resource ID 0xffffffff.
E/gs.intelligence( 3533): No package ID ff found for resource ID 0xffffffff.
E/gs.intelligence( 3533): No package ID ff found for resource ID 0xffffffff.
W/IndexDataConverter( 3533): Skipping index for null-key item IndexData.Builder {title: Regional preferences,package: com.android.settings}
E/gs.intelligence( 3533): No package ID ff found for resource ID 0xffffffff.
E/gs.intelligence( 3533): No package ID ff found for resource ID 0xffffffff.
E/gs.intelligence( 3533): No package ID ff found for resource ID 0xffffffff.
E/gs.intelligence( 3533): No package ID ff found for resource ID 0xffffffff.
E/gs.intelligence( 3533): No package ID ff found for resource ID 0xffffffff.
E/gs.intelligence( 3533): No package ID ff found for resource ID 0xffffffff.
E/gs.intelligence( 3533): No package ID ff found for resource ID 0xffffffff.
E/gs.intelligence( 3533): No package ID ff found for resource ID 0xffffffff.
E/gs.intelligence( 3533): No package ID ff found for resource ID 0xffffffff.
E/gs.intelligence( 3533): No package ID ff found for resource ID 0xffffffff.
E/gs.intelligence( 3533): No package ID ff found for resource ID 0xffffffff.
E/gs.intelligence( 3533): No package ID ff found for resource ID 0xffffffff.
W/IndexDataConverter( 3533): Skipping index for null-key item IndexData.Builder {title: Prevent ringing,package: com.android.settings}
E/gs.intelligence( 3533): No package ID ff found for resource ID 0xffffffff.
E/gs.intelligence( 3533): No package ID ff found for resource ID 0xffffffff.
W/IndexDataConverter( 3533): Skipping index for null-key item IndexData.Builder {title: Connected work & personal apps,package: com.android.settings}
E/gs.intelligence( 3533): No package ID ff found for resource ID 0xffffffff.
E/gs.intelligence( 3533): No package ID ff found for resource ID 0xffffffff.
W/IndexDataConverter( 3533): Skipping index for null-key item IndexData.Builder {title: Do Not Disturb access,package: com.android.settings}
E/gs.intelligence( 3533): No package ID ff found for resource ID 0xffffffff.
E/gs.intelligence( 3533): No package ID ff found for resource ID 0xffffffff.
E/gs.intelligence( 3533): No package ID ff found for resource ID 0xffffffff.
E/gs.intelligence( 3533): No package ID ff found for resource ID 0xffffffff.
E/gs.intelligence( 3533): No package ID ff found for resource ID 0xffffffff.
E/gs.intelligence( 3533): No package ID ff found for resource ID 0xffffffff.
E/gs.intelligence( 3533): No package ID ff found for resource ID 0xffffffff.
E/gs.intelligence( 3533): No package ID ff found for resource ID 0xffffffff.
E/gs.intelligence( 3533): No package ID ff found for resource ID 0xffffffff.
E/gs.intelligence( 3533): No package ID ff found for resource ID 0xffffffff.
E/gs.intelligence( 3533): No package ID ff found for resource ID 0xffffffff.
E/gs.intelligence( 3533): No package ID ff found for resource ID 0xffffffff.
E/gs.intelligence( 3533): No package ID ff found for resource ID 0xffffffff.
E/gs.intelligence( 3533): No package ID ff found for resource ID 0xffffffff.
E/gs.intelligence( 3533): No package ID ff found for resource ID 0xffffffff.
E/gs.intelligence( 3533): No package ID ff found for resource ID 0xffffffff.
E/gs.intelligence( 3533): No package ID ff found for resource ID 0xffffffff.
E/gs.intelligence( 3533): No package ID ff found for resource ID 0xffffffff.
E/gs.intelligence( 3533): No package ID ff found for resource ID 0xffffffff.
E/gs.intelligence( 3533): No package ID ff found for resource ID 0xffffffff.
E/gs.intelligence( 3533): No package ID ff found for resource ID 0xffffffff.
E/gs.intelligence( 3533): No package ID ff found for resource ID 0xffffffff.
E/gs.intelligence( 3533): No package ID ff found for resource ID 0xffffffff.
E/gs.intelligence( 3533): No package ID ff found for resource ID 0xffffffff.
E/gs.intelligence( 3533): No package ID ff found for resource ID 0xffffffff.
E/gs.intelligence( 3533): No package ID ff found for resource ID 0xffffffff.
E/gs.intelligence( 3533): No package ID ff found for resource ID 0xffffffff.
E/gs.intelligence( 3533): No package ID ff found for resource ID 0xffffffff.
E/gs.intelligence( 3533): No package ID ff found for resource ID 0xffffffff.
E/gs.intelligence( 3533): No package ID ff found for resource ID 0xffffffff.
E/gs.intelligence( 3533): No package ID ff found for resource ID 0xffffffff.
E/gs.intelligence( 3533): No package ID ff found for resource ID 0xffffffff.
E/gs.intelligence( 3533): No package ID ff found for resource ID 0xffffffff.
E/gs.intelligence( 3533): No package ID ff found for resource ID 0xffffffff.
E/gs.intelligence( 3533): No package ID ff found for resource ID 0xffffffff.
W/IndexDataConverter( 3533): Skipping index for null-key item IndexData.Builder {title: Time to take action,package: com.android.settings}
E/gs.intelligence( 3533): No package ID ff found for resource ID 0xffffffff.
E/gs.intelligence( 3533): No package ID ff found for resource ID 0xffffffff.
E/gs.intelligence( 3533): No package ID ff found for resource ID 0xffffffff.
E/gs.intelligence( 3533): No package ID ff found for resource ID 0xffffffff.
E/gs.intelligence( 3533): No package ID ff found for resource ID 0xffffffff.
E/gs.intelligence( 3533): No package ID ff found for resource ID 0xffffffff.
E/gs.intelligence( 3533): No package ID ff found for resource ID 0xffffffff.
E/gs.intelligence( 3533): No package ID ff found for resource ID 0xffffffff.
E/gs.intelligence( 3533): No package ID ff found for resource ID 0xffffffff.
E/gs.intelligence( 3533): No package ID ff found for resource ID 0xffffffff.
E/gs.intelligence( 3533): No package ID ff found for resource ID 0xffffffff.
E/gs.intelligence( 3533): No package ID ff found for resource ID 0xffffffff.
E/gs.intelligence( 3533): No package ID ff found for resource ID 0xffffffff.
E/gs.intelligence( 3533): No package ID ff found for resource ID 0xffffffff.
E/gs.intelligence( 3533): No package ID ff found for resource ID 0xffffffff.
E/gs.intelligence( 3533): No package ID ff found for resource ID 0xffffffff.
E/gs.intelligence( 3533): No package ID ff found for resource ID 0xffffffff.
E/gs.intelligence( 3533): No package ID ff found for resource ID 0xffffffff.
E/gs.intelligence( 3533): No package ID ff found for resource ID 0xffffffff.
E/gs.intelligence( 3533): No package ID ff found for resource ID 0xffffffff.
E/gs.intelligence( 3533): No package ID ff found for resource ID 0xffffffff.
E/gs.intelligence( 3533): No package ID ff found for resource ID 0xffffffff.
E/gs.intelligence( 3533): No package ID ff found for resource ID 0xffffffff.
E/gs.intelligence( 3533): No package ID ff found for resource ID 0xffffffff.
E/gs.intelligence( 3533): No package ID ff found for resource ID 0xffffffff.
E/gs.intelligence( 3533): No package ID ff found for resource ID 0xffffffff.
E/gs.intelligence( 3533): No package ID ff found for resource ID 0xffffffff.
E/gs.intelligence( 3533): No package ID ff found for resource ID 0xffffffff.
E/gs.intelligence( 3533): No package ID ff found for resource ID 0xffffffff.
E/gs.intelligence( 3533): No package ID ff found for resource ID 0xffffffff.
E/gs.intelligence( 3533): No package ID ff found for resource ID 0xffffffff.
E/gs.intelligence( 3533): No package ID ff found for resource ID 0xffffffff.
E/gs.intelligence( 3533): No package ID ff found for resource ID 0xffffffff.
E/gs.intelligence( 3533): No package ID ff found for resource ID 0xffffffff.
E/gs.intelligence( 3533): No package ID ff found for resource ID 0xffffffff.
E/gs.intelligence( 3533): No package ID ff found for resource ID 0xffffffff.
E/gs.intelligence( 3533): No package ID ff found for resource ID 0xffffffff.
E/gs.intelligence( 3533): No package ID ff found for resource ID 0xffffffff.
E/gs.intelligence( 3533): No package ID ff found for resource ID 0xffffffff.
E/gs.intelligence( 3533): No package ID ff found for resource ID 0xffffffff.
E/gs.intelligence( 3533): No package ID ff found for resource ID 0xffffffff.
E/gs.intelligence( 3533): No package ID ff found for resource ID 0xffffffff.
E/gs.intelligence( 3533): No package ID ff found for resource ID 0xffffffff.
E/gs.intelligence( 3533): No package ID ff found for resource ID 0xffffffff.
E/gs.intelligence( 3533): No package ID ff found for resource ID 0xffffffff.
E/gs.intelligence( 3533): No package ID ff found for resource ID 0xffffffff.
E/gs.intelligence( 3533): No package ID ff found for resource ID 0xffffffff.
E/gs.intelligence( 3533): No package ID ff found for resource ID 0xffffffff.
E/gs.intelligence( 3533): No package ID ff found for resource ID 0xffffffff.
E/gs.intelligence( 3533): No package ID ff found for resource ID 0xffffffff.
E/gs.intelligence( 3533): No package ID ff found for resource ID 0xffffffff.
E/gs.intelligence( 3533): No package ID ff found for resource ID 0xffffffff.
E/gs.intelligence( 3533): No package ID ff found for resource ID 0xffffffff.
E/gs.intelligence( 3533): No package ID ff found for resource ID 0xffffffff.
E/gs.intelligence( 3533): No package ID ff found for resource ID 0xffffffff.
E/gs.intelligence( 3533): No package ID ff found for resource ID 0xffffffff.
E/gs.intelligence( 3533): No package ID ff found for resource ID 0xffffffff.
E/gs.intelligence( 3533): No package ID ff found for resource ID 0xffffffff.
E/gs.intelligence( 3533): No package ID ff found for resource ID 0xffffffff.
E/gs.intelligence( 3533): No package ID ff found for resource ID 0xffffffff.
E/gs.intelligence( 3533): No package ID ff found for resource ID 0xffffffff.
E/gs.intelligence( 3533): No package ID ff found for resource ID 0xffffffff.
E/gs.intelligence( 3533): No package ID ff found for resource ID 0xffffffff.
E/gs.intelligence( 3533): No package ID ff found for resource ID 0xffffffff.
E/gs.intelligence( 3533): No package ID ff found for resource ID 0xffffffff.
E/gs.intelligence( 3533): No package ID ff found for resource ID 0xffffffff.
E/gs.intelligence( 3533): No package ID ff found for resource ID 0xffffffff.
E/gs.intelligence( 3533): No package ID ff found for resource ID 0xffffffff.
E/gs.intelligence( 3533): No package ID ff found for resource ID 0xffffffff.
E/gs.intelligence( 3533): No package ID ff found for resource ID 0xffffffff.
E/gs.intelligence( 3533): No package ID ff found for resource ID 0xffffffff.
E/gs.intelligence( 3533): No package ID ff found for resource ID 0xffffffff.
E/gs.intelligence( 3533): No package ID ff found for resource ID 0xffffffff.
E/gs.intelligence( 3533): No package ID ff found for resource ID 0xffffffff.
E/gs.intelligence( 3533): No package ID ff found for resource ID 0xffffffff.
E/gs.intelligence( 3533): No package ID ff found for resource ID 0xffffffff.
E/gs.intelligence( 3533): No package ID ff found for resource ID 0xffffffff.
E/gs.intelligence( 3533): No package ID ff found for resource ID 0xffffffff.
E/gs.intelligence( 3533): No package ID ff found for resource ID 0xffffffff.
E/gs.intelligence( 3533): No package ID ff found for resource ID 0xffffffff.
E/gs.intelligence( 3533): No package ID ff found for resource ID 0xffffffff.
E/gs.intelligence( 3533): No package ID ff found for resource ID 0xffffffff.
E/gs.intelligence( 3533): No package ID ff found for resource ID 0xffffffff.
E/gs.intelligence( 3533): No package ID ff found for resource ID 0xffffffff.
E/gs.intelligence( 3533): No package ID ff found for resource ID 0xffffffff.
E/gs.intelligence( 3533): No package ID ff found for resource ID 0xffffffff.
E/gs.intelligence( 3533): No package ID ff found for resource ID 0xffffffff.
E/gs.intelligence( 3533): No package ID ff found for resource ID 0xffffffff.
E/gs.intelligence( 3533): No package ID ff found for resource ID 0xffffffff.
E/gs.intelligence( 3533): No package ID ff found for resource ID 0xffffffff.
E/gs.intelligence( 3533): No package ID ff found for resource ID 0xffffffff.
E/gs.intelligence( 3533): No package ID ff found for resource ID 0xffffffff.
E/gs.intelligence( 3533): No package ID ff found for resource ID 0xffffffff.
E/gs.intelligence( 3533): No package ID ff found for resource ID 0xffffffff.
E/gs.intelligence( 3533): No package ID ff found for resource ID 0xffffffff.
E/gs.intelligence( 3533): No package ID ff found for resource ID 0xffffffff.
E/gs.intelligence( 3533): No package ID ff found for resource ID 0xffffffff.
E/gs.intelligence( 3533): No package ID ff found for resource ID 0xffffffff.
E/gs.intelligence( 3533): No package ID ff found for resource ID 0xffffffff.
E/gs.intelligence( 3533): No package ID ff found for resource ID 0xffffffff.
E/gs.intelligence( 3533): No package ID ff found for resource ID 0xffffffff.
E/gs.intelligence( 3533): No package ID ff found for resource ID 0xffffffff.
E/gs.intelligence( 3533): No package ID ff found for resource ID 0xffffffff.
E/gs.intelligence( 3533): No package ID ff found for resource ID 0xffffffff.
E/gs.intelligence( 3533): No package ID ff found for resource ID 0xffffffff.
E/gs.intelligence( 3533): No package ID ff found for resource ID 0xffffffff.
E/gs.intelligence( 3533): No package ID ff found for resource ID 0xffffffff.
E/gs.intelligence( 3533): No package ID ff found for resource ID 0xffffffff.
E/gs.intelligence( 3533): No package ID ff found for resource ID 0xffffffff.
E/gs.intelligence( 3533): No package ID ff found for resource ID 0xffffffff.
E/gs.intelligence( 3533): No package ID ff found for resource ID 0xffffffff.
E/gs.intelligence( 3533): No package ID ff found for resource ID 0xffffffff.
W/IndexDataConverter( 3533): Skipping index for null-key item IndexData.Builder {title: Night Light,package: com.android.settings}
E/gs.intelligence( 3533): No package ID ff found for resource ID 0xffffffff.
E/gs.intelligence( 3533): No package ID ff found for resource ID 0xffffffff.
E/gs.intelligence( 3533): No package ID ff found for resource ID 0xffffffff.
E/gs.intelligence( 3533): No package ID ff found for resource ID 0xffffffff.
E/gs.intelligence( 3533): No package ID ff found for resource ID 0xffffffff.
E/gs.intelligence( 3533): No package ID ff found for resource ID 0xffffffff.
W/IndexDataConverter( 3533): Skipping index for null-key item IndexData.Builder {title: This beta feature helps you protect your device from bugs that may put your security at risk.,package: com.android.settings}
E/gs.intelligence( 3533): No package ID ff found for resource ID 0xffffffff.
E/gs.intelligence( 3533): No package ID ff found for resource ID 0xffffffff.
E/gs.intelligence( 3533): No package ID ff found for resource ID 0xffffffff.
E/gs.intelligence( 3533): No package ID ff found for resource ID 0xffffffff.
E/gs.intelligence( 3533): No package ID ff found for resource ID 0xffffffff.
E/gs.intelligence( 3533): No package ID ff found for resource ID 0xffffffff.
E/gs.intelligence( 3533): No package ID ff found for resource ID 0xffffffff.
E/gs.intelligence( 3533): No package ID ff found for resource ID 0xffffffff.
W/IndexDataConverter( 3533): Skipping index for null-key item IndexData.Builder {title: Advanced memory protection beta,package: com.android.settings}
E/gs.intelligence( 3533): No package ID ff found for resource ID 0xffffffff.
E/gs.intelligence( 3533): No package ID ff found for resource ID 0xffffffff.
E/gs.intelligence( 3533): No package ID ff found for resource ID 0xffffffff.
E/gs.intelligence( 3533): No package ID ff found for resource ID 0xffffffff.
E/gs.intelligence( 3533): No package ID ff found for resource ID 0xffffffff.
E/gs.intelligence( 3533): No package ID ff found for resource ID 0xffffffff.
E/gs.intelligence( 3533): No package ID ff found for resource ID 0xffffffff.
E/gs.intelligence( 3533): No package ID ff found for resource ID 0xffffffff.
E/gs.intelligence( 3533): No package ID ff found for resource ID 0xffffffff.
E/gs.intelligence( 3533): No package ID ff found for resource ID 0xffffffff.
E/gs.intelligence( 3533): No package ID ff found for resource ID 0xffffffff.
E/gs.intelligence( 3533): No package ID ff found for resource ID 0xffffffff.
E/gs.intelligence( 3533): No package ID ff found for resource ID 0xffffffff.
E/gs.intelligence( 3533): No package ID ff found for resource ID 0xffffffff.
E/gs.intelligence( 3533): No package ID ff found for resource ID 0xffffffff.
E/gs.intelligence( 3533): No package ID ff found for resource ID 0xffffffff.
E/gs.intelligence( 3533): No package ID ff found for resource ID 0xffffffff.
E/gs.intelligence( 3533): No package ID ff found for resource ID 0xffffffff.
E/gs.intelligence( 3533): No package ID ff found for resource ID 0xffffffff.
E/gs.intelligence( 3533): No package ID ff found for resource ID 0xffffffff.
E/gs.intelligence( 3533): No package ID ff found for resource ID 0xffffffff.
E/gs.intelligence( 3533): No package ID ff found for resource ID 0xffffffff.
E/gs.intelligence( 3533): No package ID ff found for resource ID 0xffffffff.
E/gs.intelligence( 3533): No package ID ff found for resource ID 0xffffffff.
E/gs.intelligence( 3533): No package ID ff found for resource ID 0xffffffff.
E/gs.intelligence( 3533): No package ID ff found for resource ID 0xffffffff.
E/gs.intelligence( 3533): No package ID ff found for resource ID 0xffffffff.
E/gs.intelligence( 3533): No package ID ff found for resource ID 0xffffffff.
E/gs.intelligence( 3533): No package ID ff found for resource ID 0xffffffff.
E/gs.intelligence( 3533): No package ID ff found for resource ID 0xffffffff.
E/gs.intelligence( 3533): No package ID ff found for resource ID 0xffffffff.
E/gs.intelligence( 3533): No package ID ff found for resource ID 0xffffffff.
E/gs.intelligence( 3533): No package ID ff found for resource ID 0xffffffff.
E/gs.intelligence( 3533): No package ID ff found for resource ID 0xffffffff.
E/gs.intelligence( 3533): No package ID ff found for resource ID 0xffffffff.
E/gs.intelligence( 3533): No package ID ff found for resource ID 0xffffffff.
E/gs.intelligence( 3533): No package ID ff found for resource ID 0xffffffff.
E/gs.intelligence( 3533): No package ID ff found for resource ID 0xffffffff.
E/gs.intelligence( 3533): No package ID ff found for resource ID 0xffffffff.
E/gs.intelligence( 3533): No package ID ff found for resource ID 0xffffffff.
E/gs.intelligence( 3533): No package ID ff found for resource ID 0xffffffff.
E/gs.intelligence( 3533): No package ID ff found for resource ID 0xffffffff.
W/IndexDataConverter( 3533): Skipping index for null-key item IndexData.Builder {title: Cast,package: com.android.settings}
E/gs.intelligence( 3533): No package ID ff found for resource ID 0xffffffff.
E/gs.intelligence( 3533): No package ID ff found for resource ID 0xffffffff.
E/gs.intelligence( 3533): No package ID ff found for resource ID 0xffffffff.
E/gs.intelligence( 3533): No package ID ff found for resource ID 0xffffffff.
E/gs.intelligence( 3533): No package ID ff found for resource ID 0xffffffff.
E/gs.intelligence( 3533): No package ID ff found for resource ID 0xffffffff.
E/gs.intelligence( 3533): No package ID ff found for resource ID 0xffffffff.
E/gs.intelligence( 3533): No package ID ff found for resource ID 0xffffffff.
E/gs.intelligence( 3533): No package ID ff found for resource ID 0xffffffff.
E/gs.intelligence( 3533): No package ID ff found for resource ID 0xffffffff.
E/gs.intelligence( 3533): No package ID ff found for resource ID 0xffffffff.
E/gs.intelligence( 3533): No package ID ff found for resource ID 0xffffffff.
E/gs.intelligence( 3533): No package ID ff found for resource ID 0xffffffff.
E/gs.intelligence( 3533): No package ID ff found for resource ID 0xffffffff.
E/gs.intelligence( 3533): No package ID ff found for resource ID 0xffffffff.
E/gs.intelligence( 3533): No package ID ff found for resource ID 0xffffffff.
E/gs.intelligence( 3533): No package ID ff found for resource ID 0xffffffff.
E/gs.intelligence( 3533): No package ID ff found for resource ID 0xffffffff.
E/gs.intelligence( 3533): No package ID ff found for resource ID 0xffffffff.
W/IndexDataConverter( 3533): Skipping index for null-key item IndexData.Builder {title: Color correction,package: com.android.settings}
E/gs.intelligence( 3533): No package ID ff found for resource ID 0xffffffff.
E/gs.intelligence( 3533): No package ID ff found for resource ID 0xffffffff.
E/gs.intelligence( 3533): No package ID ff found for resource ID 0xffffffff.
E/gs.intelligence( 3533): No package ID ff found for resource ID 0xffffffff.
E/gs.intelligence( 3533): No package ID ff found for resource ID 0xffffffff.
E/gs.intelligence( 3533): No package ID ff found for resource ID 0xffffffff.
E/gs.intelligence( 3533): No package ID ff found for resource ID 0xffffffff.
E/gs.intelligence( 3533): No package ID ff found for resource ID 0xffffffff.
E/gs.intelligence( 3533): No package ID ff found for resource ID 0xffffffff.
E/gs.intelligence( 3533): No package ID ff found for resource ID 0xffffffff.
E/gs.intelligence( 3533): No package ID ff found for resource ID 0xffffffff.
E/gs.intelligence( 3533): No package ID ff found for resource ID 0xffffffff.
E/gs.intelligence( 3533): No package ID ff found for resource ID 0xffffffff.
E/gs.intelligence( 3533): No package ID ff found for resource ID 0xffffffff.
E/gs.intelligence( 3533): No package ID ff found for resource ID 0xffffffff.
E/gs.intelligence( 3533): No package ID ff found for resource ID 0xffffffff.
E/gs.intelligence( 3533): No package ID ff found for resource ID 0xffffffff.
E/gs.intelligence( 3533): No package ID ff found for resource ID 0xffffffff.
E/gs.intelligence( 3533): No package ID ff found for resource ID 0xffffffff.
E/gs.intelligence( 3533): No package ID ff found for resource ID 0xffffffff.
E/gs.intelligence( 3533): No package ID ff found for resource ID 0xffffffff.
E/gs.intelligence( 3533): No package ID ff found for resource ID 0xffffffff.
E/gs.intelligence( 3533): No package ID ff found for resource ID 0xffffffff.
E/gs.intelligence( 3533): No package ID ff found for resource ID 0xffffffff.
E/gs.intelligence( 3533): No package ID ff found for resource ID 0xffffffff.
E/gs.intelligence( 3533): No package ID ff found for resource ID 0xffffffff.
E/gs.intelligence( 3533): No package ID ff found for resource ID 0xffffffff.
E/gs.intelligence( 3533): No package ID ff found for resource ID 0xffffffff.
E/gs.intelligence( 3533): No package ID ff found for resource ID 0xffffffff.
E/gs.intelligence( 3533): No package ID ff found for resource ID 0xffffffff.
W/IndexDataConverter( 3533): Skipping index for null-key item IndexData.Builder {title: Vibration & haptics,package: com.android.settings}
E/gs.intelligence( 3533): No package ID ff found for resource ID 0xffffffff.
E/gs.intelligence( 3533): No package ID ff found for resource ID 0xffffffff.
E/gs.intelligence( 3533): No package ID ff found for resource ID 0xffffffff.
E/gs.intelligence( 3533): No package ID ff found for resource ID 0xffffffff.
E/gs.intelligence( 3533): No package ID ff found for resource ID 0xffffffff.
E/gs.intelligence( 3533): No package ID ff found for resource ID 0xffffffff.
E/gs.intelligence( 3533): No package ID ff found for resource ID 0xffffffff.
E/gs.intelligence( 3533): No package ID ff found for resource ID 0xffffffff.
E/gs.intelligence( 3533): No package ID ff found for resource ID 0xffffffff.
E/gs.intelligence( 3533): No package ID ff found for resource ID 0xffffffff.
E/gs.intelligence( 3533): No package ID ff found for resource ID 0xffffffff.
E/gs.intelligence( 3533): No package ID ff found for resource ID 0xffffffff.
E/gs.intelligence( 3533): No package ID ff found for resource ID 0xffffffff.
E/gs.intelligence( 3533): No package ID ff found for resource ID 0xffffffff.
E/gs.intelligence( 3533): No package ID ff found for resource ID 0xffffffff.
E/gs.intelligence( 3533): No package ID ff found for resource ID 0xffffffff.
E/gs.intelligence( 3533): No package ID ff found for resource ID 0xffffffff.
E/gs.intelligence( 3533): No package ID ff found for resource ID 0xffffffff.
E/gs.intelligence( 3533): No package ID ff found for resource ID 0xffffffff.
E/gs.intelligence( 3533): No package ID ff found for resource ID 0xffffffff.
E/gs.intelligence( 3533): No package ID ff found for resource ID 0xffffffff.
E/gs.intelligence( 3533): No package ID ff found for resource ID 0xffffffff.
E/gs.intelligence( 3533): No package ID ff found for resource ID 0xffffffff.
E/gs.intelligence( 3533): No package ID ff found for resource ID 0xffffffff.
E/gs.intelligence( 3533): No package ID ff found for resource ID 0xffffffff.
E/gs.intelligence( 3533): No package ID ff found for resource ID 0xffffffff.
E/gs.intelligence( 3533): No package ID ff found for resource ID 0xffffffff.
E/gs.intelligence( 3533): No package ID ff found for resource ID 0xffffffff.
E/gs.intelligence( 3533): No package ID ff found for resource ID 0xffffffff.
E/gs.intelligence( 3533): No package ID ff found for resource ID 0xffffffff.
E/gs.intelligence( 3533): No package ID ff found for resource ID 0xffffffff.
E/gs.intelligence( 3533): No package ID ff found for resource ID 0xffffffff.
E/gs.intelligence( 3533): No package ID ff found for resource ID 0xffffffff.
E/gs.intelligence( 3533): No package ID ff found for resource ID 0xffffffff.
E/gs.intelligence( 3533): No package ID ff found for resource ID 0xffffffff.
E/gs.intelligence( 3533): No package ID ff found for resource ID 0xffffffff.
E/gs.intelligence( 3533): No package ID ff found for resource ID 0xffffffff.
E/gs.intelligence( 3533): No package ID ff found for resource ID 0xffffffff.
E/gs.intelligence( 3533): No package ID ff found for resource ID 0xffffffff.
E/gs.intelligence( 3533): No package ID ff found for resource ID 0xffffffff.
E/gs.intelligence( 3533): No package ID ff found for resource ID 0xffffffff.
E/gs.intelligence( 3533): No package ID ff found for resource ID 0xffffffff.
E/gs.intelligence( 3533): No package ID ff found for resource ID 0xffffffff.
E/gs.intelligence( 3533): No package ID ff found for resource ID 0xffffffff.
E/gs.intelligence( 3533): No package ID ff found for resource ID 0xffffffff.
E/gs.intelligence( 3533): No package ID ff found for resource ID 0xffffffff.
E/gs.intelligence( 3533): No package ID ff found for resource ID 0xffffffff.
E/gs.intelligence( 3533): No package ID ff found for resource ID 0xffffffff.
E/gs.intelligence( 3533): No package ID ff found for resource ID 0xffffffff.
E/gs.intelligence( 3533): No package ID ff found for resource ID 0xffffffff.
E/gs.intelligence( 3533): No package ID ff found for resource ID 0xffffffff.
E/gs.intelligence( 3533): No package ID ff found for resource ID 0xffffffff.
E/gs.intelligence( 3533): No package ID ff found for resource ID 0xffffffff.
E/gs.intelligence( 3533): No package ID ff found for resource ID 0xffffffff.
E/gs.intelligence( 3533): No package ID ff found for resource ID 0xffffffff.
E/gs.intelligence( 3533): No package ID ff found for resource ID 0xffffffff.
E/gs.intelligence( 3533): No package ID ff found for resource ID 0xffffffff.
E/gs.intelligence( 3533): No package ID ff found for resource ID 0xffffffff.
E/gs.intelligence( 3533): No package ID ff found for resource ID 0xffffffff.
E/gs.intelligence( 3533): No package ID ff found for resource ID 0xffffffff.
E/gs.intelligence( 3533): No package ID ff found for resource ID 0xffffffff.
E/gs.intelligence( 3533): No package ID ff found for resource ID 0xffffffff.
E/gs.intelligence( 3533): No package ID ff found for resource ID 0xffffffff.
E/gs.intelligence( 3533): No package ID ff found for resource ID 0xffffffff.
E/gs.intelligence( 3533): No package ID ff found for resource ID 0xffffffff.
E/gs.intelligence( 3533): No package ID ff found for resource ID 0xffffffff.
E/gs.intelligence( 3533): No package ID ff found for resource ID 0xffffffff.
E/gs.intelligence( 3533): No package ID ff found for resource ID 0xffffffff.
E/gs.intelligence( 3533): No package ID ff found for resource ID 0xffffffff.
E/gs.intelligence( 3533): No package ID ff found for resource ID 0xffffffff.
E/gs.intelligence( 3533): No package ID ff found for resource ID 0xffffffff.
E/gs.intelligence( 3533): No package ID ff found for resource ID 0xffffffff.
E/gs.intelligence( 3533): No package ID ff found for resource ID 0xffffffff.
E/gs.intelligence( 3533): No package ID ff found for resource ID 0xffffffff.
E/gs.intelligence( 3533): No package ID ff found for resource ID 0xffffffff.
E/gs.intelligence( 3533): No package ID ff found for resource ID 0xffffffff.
E/gs.intelligence( 3533): No package ID ff found for resource ID 0xffffffff.
E/gs.intelligence( 3533): No package ID ff found for resource ID 0xffffffff.
E/gs.intelligence( 3533): No package ID ff found for resource ID 0xffffffff.
E/gs.intelligence( 3533): No package ID ff found for resource ID 0xffffffff.
E/gs.intelligence( 3533): No package ID ff found for resource ID 0xffffffff.
E/gs.intelligence( 3533): No package ID ff found for resource ID 0xffffffff.
E/gs.intelligence( 3533): No package ID ff found for resource ID 0xffffffff.
E/gs.intelligence( 3533): No package ID ff found for resource ID 0xffffffff.
E/gs.intelligence( 3533): No package ID ff found for resource ID 0xffffffff.
E/gs.intelligence( 3533): No package ID ff found for resource ID 0xffffffff.
E/gs.intelligence( 3533): No package ID ff found for resource ID 0xffffffff.
E/gs.intelligence( 3533): No package ID ff found for resource ID 0xffffffff.
E/gs.intelligence( 3533): No package ID ff found for resource ID 0xffffffff.
E/gs.intelligence( 3533): No package ID ff found for resource ID 0xffffffff.
E/gs.intelligence( 3533): No package ID ff found for resource ID 0xffffffff.
E/gs.intelligence( 3533): No package ID ff found for resource ID 0xffffffff.
E/gs.intelligence( 3533): No package ID ff found for resource ID 0xffffffff.
E/gs.intelligence( 3533): No package ID ff found for resource ID 0xffffffff.
E/gs.intelligence( 3533): No package ID ff found for resource ID 0xffffffff.
E/gs.intelligence( 3533): No package ID ff found for resource ID 0xffffffff.
E/gs.intelligence( 3533): No package ID ff found for resource ID 0xffffffff.
E/gs.intelligence( 3533): No package ID ff found for resource ID 0xffffffff.
E/gs.intelligence( 3533): No package ID ff found for resource ID 0xffffffff.
E/gs.intelligence( 3533): No package ID ff found for resource ID 0xffffffff.
E/gs.intelligence( 3533): No package ID ff found for resource ID 0xffffffff.
E/gs.intelligence( 3533): No package ID ff found for resource ID 0xffffffff.
E/gs.intelligence( 3533): No package ID ff found for resource ID 0xffffffff.
E/gs.intelligence( 3533): No package ID ff found for resource ID 0xffffffff.
E/gs.intelligence( 3533): No package ID ff found for resource ID 0xffffffff.
E/gs.intelligence( 3533): No package ID ff found for resource ID 0xffffffff.
E/gs.intelligence( 3533): No package ID ff found for resource ID 0xffffffff.
E/gs.intelligence( 3533): No package ID ff found for resource ID 0xffffffff.
E/gs.intelligence( 3533): No package ID ff found for resource ID 0xffffffff.
E/gs.intelligence( 3533): No package ID ff found for resource ID 0xffffffff.
E/gs.intelligence( 3533): No package ID ff found for resource ID 0xffffffff.
E/gs.intelligence( 3533): No package ID ff found for resource ID 0xffffffff.
E/gs.intelligence( 3533): No package ID ff found for resource ID 0xffffffff.
E/gs.intelligence( 3533): No package ID ff found for resource ID 0xffffffff.
E/gs.intelligence( 3533): No package ID ff found for resource ID 0xffffffff.
E/gs.intelligence( 3533): No package ID ff found for resource ID 0xffffffff.
E/gs.intelligence( 3533): No package ID ff found for resource ID 0xffffffff.
E/gs.intelligence( 3533): No package ID ff found for resource ID 0xffffffff.
E/gs.intelligence( 3533): No package ID ff found for resource ID 0xffffffff.
E/gs.intelligence( 3533): No package ID ff found for resource ID 0xffffffff.
E/gs.intelligence( 3533): No package ID ff found for resource ID 0xffffffff.
E/gs.intelligence( 3533): No package ID ff found for resource ID 0xffffffff.
E/gs.intelligence( 3533): No package ID ff found for resource ID 0xffffffff.
E/gs.intelligence( 3533): No package ID ff found for resource ID 0xffffffff.
E/gs.intelligence( 3533): No package ID ff found for resource ID 0xffffffff.
E/gs.intelligence( 3533): No package ID ff found for resource ID 0xffffffff.
E/gs.intelligence( 3533): No package ID ff found for resource ID 0xffffffff.
E/gs.intelligence( 3533): No package ID ff found for resource ID 0xffffffff.
E/gs.intelligence( 3533): No package ID ff found for resource ID 0xffffffff.
E/gs.intelligence( 3533): No package ID ff found for resource ID 0xffffffff.
E/gs.intelligence( 3533): No package ID ff found for resource ID 0xffffffff.
E/gs.intelligence( 3533): No package ID ff found for resource ID 0xffffffff.
E/gs.intelligence( 3533): No package ID ff found for resource ID 0xffffffff.
E/gs.intelligence( 3533): No package ID ff found for resource ID 0xffffffff.
E/gs.intelligence( 3533): No package ID ff found for resource ID 0xffffffff.
E/gs.intelligence( 3533): No package ID ff found for resource ID 0xffffffff.
E/gs.intelligence( 3533): No package ID ff found for resource ID 0xffffffff.
E/gs.intelligence( 3533): No package ID ff found for resource ID 0xffffffff.
W/IndexDataConverter( 3533): Skipping index for null-key item IndexData.Builder {title: More options,package: com.android.settings}
E/gs.intelligence( 3533): No package ID ff found for resource ID 0xffffffff.
E/gs.intelligence( 3533): No package ID ff found for resource ID 0xffffffff.
E/gs.intelligence( 3533): No package ID ff found for resource ID 0xffffffff.
E/gs.intelligence( 3533): No package ID ff found for resource ID 0xffffffff.
E/gs.intelligence( 3533): No package ID ff found for resource ID 0xffffffff.
E/gs.intelligence( 3533): No package ID ff found for resource ID 0xffffffff.
W/IndexDataConverter( 3533): Skipping index for null-key item IndexData.Builder {title: Apps will use your regional preferences where possible.,package: com.android.settings}
W/IndexDataConverter( 3533): Skipping index for null-key item IndexData.Builder {title: First day of week,package: com.android.settings}
E/gs.intelligence( 3533): No package ID ff found for resource ID 0xffffffff.
E/gs.intelligence( 3533): No package ID ff found for resource ID 0xffffffff.
E/gs.intelligence( 3533): No package ID ff found for resource ID 0xffffffff.
E/gs.intelligence( 3533): No package ID ff found for resource ID 0xffffffff.
E/gs.intelligence( 3533): No package ID ff found for resource ID 0xffffffff.
E/gs.intelligence( 3533): No package ID ff found for resource ID 0xffffffff.
E/gs.intelligence( 3533): No package ID ff found for resource ID 0xffffffff.
E/gs.intelligence( 3533): No package ID ff found for resource ID 0xffffffff.
E/gs.intelligence( 3533): No package ID ff found for resource ID 0xffffffff.
E/gs.intelligence( 3533): No package ID ff found for resource ID 0xffffffff.
E/gs.intelligence( 3533): No package ID ff found for resource ID 0xffffffff.
E/gs.intelligence( 3533): No package ID ff found for resource ID 0xffffffff.
E/gs.intelligence( 3533): No package ID ff found for resource ID 0xffffffff.
E/gs.intelligence( 3533): No package ID ff found for resource ID 0xffffffff.
E/gs.intelligence( 3533): No package ID ff found for resource ID 0xffffffff.
E/gs.intelligence( 3533): No package ID ff found for resource ID 0xffffffff.
E/gs.intelligence( 3533): No package ID ff found for resource ID 0xffffffff.
E/gs.intelligence( 3533): No package ID ff found for resource ID 0xffffffff.
E/gs.intelligence( 3533): No package ID ff found for resource ID 0xffffffff.
E/gs.intelligence( 3533): No package ID ff found for resource ID 0xffffffff.
E/gs.intelligence( 3533): No package ID ff found for resource ID 0xffffffff.
E/gs.intelligence( 3533): No package ID ff found for resource ID 0xffffffff.
E/gs.intelligence( 3533): No package ID ff found for resource ID 0xffffffff.
E/gs.intelligence( 3533): No package ID ff found for resource ID 0xffffffff.
E/gs.intelligence( 3533): No package ID ff found for resource ID 0xffffffff.
E/gs.intelligence( 3533): No package ID ff found for resource ID 0xffffffff.
E/gs.intelligence( 3533): No package ID ff found for resource ID 0xffffffff.
E/gs.intelligence( 3533): No package ID ff found for resource ID 0xffffffff.
E/gs.intelligence( 3533): No package ID ff found for resource ID 0xffffffff.
E/gs.intelligence( 3533): No package ID ff found for resource ID 0xffffffff.
E/gs.intelligence( 3533): No package ID ff found for resource ID 0xffffffff.
E/gs.intelligence( 3533): No package ID ff found for resource ID 0xffffffff.
E/gs.intelligence( 3533): No package ID ff found for resource ID 0xffffffff.
E/gs.intelligence( 3533): No package ID ff found for resource ID 0xffffffff.
E/gs.intelligence( 3533): No package ID ff found for resource ID 0xffffffff.
E/gs.intelligence( 3533): No package ID ff found for resource ID 0xffffffff.
E/gs.intelligence( 3533): No package ID ff found for resource ID 0xffffffff.
E/gs.intelligence( 3533): No package ID ff found for resource ID 0xffffffff.
E/gs.intelligence( 3533): No package ID ff found for resource ID 0xffffffff.
E/gs.intelligence( 3533): No package ID ff found for resource ID 0xffffffff.
E/gs.intelligence( 3533): No package ID ff found for resource ID 0xffffffff.
E/gs.intelligence( 3533): No package ID ff found for resource ID 0xffffffff.
E/gs.intelligence( 3533): No package ID ff found for resource ID 0xffffffff.
E/gs.intelligence( 3533): No package ID ff found for resource ID 0xffffffff.
E/gs.intelligence( 3533): No package ID ff found for resource ID 0xffffffff.
E/gs.intelligence( 3533): No package ID ff found for resource ID 0xffffffff.
E/gs.intelligence( 3533): No package ID ff found for resource ID 0xffffffff.
E/gs.intelligence( 3533): No package ID ff found for resource ID 0xffffffff.
E/gs.intelligence( 3533): No package ID ff found for resource ID 0xffffffff.
E/gs.intelligence( 3533): No package ID ff found for resource ID 0xffffffff.
E/gs.intelligence( 3533): No package ID ff found for resource ID 0xffffffff.
E/gs.intelligence( 3533): No package ID ff found for resource ID 0xffffffff.
E/gs.intelligence( 3533): No package ID ff found for resource ID 0xffffffff.
--------- beginning of system
W/ActivityTaskManager(  543): callingPackage for (uid=2000, pid=4096) has no WPC
D/CompatibilityChangeReporter(  543): Compat change id reported: 244637991; UID 2000; state: ENABLED
E/gs.intelligence( 3533): No package ID ff found for resource ID 0xffffffff.
E/gs.intelligence( 3533): No package ID ff found for resource ID 0xffffffff.
E/gs.intelligence( 3533): No package ID ff found for resource ID 0xffffffff.
E/gs.intelligence( 3533): No package ID ff found for resource ID 0xffffffff.
E/gs.intelligence( 3533): No package ID ff found for resource ID 0xffffffff.
E/gs.intelligence( 3533): No package ID ff found for resource ID 0xffffffff.
E/gs.intelligence( 3533): No package ID ff found for resource ID 0xffffffff.
E/gs.intelligence( 3533): No package ID ff found for resource ID 0xffffffff.
E/gs.intelligence( 3533): No package ID ff found for resource ID 0xffffffff.
E/gs.intelligence( 3533): No package ID ff found for resource ID 0xffffffff.
E/gs.intelligence( 3533): No package ID ff found for resource ID 0xffffffff.
E/gs.intelligence( 3533): No package ID ff found for resource ID 0xffffffff.
E/gs.intelligence( 3533): No package ID ff found for resource ID 0xffffffff.
E/gs.intelligence( 3533): No package ID ff found for resource ID 0xffffffff.
E/gs.intelligence( 3533): No package ID ff found for resource ID 0xffffffff.
D/CompatibilityChangeReporter(  543): Compat change id reported: 265464455; UID 10193; state: DISABLED
D/CompatibilityChangeReporter(  543): Compat change id reported: 265452344; UID 10193; state: DISABLED
E/gs.intelligence( 3533): No package ID ff found for resource ID 0xffffffff.
D/CompatibilityChangeReporter(  543): Compat change id reported: 266124927; UID 10193; state: DISABLED
E/gs.intelligence( 3533): No package ID ff found for resource ID 0xffffffff.
E/gs.intelligence( 3533): No package ID ff found for resource ID 0xffffffff.
D/CompatibilityChangeReporter(  543): Compat change id reported: 265451093; UID 10193; state: DISABLED
D/CompatibilityChangeReporter(  543): Compat change id reported: 265456536; UID 10193; state: DISABLED
D/CompatibilityChangeReporter(  543): Compat change id reported: 255940284; UID 10193; state: DISABLED
E/gs.intelligence( 3533): No package ID ff found for resource ID 0xffffffff.
D/CompatibilityChangeReporter(  543): Compat change id reported: 236283604; UID 10193; state: DISABLED
E/gs.intelligence( 3533): No package ID ff found for resource ID 0xffffffff.
E/gs.intelligence( 3533): No package ID ff found for resource ID 0xffffffff.
E/gs.intelligence( 3533): No package ID ff found for resource ID 0xffffffff.
D/CompatibilityChangeReporter(  543): Compat change id reported: 263959004; UID 10193; state: DISABLED
D/CompatibilityChangeReporter(  543): Compat change id reported: 264304459; UID 10193; state: DISABLED
E/gs.intelligence( 3533): No package ID ff found for resource ID 0xffffffff.
D/CompatibilityChangeReporter(  543): Compat change id reported: 264301586; UID 10193; state: DISABLED
E/gs.intelligence( 3533): No package ID ff found for resource ID 0xffffffff.
E/gs.intelligence( 3533): No package ID ff found for resource ID 0xffffffff.
D/CompatibilityChangeReporter(  543): Compat change id reported: 254631730; UID 10193; state: DISABLED
D/CompatibilityChangeReporter(  543): Compat change id reported: 273509367; UID 10193; state: DISABLED
D/CompatibilityChangeReporter(  543): Compat change id reported: 263259275; UID 10193; state: DISABLED
D/CompatibilityChangeReporter(  543): Compat change id reported: 174042980; UID 10193; state: DISABLED
E/gs.intelligence( 3533): No package ID ff found for resource ID 0xffffffff.
E/gs.intelligence( 3533): No package ID ff found for resource ID 0xffffffff.
D/CompatibilityChangeReporter(  543): Compat change id reported: 174042936; UID 10193; state: DISABLED
E/gs.intelligence( 3533): No package ID ff found for resource ID 0xffffffff.
D/CompatibilityChangeReporter(  543): Compat change id reported: 181136395; UID 10193; state: DISABLED
E/gs.intelligence( 3533): No package ID ff found for resource ID 0xffffffff.
E/gs.intelligence( 3533): No package ID ff found for resource ID 0xffffffff.
E/gs.intelligence( 3533): No package ID ff found for resource ID 0xffffffff.
E/gs.intelligence( 3533): No package ID ff found for resource ID 0xffffffff.
E/gs.intelligence( 3533): No package ID ff found for resource ID 0xffffffff.
E/gs.intelligence( 3533): No package ID ff found for resource ID 0xffffffff.
E/gs.intelligence( 3533): No package ID ff found for resource ID 0xffffffff.
E/gs.intelligence( 3533): No package ID ff found for resource ID 0xffffffff.
E/gs.intelligence( 3533): No package ID ff found for resource ID 0xffffffff.
E/gs.intelligence( 3533): No package ID ff found for resource ID 0xffffffff.
E/gs.intelligence( 3533): No package ID ff found for resource ID 0xffffffff.
E/gs.intelligence( 3533): No package ID ff found for resource ID 0xffffffff.
E/gs.intelligence( 3533): No package ID ff found for resource ID 0xffffffff.
E/gs.intelligence( 3533): No package ID ff found for resource ID 0xffffffff.
E/gs.intelligence( 3533): No package ID ff found for resource ID 0xffffffff.
E/gs.intelligence( 3533): No package ID ff found for resource ID 0xffffffff.
E/gs.intelligence( 3533): No package ID ff found for resource ID 0xffffffff.
E/gs.intelligence( 3533): No package ID ff found for resource ID 0xffffffff.
E/gs.intelligence( 3533): No package ID ff found for resource ID 0xffffffff.
E/gs.intelligence( 3533): No package ID ff found for resource ID 0xffffffff.
E/gs.intelligence( 3533): No package ID ff found for resource ID 0xffffffff.
E/gs.intelligence( 3533): No package ID ff found for resource ID 0xffffffff.
E/gs.intelligence( 3533): No package ID ff found for resource ID 0xffffffff.
W/IndexDataConverter( 3533): Skipping index for null-key item IndexData.Builder {title: You can use hearing aids, cochlear implants, and other amplification devices with your phone,package: com.android.settings}
E/gs.intelligence( 3533): No package ID ff found for resource ID 0xffffffff.
E/gs.intelligence( 3533): No package ID ff found for resource ID 0xffffffff.
E/gs.intelligence( 3533): No package ID ff found for resource ID 0xffffffff.
E/gs.intelligence( 3533): No package ID ff found for resource ID 0xffffffff.
E/gs.intelligence( 3533): No package ID ff found for resource ID 0xffffffff.
E/gs.intelligence( 3533): No package ID ff found for resource ID 0xffffffff.
D/CompatibilityChangeReporter(  543): Compat change id reported: 194480991; UID 10193; state: ENABLED
E/gs.intelligence( 3533): No package ID ff found for resource ID 0xffffffff.
E/gs.intelligence( 3533): No package ID ff found for resource ID 0xffffffff.
E/gs.intelligence( 3533): No package ID ff found for resource ID 0xffffffff.
E/gs.intelligence( 3533): No package ID ff found for resource ID 0xffffffff.
E/gs.intelligence( 3533): No package ID ff found for resource ID 0xffffffff.
E/gs.intelligence( 3533): No package ID ff found for resource ID 0xffffffff.
E/gs.intelligence( 3533): No package ID ff found for resource ID 0xffffffff.
E/gs.intelligence( 3533): No package ID ff found for resource ID 0xffffffff.
E/gs.intelligence( 3533): No package ID ff found for resource ID 0xffffffff.
W/IndexDataConverter( 3533): Skipping index for null-key item IndexData.Builder {title: Screen timeout,package: com.android.settings}
E/gs.intelligence( 3533): No package ID ff found for resource ID 0xffffffff.
E/gs.intelligence( 3533): No package ID ff found for resource ID 0xffffffff.
E/gs.intelligence( 3533): No package ID ff found for resource ID 0xffffffff.
E/gs.intelligence( 3533): No package ID ff found for resource ID 0xffffffff.
E/gs.intelligence( 3533): No package ID ff found for resource ID 0xffffffff.
E/gs.intelligence( 3533): No package ID ff found for resource ID 0xffffffff.
E/gs.intelligence( 3533): No package ID ff found for resource ID 0xffffffff.
E/gs.intelligence( 3533): No package ID ff found for resource ID 0xffffffff.
E/gs.intelligence( 3533): No package ID ff found for resource ID 0xffffffff.
E/gs.intelligence( 3533): No package ID ff found for resource ID 0xffffffff.
E/gs.intelligence( 3533): No package ID ff found for resource ID 0xffffffff.
E/gs.intelligence( 3533): No package ID ff found for resource ID 0xffffffff.
E/gs.intelligence( 3533): No package ID ff found for resource ID 0xffffffff.
E/gs.intelligence( 3533): No package ID ff found for resource ID 0xffffffff.
E/gs.intelligence( 3533): No package ID ff found for resource ID 0xffffffff.
E/gs.intelligence( 3533): No package ID ff found for resource ID 0xffffffff.
W/IndexDataConverter( 3533): Skipping index for null-key item IndexData.Builder {title: Auto-rotate screen,package: com.android.settings}
E/gs.intelligence( 3533): No package ID ff found for resource ID 0xffffffff.
E/gs.intelligence( 3533): No package ID ff found for resource ID 0xffffffff.
E/gs.intelligence( 3533): No package ID ff found for resource ID 0xffffffff.
E/gs.intelligence( 3533): No package ID ff found for resource ID 0xffffffff.
E/gs.intelligence( 3533): No package ID ff found for resource ID 0xffffffff.
E/gs.intelligence( 3533): No package ID ff found for resource ID 0xffffffff.
E/gs.intelligence( 3533): No package ID ff found for resource ID 0xffffffff.
E/gs.intelligence( 3533): No package ID ff found for resource ID 0xffffffff.
E/gs.intelligence( 3533): No package ID ff found for resource ID 0xffffffff.
E/gs.intelligence( 3533): No package ID ff found for resource ID 0xffffffff.
E/gs.intelligence( 3533): No package ID ff found for resource ID 0xffffffff.
E/gs.intelligence( 3533): No package ID ff found for resource ID 0xffffffff.
E/gs.intelligence( 3533): No package ID ff found for resource ID 0xffffffff.
E/gs.intelligence( 3533): No package ID ff found for resource ID 0xffffffff.
E/gs.intelligence( 3533): No package ID ff found for resource ID 0xffffffff.
E/gs.intelligence( 3533): No package ID ff found for resource ID 0xffffffff.
E/gs.intelligence( 3533): No package ID ff found for resource ID 0xffffffff.
E/gs.intelligence( 3533): No package ID ff found for resource ID 0xffffffff.
E/gs.intelligence( 3533): No package ID ff found for resource ID 0xffffffff.
E/gs.intelligence( 3533): No package ID ff found for resource ID 0xffffffff.
E/gs.intelligence( 3533): No package ID ff found for resource ID 0xffffffff.
E/gs.intelligence( 3533): No package ID ff found for resource ID 0xffffffff.
E/gs.intelligence( 3533): No package ID ff found for resource ID 0xffffffff.
E/gs.intelligence( 3533): No package ID ff found for resource ID 0xffffffff.
E/gs.intelligence( 3533): No package ID ff found for resource ID 0xffffffff.
E/gs.intelligence( 3533): No package ID ff found for resource ID 0xffffffff.
E/gs.intelligence( 3533): No package ID ff found for resource ID 0xffffffff.
E/gs.intelligence( 3533): No package ID ff found for resource ID 0xffffffff.
E/gs.intelligence( 3533): No package ID ff found for resource ID 0xffffffff.
E/gs.intelligence( 3533): No package ID ff found for resource ID 0xffffffff.
E/gs.intelligence( 3533): No package ID ff found for resource ID 0xffffffff.
E/gs.intelligence( 3533): No package ID ff found for resource ID 0xffffffff.
E/gs.intelligence( 3533): No package ID ff found for resource ID 0xffffffff.
E/gs.intelligence( 3533): No package ID ff found for resource ID 0xffffffff.
E/gs.intelligence( 3533): No package ID ff found for resource ID 0xffffffff.
E/gs.intelligence( 3533): No package ID ff found for resource ID 0xffffffff.
E/gs.intelligence( 3533): No package ID ff found for resource ID 0xffffffff.
E/gs.intelligence( 3533): No package ID ff found for resource ID 0xffffffff.
E/gs.intelligence( 3533): No package ID ff found for resource ID 0xffffffff.
E/gs.intelligence( 3533): No package ID ff found for resource ID 0xffffffff.
E/gs.intelligence( 3533): No package ID ff found for resource ID 0xffffffff.
E/gs.intelligence( 3533): No package ID ff found for resource ID 0xffffffff.
E/gs.intelligence( 3533): No package ID ff found for resource ID 0xffffffff.
E/gs.intelligence( 3533): No package ID ff found for resource ID 0xffffffff.
E/gs.intelligence( 3533): No package ID ff found for resource ID 0xffffffff.
E/gs.intelligence( 3533): No package ID ff found for resource ID 0xffffffff.
E/gs.intelligence( 3533): No package ID ff found for resource ID 0xffffffff.
E/gs.intelligence( 3533): No package ID ff found for resource ID 0xffffffff.
E/gs.intelligence( 3533): No package ID ff found for resource ID 0xffffffff.
E/gs.intelligence( 3533): No package ID ff found for resource ID 0xffffffff.
E/gs.intelligence( 3533): No package ID ff found for resource ID 0xffffffff.
E/gs.intelligence( 3533): No package ID ff found for resource ID 0xffffffff.
E/gs.intelligence( 3533): No package ID ff found for resource ID 0xffffffff.
E/gs.intelligence( 3533): No package ID ff found for resource ID 0xffffffff.
E/gs.intelligence( 3533): No package ID ff found for resource ID 0xffffffff.
W/IndexDataConverter( 3533): Skipping index for null-key item IndexData.Builder {title: Lock screen,package: com.android.settings}
E/gs.intelligence( 3533): No package ID ff found for resource ID 0xffffffff.
E/gs.intelligence( 3533): No package ID ff found for resource ID 0xffffffff.
E/gs.intelligence( 3533): No package ID ff found for resource ID 0xffffffff.
E/gs.intelligence( 3533): No package ID ff found for resource ID 0xffffffff.
E/gs.intelligence( 3533): No package ID ff found for resource ID 0xffffffff.
E/gs.intelligence( 3533): No package ID ff found for resource ID 0xffffffff.
E/gs.intelligence( 3533): No package ID ff found for resource ID 0xffffffff.
E/gs.intelligence( 3533): No package ID ff found for resource ID 0xffffffff.
E/gs.intelligence( 3533): No package ID ff found for resource ID 0xffffffff.
E/gs.intelligence( 3533): No package ID ff found for resource ID 0xffffffff.
E/gs.intelligence( 3533): No package ID ff found for resource ID 0xffffffff.
E/gs.intelligence( 3533): No package ID ff found for resource ID 0xffffffff.
E/gs.intelligence( 3533): No package ID ff found for resource ID 0xffffffff.
E/gs.intelligence( 3533): No package ID ff found for resource ID 0xffffffff.
E/gs.intelligence( 3533): No package ID ff found for resource ID 0xffffffff.
W/IndexDataConverter( 3533): Skipping index for null-key item IndexData.Builder {title: Quick Tap to start actions,package: com.android.settings}
E/gs.intelligence( 3533): No package ID ff found for resource ID 0xffffffff.
E/gs.intelligence( 3533): No package ID ff found for resource ID 0xffffffff.
E/gs.intelligence( 3533): No package ID ff found for resource ID 0xffffffff.
E/gs.intelligence( 3533): No package ID ff found for resource ID 0xffffffff.
E/gs.intelligence( 3533): No package ID ff found for resource ID 0xffffffff.
E/gs.intelligence( 3533): No package ID ff found for resource ID 0xffffffff.
E/gs.intelligence( 3533): No package ID ff found for resource ID 0xffffffff.
E/gs.intelligence( 3533): No package ID ff found for resource ID 0xffffffff.
E/gs.intelligence( 3533): No package ID ff found for resource ID 0xffffffff.
E/gs.intelligence( 3533): No package ID ff found for resource ID 0xffffffff.
E/gs.intelligence( 3533): No package ID ff found for resource ID 0xffffffff.
E/gs.intelligence( 3533): No package ID ff found for resource ID 0xffffffff.
E/gs.intelligence( 3533): No package ID ff found for resource ID 0xffffffff.
E/gs.intelligence( 3533): No package ID ff found for resource ID 0xffffffff.
E/gs.intelligence( 3533): No package ID ff found for resource ID 0xffffffff.
E/gs.intelligence( 3533): No package ID ff found for resource ID 0xffffffff.
E/gs.intelligence( 3533): No package ID ff found for resource ID 0xffffffff.
E/gs.intelligence( 3533): No package ID ff found for resource ID 0xffffffff.
E/gs.intelligence( 3533): No package ID ff found for resource ID 0xffffffff.
E/gs.intelligence( 3533): No package ID ff found for resource ID 0xffffffff.
E/gs.intelligence( 3533): No package ID ff found for resource ID 0xffffffff.
E/gs.intelligence( 3533): No package ID ff found for resource ID 0xffffffff.
E/gs.intelligence( 3533): No package ID ff found for resource ID 0xffffffff.
E/gs.intelligence( 3533): No package ID ff found for resource ID 0xffffffff.
E/gs.intelligence( 3533): No package ID ff found for resource ID 0xffffffff.
D/CompatibilityChangeReporter(  543): Compat change id reported: 184838306; UID 10193; state: DISABLED
E/gs.intelligence( 3533): No package ID ff found for resource ID 0xffffffff.
E/gs.intelligence( 3533): No package ID ff found for resource ID 0xffffffff.
E/gs.intelligence( 3533): No package ID ff found for resource ID 0xffffffff.
E/gs.intelligence( 3533): No package ID ff found for resource ID 0xffffffff.
E/gs.intelligence( 3533): No package ID ff found for resource ID 0xffffffff.
D/CompatibilityChangeReporter(  543): Compat change id reported: 185004937; UID 10193; state: DISABLED
E/gs.intelligence( 3533): No package ID ff found for resource ID 0xffffffff.
E/gs.intelligence( 3533): No package ID ff found for resource ID 0xffffffff.
E/gs.intelligence( 3533): No package ID ff found for resource ID 0xffffffff.
E/gs.intelligence( 3533): No package ID ff found for resource ID 0xffffffff.
W/IndexDataConverter( 3533): Skipping index for null-key item IndexData.Builder {title: Internet,package: com.android.settings}
E/gs.intelligence( 3533): No package ID ff found for resource ID 0xffffffff.
E/gs.intelligence( 3533): No package ID ff found for resource ID 0xffffffff.
E/gs.intelligence( 3533): No package ID ff found for resource ID 0xffffffff.
E/gs.intelligence( 3533): No package ID ff found for resource ID 0xffffffff.
E/gs.intelligence( 3533): No package ID ff found for resource ID 0xffffffff.
E/gs.intelligence( 3533): No package ID ff found for resource ID 0xffffffff.
E/gs.intelligence( 3533): No package ID ff found for resource ID 0xffffffff.
E/gs.intelligence( 3533): No package ID ff found for resource ID 0xffffffff.
E/gs.intelligence( 3533): No package ID ff found for resource ID 0xffffffff.
D/CompatibilityChangeReporter(  543): Compat change id reported: 197654537; UID 10193; state: ENABLED
E/gs.intelligence( 3533): No package ID ff found for resource ID 0xffffffff.
E/gs.intelligence( 3533): No package ID ff found for resource ID 0xffffffff.
E/gs.intelligence( 3533): No package ID ff found for resource ID 0xffffffff.
E/gs.intelligence( 3533): No package ID ff found for resource ID 0xffffffff.
E/gs.intelligence( 3533): No package ID ff found for resource ID 0xffffffff.
E/gs.intelligence( 3533): No package ID ff found for resource ID 0xffffffff.
E/gs.intelligence( 3533): No package ID ff found for resource ID 0xffffffff.
E/gs.intelligence( 3533): No package ID ff found for resource ID 0xffffffff.
E/gs.intelligence( 3533): No package ID ff found for resource ID 0xffffffff.
E/gs.intelligence( 3533): No package ID ff found for resource ID 0xffffffff.
E/gs.intelligence( 3533): No package ID ff found for resource ID 0xffffffff.
E/gs.intelligence( 3533): No package ID ff found for resource ID 0xffffffff.
E/gs.intelligence( 3533): No package ID ff found for resource ID 0xffffffff.
E/gs.intelligence( 3533): No package ID ff found for resource ID 0xffffffff.
D/CompatibilityChangeReporter(  543): Compat change id reported: 205907456; UID 10193; state: ENABLED
E/gs.intelligence( 3533): No package ID ff found for resource ID 0xffffffff.
E/gs.intelligence( 3533): No package ID ff found for resource ID 0xffffffff.
E/gs.intelligence( 3533): No package ID ff found for resource ID 0xffffffff.
E/gs.intelligence( 3533): No package ID ff found for resource ID 0xffffffff.
E/gs.intelligence( 3533): No package ID ff found for resource ID 0xffffffff.
E/gs.intelligence( 3533): No package ID ff found for resource ID 0xffffffff.
E/gs.intelligence( 3533): No package ID ff found for resource ID 0xffffffff.
E/gs.intelligence( 3533): No package ID ff found for resource ID 0xffffffff.
E/gs.intelligence( 3533): No package ID ff found for resource ID 0xffffffff.
E/gs.intelligence( 3533): No package ID ff found for resource ID 0xffffffff.
E/gs.intelligence( 3533): No package ID ff found for resource ID 0xffffffff.
E/gs.intelligence( 3533): No package ID ff found for resource ID 0xffffffff.
E/gs.intelligence( 3533): No package ID ff found for resource ID 0xffffffff.
E/gs.intelligence( 3533): No package ID ff found for resource ID 0xffffffff.
E/gs.intelligence( 3533): No package ID ff found for resource ID 0xffffffff.
E/gs.intelligence( 3533): No package ID ff found for resource ID 0xffffffff.
E/gs.intelligence( 3533): No package ID ff found for resource ID 0xffffffff.
E/gs.intelligence( 3533): No package ID ff found for resource ID 0xffffffff.
E/gs.intelligence( 3533): No package ID ff found for resource ID 0xffffffff.
E/gs.intelligence( 3533): No package ID ff found for resource ID 0xffffffff.
V/WindowManagerShell(  755): Transition requested: android.os.BinderProxy@baab223 TransitionRequestInfo { type = OPEN, triggerTask = TaskInfo{userId=0 taskId=12 displayId=0 isRunning=true baseIntent=Intent { flg=0x10000000 cmp=com.ubmprobe/.MainActivity } baseActivity=ComponentInfo{com.ubmprobe/com.ubmprobe.MainActivity} topActivity=ComponentInfo{com.ubmprobe/com.ubmprobe.MainActivity} origActivity=null realActivity=ComponentInfo{com.ubmprobe/com.ubmprobe.MainActivity} numActivities=1 lastActiveTime=24793 supportsMultiWindow=true resizeMode=1 isResizeable=true minWidth=-1 minHeight=-1 defaultMinSize=220 token=WCT{android.window.IWindowContainerToken$Stub$Proxy@406b320} topActivityType=1 pictureInPictureParams=null shouldDockBigOverlays=false launchIntoPipHostTaskId=-1 lastParentTaskIdBeforePip=-1 displayCutoutSafeInsets=null topActivityInfo=ActivityInfo{c2e34d9 com.ubmprobe.MainActivity} launchCookies=[] positionInParent=Point(0, 0) parentTaskId=-1 isFocused=false isVisible=false isVisibleRequested=false isSleeping=false topActivityInSizeCompat=false topActivityEligibleForLetterboxEducation= false topActivityLetterboxed= false isFromDoubleTap= false topActivityLetterboxVerticalPosition= -1 topActivityLetterboxHorizontalPosition= -1 topActivityLetterboxWidth=-1 topActivityLetterboxHeight=-1 locusId=null displayAreaFeatureId=1 cameraCompatControlState=hidden}, remoteTransition = null, displayChange = null }
E/gs.intelligence( 3533): No package ID ff found for resource ID 0xffffffff.
E/gs.intelligence( 3533): No package ID ff found for resource ID 0xffffffff.
E/gs.intelligence( 3533): No package ID ff found for resource ID 0xffffffff.
E/gs.intelligence( 3533): No package ID ff found for resource ID 0xffffffff.
E/gs.intelligence( 3533): No package ID ff found for resource ID 0xffffffff.
E/gs.intelligence( 3533): No package ID ff found for resource ID 0xffffffff.
I/ActivityTaskManager(  543): START u0 {flg=0x10000000 cmp=com.ubmprobe/.MainActivity} with LAUNCH_SINGLE_TASK from uid 2000 (BAL_ALLOW_PERMISSION) result code=0
E/gs.intelligence( 3533): No package ID ff found for resource ID 0xffffffff.
E/gs.intelligence( 3533): No package ID ff found for resource ID 0xffffffff.
E/gs.intelligence( 3533): No package ID ff found for resource ID 0xffffffff.
E/gs.intelligence( 3533): No package ID ff found for resource ID 0xffffffff.
W/IndexDataConverter( 3533): Skipping index for null-key item IndexData.Builder {title: Languages & input,package: com.android.settings}
E/gs.intelligence( 3533): No package ID ff found for resource ID 0xffffffff.
E/gs.intelligence( 3533): No package ID ff found for resource ID 0xffffffff.
E/gs.intelligence( 3533): No package ID ff found for resource ID 0xffffffff.
E/gs.intelligence( 3533): No package ID ff found for resource ID 0xffffffff.
E/gs.intelligence( 3533): No package ID ff found for resource ID 0xffffffff.
E/gs.intelligence( 3533): No package ID ff found for resource ID 0xffffffff.
E/gs.intelligence( 3533): No package ID ff found for resource ID 0xffffffff.
E/gs.intelligence( 3533): No package ID ff found for resource ID 0xffffffff.
E/gs.intelligence( 3533): No package ID ff found for resource ID 0xffffffff.
E/gs.intelligence( 3533): No package ID ff found for resource ID 0xffffffff.
E/gs.intelligence( 3533): No package ID ff found for resource ID 0xffffffff.
E/gs.intelligence( 3533): No package ID ff found for resource ID 0xffffffff.
D/CompatibilityChangeReporter(  543): Compat change id reported: 135634846; UID 10193; state: DISABLED
E/gs.intelligence( 3533): No package ID ff found for resource ID 0xffffffff.
E/gs.intelligence( 3533): No package ID ff found for resource ID 0xffffffff.
E/gs.intelligence( 3533): No package ID ff found for resource ID 0xffffffff.
E/gs.intelligence( 3533): No package ID ff found for resource ID 0xffffffff.
D/CompatibilityChangeReporter(  543): Compat change id reported: 143937733; UID 10193; state: ENABLED
E/gs.intelligence( 3533): No package ID ff found for resource ID 0xffffffff.
E/gs.intelligence( 3533): No package ID ff found for resource ID 0xffffffff.
E/gs.intelligence( 3533): No package ID ff found for resource ID 0xffffffff.
E/gs.intelligence( 3533): No package ID ff found for resource ID 0xffffffff.
E/gs.intelligence( 3533): No package ID ff found for resource ID 0xffffffff.
E/gs.intelligence( 3533): No package ID ff found for resource ID 0xffffffff.
E/gs.intelligence( 3533): No package ID ff found for resource ID 0xffffffff.
E/gs.intelligence( 3533): No package ID ff found for resource ID 0xffffffff.
E/gs.intelligence( 3533): No package ID ff found for resource ID 0xffffffff.
E/gs.intelligence( 3533): No package ID ff found for resource ID 0xffffffff.
E/gs.intelligence( 3533): No package ID ff found for resource ID 0xffffffff.
E/gs.intelligence( 3533): No package ID ff found for resource ID 0xffffffff.
E/gs.intelligence( 3533): No package ID ff found for resource ID 0xffffffff.
E/gs.intelligence( 3533): No package ID ff found for resource ID 0xffffffff.
E/gs.intelligence( 3533): No package ID ff found for resource ID 0xffffffff.
E/gs.intelligence( 3533): No package ID ff found for resource ID 0xffffffff.
E/gs.intelligence( 3533): No package ID ff found for resource ID 0xffffffff.
E/gs.intelligence( 3533): No package ID ff found for resource ID 0xffffffff.
E/gs.intelligence( 3533): No package ID ff found for resource ID 0xffffffff.
E/gs.intelligence( 3533): No package ID ff found for resource ID 0xffffffff.
E/gs.intelligence( 3533): No package ID ff found for resource ID 0xffffffff.
E/gs.intelligence( 3533): No package ID ff found for resource ID 0xffffffff.
E/gs.intelligence( 3533): No package ID ff found for resource ID 0xffffffff.
E/gs.intelligence( 3533): No package ID ff found for resource ID 0xffffffff.
E/gs.intelligence( 3533): No package ID ff found for resource ID 0xffffffff.
E/gs.intelligence( 3533): No package ID ff found for resource ID 0xffffffff.
E/gs.intelligence( 3533): No package ID ff found for resource ID 0xffffffff.
E/gs.intelligence( 3533): No package ID ff found for resource ID 0xffffffff.
E/gs.intelligence( 3533): No package ID ff found for resource ID 0xffffffff.
E/gs.intelligence( 3533): No package ID ff found for resource ID 0xffffffff.
E/gs.intelligence( 3533): No package ID ff found for resource ID 0xffffffff.
E/gs.intelligence( 3533): No package ID ff found for resource ID 0xffffffff.
E/gs.intelligence( 3533): No package ID ff found for resource ID 0xffffffff.
E/gs.intelligence( 3533): No package ID ff found for resource ID 0xffffffff.
E/gs.intelligence( 3533): No package ID ff found for resource ID 0xffffffff.
E/gs.intelligence( 3533): No package ID ff found for resource ID 0xffffffff.
E/gs.intelligence( 3533): No package ID ff found for resource ID 0xffffffff.
E/gs.intelligence( 3533): No package ID ff found for resource ID 0xffffffff.
E/gs.intelligence( 3533): No package ID ff found for resource ID 0xffffffff.
E/gs.intelligence( 3533): No package ID ff found for resource ID 0xffffffff.
E/gs.intelligence( 3533): No package ID ff found for resource ID 0xffffffff.
E/gs.intelligence( 3533): No package ID ff found for resource ID 0xffffffff.
E/gs.intelligence( 3533): No package ID ff found for resource ID 0xffffffff.
E/gs.intelligence( 3533): No package ID ff found for resource ID 0xffffffff.
E/gs.intelligence( 3533): No package ID ff found for resource ID 0xffffffff.
E/gs.intelligence( 3533): No package ID ff found for resource ID 0xffffffff.
E/gs.intelligence( 3533): No package ID ff found for resource ID 0xffffffff.
E/gs.intelligence( 3533): No package ID ff found for resource ID 0xffffffff.
E/gs.intelligence( 3533): No package ID ff found for resource ID 0xffffffff.
E/gs.intelligence( 3533): No package ID ff found for resource ID 0xffffffff.
E/gs.intelligence( 3533): No package ID ff found for resource ID 0xffffffff.
E/gs.intelligence( 3533): No package ID ff found for resource ID 0xffffffff.
E/gs.intelligence( 3533): No package ID ff found for resource ID 0xffffffff.
E/gs.intelligence( 3533): No package ID ff found for resource ID 0xffffffff.
E/gs.intelligence( 3533): No package ID ff found for resource ID 0xffffffff.
E/gs.intelligence( 3533): No package ID ff found for resource ID 0xffffffff.
E/gs.intelligence( 3533): No package ID ff found for resource ID 0xffffffff.
E/gs.intelligence( 3533): No package ID ff found for resource ID 0xffffffff.
E/gs.intelligence( 3533): No package ID ff found for resource ID 0xffffffff.
E/gs.intelligence( 3533): No package ID ff found for resource ID 0xffffffff.
E/gs.intelligence( 3533): No package ID ff found for resource ID 0xffffffff.
E/gs.intelligence( 3533): No package ID ff found for resource ID 0xffffffff.
E/gs.intelligence( 3533): No package ID ff found for resource ID 0xffffffff.
E/gs.intelligence( 3533): No package ID ff found for resource ID 0xffffffff.
E/gs.intelligence( 3533): No package ID ff found for resource ID 0xffffffff.
E/gs.intelligence( 3533): No package ID ff found for resource ID 0xffffffff.
E/gs.intelligence( 3533): No package ID ff found for resource ID 0xffffffff.
E/gs.intelligence( 3533): No package ID ff found for resource ID 0xffffffff.
E/gs.intelligence( 3533): No package ID ff found for resource ID 0xffffffff.
E/gs.intelligence( 3533): No package ID ff found for resource ID 0xffffffff.
E/gs.intelligence( 3533): No package ID ff found for resource ID 0xffffffff.
E/gs.intelligence( 3533): No package ID ff found for resource ID 0xffffffff.
D/CompatibilityChangeReporter(  543): Compat change id reported: 265195908; UID 10193; state: ENABLED
E/gs.intelligence( 3533): No package ID ff found for resource ID 0xffffffff.
E/gs.intelligence( 3533): No package ID ff found for resource ID 0xffffffff.
E/gs.intelligence( 3533): No package ID ff found for resource ID 0xffffffff.
E/gs.intelligence( 3533): No package ID ff found for resource ID 0xffffffff.
E/gs.intelligence( 3533): No package ID ff found for resource ID 0xffffffff.
E/gs.intelligence( 3533): No package ID ff found for resource ID 0xffffffff.
E/gs.intelligence( 3533): No package ID ff found for resource ID 0xffffffff.
E/gs.intelligence( 3533): No package ID ff found for resource ID 0xffffffff.
E/gs.intelligence( 3533): No package ID ff found for resource ID 0xffffffff.
E/gs.intelligence( 3533): No package ID ff found for resource ID 0xffffffff.
E/gs.intelligence( 3533): No package ID ff found for resource ID 0xffffffff.
E/gs.intelligence( 3533): No package ID ff found for resource ID 0xffffffff.
E/gs.intelligence( 3533): No package ID ff found for resource ID 0xffffffff.
E/gs.intelligence( 3533): No package ID ff found for resource ID 0xffffffff.
E/gs.intelligence( 3533): No package ID ff found for resource ID 0xffffffff.
E/gs.intelligence( 3533): No package ID ff found for resource ID 0xffffffff.
E/gs.intelligence( 3533): No package ID ff found for resource ID 0xffffffff.
E/gs.intelligence( 3533): No package ID ff found for resource ID 0xffffffff.
E/gs.intelligence( 3533): No package ID ff found for resource ID 0xffffffff.
E/gs.intelligence( 3533): No package ID ff found for resource ID 0xffffffff.
E/gs.intelligence( 3533): No package ID ff found for resource ID 0xffffffff.
E/gs.intelligence( 3533): No package ID ff found for resource ID 0xffffffff.
E/gs.intelligence( 3533): No package ID ff found for resource ID 0xffffffff.
E/gs.intelligence( 3533): No package ID ff found for resource ID 0xffffffff.
E/gs.intelligence( 3533): No package ID ff found for resource ID 0xffffffff.
E/gs.intelligence( 3533): No package ID ff found for resource ID 0xffffffff.
E/gs.intelligence( 3533): No package ID ff found for resource ID 0xffffffff.
E/gs.intelligence( 3533): No package ID ff found for resource ID 0xffffffff.
E/gs.intelligence( 3533): No package ID ff found for resource ID 0xffffffff.
E/gs.intelligence( 3533): No package ID ff found for resource ID 0xffffffff.
E/gs.intelligence( 3533): No package ID ff found for resource ID 0xffffffff.
E/gs.intelligence( 3533): No package ID ff found for resource ID 0xffffffff.
E/gs.intelligence( 3533): No package ID ff found for resource ID 0xffffffff.
E/gs.intelligence( 3533): No package ID ff found for resource ID 0xffffffff.
E/gs.intelligence( 3533): No package ID ff found for resource ID 0xffffffff.
E/gs.intelligence( 3533): No package ID ff found for resource ID 0xffffffff.
E/gs.intelligence( 3533): No package ID ff found for resource ID 0xffffffff.
E/gs.intelligence( 3533): No package ID ff found for resource ID 0xffffffff.
D/Zygote  (  356): Forked child process 4099
E/gs.intelligence( 3533): No package ID ff found for resource ID 0xffffffff.
E/gs.intelligence( 3533): No package ID ff found for resource ID 0xffffffff.
E/gs.intelligence( 3533): No package ID ff found for resource ID 0xffffffff.
E/gs.intelligence( 3533): No package ID ff found for resource ID 0xffffffff.
E/gs.intelligence( 3533): No package ID ff found for resource ID 0xffffffff.
E/gs.intelligence( 3533): No package ID ff found for resource ID 0xffffffff.
W/IndexDataConverter( 3533): Skipping index for null-key item IndexData.Builder {title: Languages,package: com.android.settings}
I/ActivityManager(  543): Start proc 4099:com.ubmprobe/u0a193 for next-top-activity {com.ubmprobe/com.ubmprobe.MainActivity}
E/gs.intelligence( 3533): No package ID ff found for resource ID 0xffffffff.
E/gs.intelligence( 3533): No package ID ff found for resource ID 0xffffffff.
E/gs.intelligence( 3533): No package ID ff found for resource ID 0xffffffff.
E/gs.intelligence( 3533): No package ID ff found for resource ID 0xffffffff.
E/gs.intelligence( 3533): No package ID ff found for resource ID 0xffffffff.
E/gs.intelligence( 3533): No package ID ff found for resource ID 0xffffffff.
E/gs.intelligence( 3533): No package ID ff found for resource ID 0xffffffff.
E/gs.intelligence( 3533): No package ID ff found for resource ID 0xffffffff.
E/gs.intelligence( 3533): No package ID ff found for resource ID 0xffffffff.
E/gs.intelligence( 3533): No package ID ff found for resource ID 0xffffffff.
E/gs.intelligence( 3533): No package ID ff found for resource ID 0xffffffff.
E/gs.intelligence( 3533): No package ID ff found for resource ID 0xffffffff.
E/gs.intelligence( 3533): No package ID ff found for resource ID 0xffffffff.
E/gs.intelligence( 3533): No package ID ff found for resource ID 0xffffffff.
E/gs.intelligence( 3533): No package ID ff found for resource ID 0xffffffff.
E/gs.intelligence( 3533): No package ID ff found for resource ID 0xffffffff.
E/gs.intelligence( 3533): No package ID ff found for resource ID 0xffffffff.
E/gs.intelligence( 3533): No package ID ff found for resource ID 0xffffffff.
E/gs.intelligence( 3533): No package ID ff found for resource ID 0xffffffff.
E/gs.intelligence( 3533): No package ID ff found for resource ID 0xffffffff.
W/IndexDataConverter( 3533): Skipping index for null-key item IndexData.Builder {title: Alarms & other interruptions,package: com.android.settings}
E/gs.intelligence( 3533): No package ID ff found for resource ID 0xffffffff.
E/gs.intelligence( 3533): No package ID ff found for resource ID 0xffffffff.
E/gs.intelligence( 3533): No package ID ff found for resource ID 0xffffffff.
E/gs.intelligence( 3533): No package ID ff found for resource ID 0xffffffff.
E/gs.intelligence( 3533): No package ID ff found for resource ID 0xffffffff.
E/gs.intelligence( 3533): No package ID ff found for resource ID 0xffffffff.
E/gs.intelligence( 3533): No package ID ff found for resource ID 0xffffffff.
E/gs.intelligence( 3533): No package ID ff found for resource ID 0xffffffff.
E/gs.intelligence( 3533): No package ID ff found for resource ID 0xffffffff.
E/gs.intelligence( 3533): No package ID ff found for resource ID 0xffffffff.
E/gs.intelligence( 3533): No package ID ff found for resource ID 0xffffffff.
E/gs.intelligence( 3533): No package ID ff found for resource ID 0xffffffff.
E/gs.intelligence( 3533): No package ID ff found for resource ID 0xffffffff.
E/gs.intelligence( 3533): No package ID ff found for resource ID 0xffffffff.
E/gs.intelligence( 3533): No package ID ff found for resource ID 0xffffffff.
E/gs.intelligence( 3533): No package ID ff found for resource ID 0xffffffff.
E/gs.intelligence( 3533): No package ID ff found for resource ID 0xffffffff.
E/gs.intelligence( 3533): No package ID ff found for resource ID 0xffffffff.
E/gs.intelligence( 3533): No package ID ff found for resource ID 0xffffffff.
E/gs.intelligence( 3533): No package ID ff found for resource ID 0xffffffff.
E/gs.intelligence( 3533): No package ID ff found for resource ID 0xffffffff.
E/gs.intelligence( 3533): No package ID ff found for resource ID 0xffffffff.
E/gs.intelligence( 3533): No package ID ff found for resource ID 0xffffffff.
E/gs.intelligence( 3533): No package ID ff found for resource ID 0xffffffff.
E/gs.intelligence( 3533): No package ID ff found for resource ID 0xffffffff.
E/gs.intelligence( 3533): No package ID ff found for resource ID 0xffffffff.
E/gs.intelligence( 3533): No package ID ff found for resource ID 0xffffffff.
E/gs.intelligence( 3533): No package ID ff found for resource ID 0xffffffff.
E/gs.intelligence( 3533): No package ID ff found for resource ID 0xffffffff.
E/gs.intelligence( 3533): No package ID ff found for resource ID 0xffffffff.
E/gs.intelligence( 3533): No package ID ff found for resource ID 0xffffffff.
E/gs.intelligence( 3533): No package ID ff found for resource ID 0xffffffff.
E/gs.intelligence( 3533): No package ID ff found for resource ID 0xffffffff.
E/gs.intelligence( 3533): No package ID ff found for resource ID 0xffffffff.
E/gs.intelligence( 3533): No package ID ff found for resource ID 0xffffffff.
E/gs.intelligence( 3533): No package ID ff found for resource ID 0xffffffff.
E/gs.intelligence( 3533): No package ID ff found for resource ID 0xffffffff.
E/gs.intelligence( 3533): No package ID ff found for resource ID 0xffffffff.
E/gs.intelligence( 3533): No package ID ff found for resource ID 0xffffffff.
E/gs.intelligence( 3533): No package ID ff found for resource ID 0xffffffff.
E/gs.intelligence( 3533): No package ID ff found for resource ID 0xffffffff.
E/gs.intelligence( 3533): No package ID ff found for resource ID 0xffffffff.
E/gs.intelligence( 3533): No package ID ff found for resource ID 0xffffffff.
E/gs.intelligence( 3533): No package ID ff found for resource ID 0xffffffff.
E/gs.intelligence( 3533): No package ID ff found for resource ID 0xffffffff.
E/gs.intelligence( 3533): No package ID ff found for resource ID 0xffffffff.
E/gs.intelligence( 3533): No package ID ff found for resource ID 0xffffffff.
E/gs.intelligence( 3533): No package ID ff found for resource ID 0xffffffff.
E/gs.intelligence( 3533): No package ID ff found for resource ID 0xffffffff.
E/gs.intelligence( 3533): No package ID ff found for resource ID 0xffffffff.
W/IndexDataConverter( 3533): Skipping index for null-key item IndexData.Builder {title: null,package: com.android.settings}
E/gs.intelligence( 3533): No package ID ff found for resource ID 0xffffffff.
E/gs.intelligence( 3533): No package ID ff found for resource ID 0xffffffff.
E/gs.intelligence( 3533): No package ID ff found for resource ID 0xffffffff.
E/gs.intelligence( 3533): No package ID ff found for resource ID 0xffffffff.
E/gs.intelligence( 3533): No package ID ff found for resource ID 0xffffffff.
E/gs.intelligence( 3533): No package ID ff found for resource ID 0xffffffff.
E/gs.intelligence( 3533): No package ID ff found for resource ID 0xffffffff.
E/gs.intelligence( 3533): No package ID ff found for resource ID 0xffffffff.
E/gs.intelligence( 3533): No package ID ff found for resource ID 0xffffffff.
E/gs.intelligence( 3533): No package ID ff found for resource ID 0xffffffff.
E/gs.intelligence( 3533): No package ID ff found for resource ID 0xffffffff.
E/gs.intelligence( 3533): No package ID ff found for resource ID 0xffffffff.
E/gs.intelligence( 3533): No package ID ff found for resource ID 0xffffffff.
E/gs.intelligence( 3533): No package ID ff found for resource ID 0xffffffff.
E/gs.intelligence( 3533): No package ID ff found for resource ID 0xffffffff.
E/gs.intelligence( 3533): No package ID ff found for resource ID 0xffffffff.
E/gs.intelligence( 3533): No package ID ff found for resource ID 0xffffffff.
E/gs.intelligence( 3533): No package ID ff found for resource ID 0xffffffff.
E/gs.intelligence( 3533): No package ID ff found for resource ID 0xffffffff.
E/gs.intelligence( 3533): No package ID ff found for resource ID 0xffffffff.
E/gs.intelligence( 3533): No package ID ff found for resource ID 0xffffffff.
E/gs.intelligence( 3533): No package ID ff found for resource ID 0xffffffff.
E/gs.intelligence( 3533): No package ID ff found for resource ID 0xffffffff.
E/gs.intelligence( 3533): No package ID ff found for resource ID 0xffffffff.
E/gs.intelligence( 3533): No package ID ff found for resource ID 0xffffffff.
E/gs.intelligence( 3533): No package ID ff found for resource ID 0xffffffff.
E/gs.intelligence( 3533): No package ID ff found for resource ID 0xffffffff.
E/gs.intelligence( 3533): No package ID ff found for resource ID 0xffffffff.
E/gs.intelligence( 3533): No package ID ff found for resource ID 0xffffffff.
E/gs.intelligence( 3533): No package ID ff found for resource ID 0xffffffff.
E/gs.intelligence( 3533): No package ID ff found for resource ID 0xffffffff.
E/gs.intelligence( 3533): No package ID ff found for resource ID 0xffffffff.
E/gs.intelligence( 3533): No package ID ff found for resource ID 0xffffffff.
E/gs.intelligence( 3533): No package ID ff found for resource ID 0xffffffff.
E/gs.intelligence( 3533): No package ID ff found for resource ID 0xffffffff.
E/gs.intelligence( 3533): No package ID ff found for resource ID 0xffffffff.
E/gs.intelligence( 3533): No package ID ff found for resource ID 0xffffffff.
E/gs.intelligence( 3533): No package ID ff found for resource ID 0xffffffff.
E/gs.intelligence( 3533): No package ID ff found for resource ID 0xffffffff.
E/gs.intelligence( 3533): No package ID ff found for resource ID 0xffffffff.
E/gs.intelligence( 3533): No package ID ff found for resource ID 0xffffffff.
E/gs.intelligence( 3533): No package ID ff found for resource ID 0xffffffff.
E/gs.intelligence( 3533): No package ID ff found for resource ID 0xffffffff.
E/gs.intelligence( 3533): No package ID ff found for resource ID 0xffffffff.
I/AidlLazyServiceRegistrar( 3606): Process has 1 (of 1 available) client(s) in use after notification android.hardware.drm.IDrmFactory/clearkey has clients: 1
E/gs.intelligence( 3533): No package ID ff found for resource ID 0xffffffff.
E/gs.intelligence( 3533): No package ID ff found for resource ID 0xffffffff.
E/gs.intelligence( 3533): No package ID ff found for resource ID 0xffffffff.
E/gs.intelligence( 3533): No package ID ff found for resource ID 0xffffffff.
E/gs.intelligence( 3533): No package ID ff found for resource ID 0xffffffff.
E/gs.intelligence( 3533): No package ID ff found for resource ID 0xffffffff.
E/gs.intelligence( 3533): No package ID ff found for resource ID 0xffffffff.
E/gs.intelligence( 3533): No package ID ff found for resource ID 0xffffffff.
E/gs.intelligence( 3533): No package ID ff found for resource ID 0xffffffff.
E/gs.intelligence( 3533): No package ID ff found for resource ID 0xffffffff.
E/gs.intelligence( 3533): No package ID ff found for resource ID 0xffffffff.
E/gs.intelligence( 3533): No package ID ff found for resource ID 0xffffffff.
E/gs.intelligence( 3533): No package ID ff found for resource ID 0xffffffff.
E/gs.intelligence( 3533): No package ID ff found for resource ID 0xffffffff.
I/AidlLazyServiceRegistrar( 3606): Process has 0 (of 1 available) client(s) in use after notification android.hardware.drm.IDrmFactory/clearkey has clients: 0
I/AidlLazyServiceRegistrar( 3606): Trying to shut down the service. No clients in use for any service in process.
E/gs.intelligence( 3533): No package ID ff found for resource ID 0xffffffff.
E/gs.intelligence( 3533): No package ID ff found for resource ID 0xffffffff.
E/gs.intelligence( 3533): No package ID ff found for resource ID 0xffffffff.
E/gs.intelligence( 3533): No package ID ff found for resource ID 0xffffffff.
E/gs.intelligence( 3533): No package ID ff found for resource ID 0xffffffff.
E/gs.intelligence( 3533): No package ID ff found for resource ID 0xffffffff.
E/gs.intelligence( 3533): No package ID ff found for resource ID 0xffffffff.
E/gs.intelligence( 3533): No package ID ff found for resource ID 0xffffffff.
E/gs.intelligence( 3533): No package ID ff found for resource ID 0xffffffff.
E/gs.intelligence( 3533): No package ID ff found for resource ID 0xffffffff.
E/gs.intelligence( 3533): No package ID ff found for resource ID 0xffffffff.
E/gs.intelligence( 3533): No package ID ff found for resource ID 0xffffffff.
E/gs.intelligence( 3533): No package ID ff found for resource ID 0xffffffff.
E/gs.intelligence( 3533): No package ID ff found for resource ID 0xffffffff.
E/gs.intelligence( 3533): No package ID ff found for resource ID 0xffffffff.
E/gs.intelligence( 3533): No package ID ff found for resource ID 0xffffffff.
E/gs.intelligence( 3533): No package ID ff found for resource ID 0xffffffff.
E/gs.intelligence( 3533): No package ID ff found for resource ID 0xffffffff.
E/gs.intelligence( 3533): No package ID ff found for resource ID 0xffffffff.
I/AidlLazyServiceRegistrar( 3292): Process has 0 (of 1 available) client(s) in use after notification artd has clients: 0
I/AidlLazyServiceRegistrar( 3292): Trying to shut down the service. No clients in use for any service in process.
E/gs.intelligence( 3533): No package ID ff found for resource ID 0xffffffff.
E/gs.intelligence( 3533): No package ID ff found for resource ID 0xffffffff.
E/gs.intelligence( 3533): No package ID ff found for resource ID 0xffffffff.
E/gs.intelligence( 3533): No package ID ff found for resource ID 0xffffffff.
E/gs.intelligence( 3533): No package ID ff found for resource ID 0xffffffff.
E/gs.intelligence( 3533): No package ID ff found for resource ID 0xffffffff.
E/gs.intelligence( 3533): No package ID ff found for resource ID 0xffffffff.
E/gs.intelligence( 3533): No package ID ff found for resource ID 0xffffffff.
E/gs.intelligence( 3533): No package ID ff found for resource ID 0xffffffff.
E/gs.intelligence( 3533): No package ID ff found for resource ID 0xffffffff.
E/gs.intelligence( 3533): No package ID ff found for resource ID 0xffffffff.
E/gs.intelligence( 3533): No package ID ff found for resource ID 0xffffffff.
E/gs.intelligence( 3533): No package ID ff found for resource ID 0xffffffff.
E/gs.intelligence( 3533): No package ID ff found for resource ID 0xffffffff.
E/gs.intelligence( 3533): No package ID ff found for resource ID 0xffffffff.
E/gs.intelligence( 3533): No package ID ff found for resource ID 0xffffffff.
E/gs.intelligence( 3533): No package ID ff found for resource ID 0xffffffff.
E/gs.intelligence( 3533): No package ID ff found for resource ID 0xffffffff.
I/AidlLazyServiceRegistrar( 3606): Unregistered all clients and exiting
I/BpBinder(  419): onLastStrongRef automatically unlinking death recipients: 
W/ContextImpl(  937): Calling a method in the system process without a qualified user: android.app.ContextImpl.sendBroadcast:1220 android.content.ContextWrapper.sendBroadcast:504 android.content.ContextWrapper.sendBroadcast:504 com.android.settings.fuelgauge.batteryusage.BootBroadcastReceiver.lambda$onReceive$0:82 com.android.settings.fuelgauge.batteryusage.BootBroadcastReceiver.$r8$lambda$RK7G89ihuESwx6JxUTZsyZ4H0f8:0 
I/AidlLazyServiceRegistrar( 3292): Unregistered all clients and exiting
E/ActivityManager(  543): Sending non-protected broadcast com.android.settings.battery.action.PERIODIC_JOB_RECHECK from system 937:com.android.settings/1000 pkg com.android.settings
E/ActivityManager(  543): java.lang.Throwable
E/ActivityManager(  543): 	at com.android.server.am.ActivityManagerService.checkBroadcastFromSystem(ActivityManagerService.java:14306)
E/ActivityManager(  543): 	at com.android.server.am.ActivityManagerService.broadcastIntentLockedTraced(ActivityManagerService.java:15131)
E/ActivityManager(  543): 	at com.android.server.am.ActivityManagerService.broadcastIntentLocked(ActivityManagerService.java:14370)
E/ActivityManager(  543): 	at com.android.server.am.ActivityManagerService.broadcastIntentWithFeature(ActivityManagerService.java:15336)
E/ActivityManager(  543): 	at android.app.IActivityManager$Stub.onTransact(IActivityManager.java:2653)
E/ActivityManager(  543): 	at com.android.server.am.ActivityManagerService.onTransact(ActivityManagerService.java:2720)
E/ActivityManager(  543): 	at android.os.Binder.execTransactInternal(Binder.java:1339)
E/ActivityManager(  543): 	at android.os.Binder.execTransact(Binder.java:1275)
D/BootBroadcastReceiver(  937): refresh periodic job from action=com.android.settings.battery.action.PERIODIC_JOB_RECHECK
D/CompatibilityChangeReporter(  543): Compat change id reported: 218533173; UID 1000; state: ENABLED
--------- beginning of kernel
I/servicemanager(    0): Notifying android.hardware.drm.IDrmFactory/clearkey they do (previously: don't) have clients when service is guaranteed to be in use
I/servicemanager(    0): Notifying android.hardware.drm.IDrmFactory/clearkey they don't (previously: do) have clients when we now have no record of a client
I/servicemanager(    0): Notifying artd they don't (previously: do) have clients when we now have no record of a client
I/servicemanager(    0): Unregistering android.hardware.drm.IDrmFactory/clearkey
I/BpBinder(    0): onLastStrongRef automatically unlinking death recipients:
I/servicemanager(    0): Unregistering artd
I/init    (    0): Service 'vendor.drm-clearkey-service' (pid 3606) exited with status 0 oneshot service took 2.284000 seconds in background
I/init    (    0): Sending signal 9 to service 'vendor.drm-clearkey-service' (pid 3606) process group...
I/BpBinder(    0): onLastStrongRef automatically unlinking death recipients:
I/libprocessgroup(    0): Successfully killed process cgroup uid 1013 pid 3606 in 0ms
D/PeriodicJobManager(  937): schedule next alarm job at Sep 17, 2026, 15:00:00
E/gs.intelligence( 3533): No package ID ff found for resource ID 0xffffffff.
E/gs.intelligence( 3533): No package ID ff found for resource ID 0xffffffff.
W/System  (  755): ClassLoader referenced unknown path: 
D/nativeloader(  755): Configuring clns-7 for other apk . target_sdk_version=36, uses_libraries=, library_path=/data/app/~~3U9XCrb0_rC027NWbt44PA==/com.ubmprobe-bYMVDWsMBiKttkU0JEtNJQ==/lib/x86_64:/data/app/~~3U9XCrb0_rC027NWbt44PA==/com.ubmprobe-bYMVDWsMBiKttkU0JEtNJQ==/base.apk!/lib/x86_64, permitted_path=/data:/mnt/expand
D/SplashScreenView(  755): Build android.window.SplashScreenView{50e4f17 V.E...... ......ID 0,0-0,0}
D/SplashScreenView(  755): Icon: view: android.widget.ImageView{5fadf04 V.ED..... ......I. 0,0-0,0 #10204f0 android:id/splashscreen_icon_view} drawable: com.android.wm.shell.startingsurface.SplashscreenIconDrawableFactory$ImmobileIconDrawable@cdc5ced size: 420
D/SplashScreenView(  755): Branding: view: android.view.View{a71f722 G.ED..... ......I. 0,0-0,0 #10204ef android:id/splashscreen_branding_view} drawable: null size w: 0 h: 0
E/gs.intelligence( 3533): No package ID ff found for resource ID 0xffffffff.
E/gs.intelligence( 3533): No package ID ff found for resource ID 0xffffffff.
E/gs.intelligence( 3533): No package ID ff found for resource ID 0xffffffff.
E/gs.intelligence( 3533): No package ID ff found for resource ID 0xffffffff.
D/CoreBackPreview(  543): Window{7d68d24 u0 Splash Screen com.ubmprobe}: Setting back callback OnBackInvokedCallbackInfo{mCallback=android.window.IOnBackInvokedCallback$Stub$Proxy@8cc5cbc, mPriority=0, mIsAnimationCallback=false}
E/gs.intelligence( 3533): No package ID ff found for resource ID 0xffffffff.
E/gs.intelligence( 3533): No package ID ff found for resource ID 0xffffffff.
E/gs.intelligence( 3533): No package ID ff found for resource ID 0xffffffff.
E/gs.intelligence( 3533): No package ID ff found for resource ID 0xffffffff.
E/gs.intelligence( 3533): No package ID ff found for resource ID 0xffffffff.
E/gs.intelligence( 3533): No package ID ff found for resource ID 0xffffffff.
E/gs.intelligence( 3533): No package ID ff found for resource ID 0xffffffff.
E/gs.intelligence( 3533): No package ID ff found for resource ID 0xffffffff.
E/gs.intelligence( 3533): No package ID ff found for resource ID 0xffffffff.
E/gs.intelligence( 3533): No package ID ff found for resource ID 0xffffffff.
E/gs.intelligence( 3533): No package ID ff found for resource ID 0xffffffff.
E/gs.intelligence( 3533): No package ID ff found for resource ID 0xffffffff.
E/gs.intelligence( 3533): No package ID ff found for resource ID 0xffffffff.
E/gs.intelligence( 3533): No package ID ff found for resource ID 0xffffffff.
E/gs.intelligence( 3533): No package ID ff found for resource ID 0xffffffff.
E/gs.intelligence( 3533): No package ID ff found for resource ID 0xffffffff.
E/gs.intelligence( 3533): No package ID ff found for resource ID 0xffffffff.
E/gs.intelligence( 3533): No package ID ff found for resource ID 0xffffffff.
E/gs.intelligence( 3533): No package ID ff found for resource ID 0xffffffff.
E/gs.intelligence( 3533): No package ID ff found for resource ID 0xffffffff.
E/gs.intelligence( 3533): No package ID ff found for resource ID 0xffffffff.
E/gs.intelligence( 3533): No package ID ff found for resource ID 0xffffffff.
E/gs.intelligence( 3533): No package ID ff found for resource ID 0xffffffff.
E/gs.intelligence( 3533): No package ID ff found for resource ID 0xffffffff.
E/gs.intelligence( 3533): No package ID ff found for resource ID 0xffffffff.
E/gs.intelligence( 3533): No package ID ff found for resource ID 0xffffffff.
E/gs.intelligence( 3533): No package ID ff found for resource ID 0xffffffff.
E/gs.intelligence( 3533): No package ID ff found for resource ID 0xffffffff.
E/gs.intelligence( 3533): No package ID ff found for resource ID 0xffffffff.
E/gs.intelligence( 3533): No package ID ff found for resource ID 0xffffffff.
E/gs.intelligence( 3533): No package ID ff found for resource ID 0xffffffff.
E/gs.intelligence( 3533): No package ID ff found for resource ID 0xffffffff.
E/gs.intelligence( 3533): No package ID ff found for resource ID 0xffffffff.
E/gs.intelligence( 3533): No package ID ff found for resource ID 0xffffffff.
E/gs.intelligence( 3533): No package ID ff found for resource ID 0xffffffff.
E/gs.intelligence( 3533): No package ID ff found for resource ID 0xffffffff.
E/gs.intelligence( 3533): No package ID ff found for resource ID 0xffffffff.
E/gs.intelligence( 3533): No package ID ff found for resource ID 0xffffffff.
E/gs.intelligence( 3533): No package ID ff found for resource ID 0xffffffff.
E/gs.intelligence( 3533): No package ID ff found for resource ID 0xffffffff.
E/gs.intelligence( 3533): No package ID ff found for resource ID 0xffffffff.
E/gs.intelligence( 3533): No package ID ff found for resource ID 0xffffffff.
E/gs.intelligence( 3533): No package ID ff found for resource ID 0xffffffff.
E/gs.intelligence( 3533): No package ID ff found for resource ID 0xffffffff.
E/gs.intelligence( 3533): No package ID ff found for resource ID 0xffffffff.
E/gs.intelligence( 3533): No package ID ff found for resource ID 0xffffffff.
E/gs.intelligence( 3533): No package ID ff found for resource ID 0xffffffff.
E/gs.intelligence( 3533): No package ID ff found for resource ID 0xffffffff.
E/gs.intelligence( 3533): No package ID ff found for resource ID 0xffffffff.
E/gs.intelligence( 3533): No package ID ff found for resource ID 0xffffffff.
E/gs.intelligence( 3533): No package ID ff found for resource ID 0xffffffff.
E/gs.intelligence( 3533): No package ID ff found for resource ID 0xffffffff.
E/gs.intelligence( 3533): No package ID ff found for resource ID 0xffffffff.
E/gs.intelligence( 3533): No package ID ff found for resource ID 0xffffffff.
E/gs.intelligence( 3533): No package ID ff found for resource ID 0xffffffff.
E/gs.intelligence( 3533): No package ID ff found for resource ID 0xffffffff.
E/gs.intelligence( 3533): No package ID ff found for resource ID 0xffffffff.
E/gs.intelligence( 3533): No package ID ff found for resource ID 0xffffffff.
E/gs.intelligence( 3533): No package ID ff found for resource ID 0xffffffff.
E/gs.intelligence( 3533): No package ID ff found for resource ID 0xffffffff.
E/gs.intelligence( 3533): No package ID ff found for resource ID 0xffffffff.
E/gs.intelligence( 3533): No package ID ff found for resource ID 0xffffffff.
E/gs.intelligence( 3533): No package ID ff found for resource ID 0xffffffff.
E/gs.intelligence( 3533): No package ID ff found for resource ID 0xffffffff.
E/gs.intelligence( 3533): No package ID ff found for resource ID 0xffffffff.
E/gs.intelligence( 3533): No package ID ff found for resource ID 0xffffffff.
E/gs.intelligence( 3533): No package ID ff found for resource ID 0xffffffff.
E/gs.intelligence( 3533): No package ID ff found for resource ID 0xffffffff.
E/gs.intelligence( 3533): No package ID ff found for resource ID 0xffffffff.
E/gs.intelligence( 3533): No package ID ff found for resource ID 0xffffffff.
E/gs.intelligence( 3533): No package ID ff found for resource ID 0xffffffff.
E/gs.intelligence( 3533): No package ID ff found for resource ID 0xffffffff.
E/gs.intelligence( 3533): No package ID ff found for resource ID 0xffffffff.
E/gs.intelligence( 3533): No package ID ff found for resource ID 0xffffffff.
E/gs.intelligence( 3533): No package ID ff found for resource ID 0xffffffff.
E/gs.intelligence( 3533): No package ID ff found for resource ID 0xffffffff.
E/gs.intelligence( 3533): No package ID ff found for resource ID 0xffffffff.
E/gs.intelligence( 3533): No package ID ff found for resource ID 0xffffffff.
E/gs.intelligence( 3533): No package ID ff found for resource ID 0xffffffff.
E/gs.intelligence( 3533): No package ID ff found for resource ID 0xffffffff.
E/gs.intelligence( 3533): No package ID ff found for resource ID 0xffffffff.
E/gs.intelligence( 3533): No package ID ff found for resource ID 0xffffffff.
E/gs.intelligence( 3533): No package ID ff found for resource ID 0xffffffff.
E/gs.intelligence( 3533): No package ID ff found for resource ID 0xffffffff.
E/gs.intelligence( 3533): No package ID ff found for resource ID 0xffffffff.
W/IndexDataConverter( 3533): Skipping index for null-key item IndexData.Builder {title: Managed device info,package: com.android.settings}
E/gs.intelligence( 3533): No package ID ff found for resource ID 0xffffffff.
E/gs.intelligence( 3533): No package ID ff found for resource ID 0xffffffff.
E/gs.intelligence( 3533): No package ID ff found for resource ID 0xffffffff.
E/gs.intelligence( 3533): No package ID ff found for resource ID 0xffffffff.
E/gs.intelligence( 3533): No package ID ff found for resource ID 0xffffffff.
E/gs.intelligence( 3533): No package ID ff found for resource ID 0xffffffff.
E/gs.intelligence( 3533): No package ID ff found for resource ID 0xffffffff.
E/gs.intelligence( 3533): No package ID ff found for resource ID 0xffffffff.
E/gs.intelligence( 3533): No package ID ff found for resource ID 0xffffffff.
E/gs.intelligence( 3533): No package ID ff found for resource ID 0xffffffff.
E/gs.intelligence( 3533): No package ID ff found for resource ID 0xffffffff.
E/gs.intelligence( 3533): No package ID ff found for resource ID 0xffffffff.
E/gs.intelligence( 3533): No package ID ff found for resource ID 0xffffffff.
E/gs.intelligence( 3533): No package ID ff found for resource ID 0xffffffff.
E/gs.intelligence( 3533): No package ID ff found for resource ID 0xffffffff.
E/gs.intelligence( 3533): No package ID ff found for resource ID 0xffffffff.
E/gs.intelligence( 3533): No package ID ff found for resource ID 0xffffffff.
E/gs.intelligence( 3533): No package ID ff found for resource ID 0xffffffff.
E/gs.intelligence( 3533): No package ID ff found for resource ID 0xffffffff.
E/gs.intelligence( 3533): No package ID ff found for resource ID 0xffffffff.
E/gs.intelligence( 3533): No package ID ff found for resource ID 0xffffffff.
E/gs.intelligence( 3533): No package ID ff found for resource ID 0xffffffff.
E/gs.intelligence( 3533): No package ID ff found for resource ID 0xffffffff.
E/gs.intelligence( 3533): No package ID ff found for resource ID 0xffffffff.
E/gs.intelligence( 3533): No package ID ff found for resource ID 0xffffffff.
E/gs.intelligence( 3533): No package ID ff found for resource ID 0xffffffff.
E/gs.intelligence( 3533): No package ID ff found for resource ID 0xffffffff.
E/gs.intelligence( 3533): No package ID ff found for resource ID 0xffffffff.
E/gs.intelligence( 3533): No package ID ff found for resource ID 0xffffffff.
E/gs.intelligence( 3533): No package ID ff found for resource ID 0xffffffff.
E/gs.intelligence( 3533): No package ID ff found for resource ID 0xffffffff.
E/gs.intelligence( 3533): No package ID ff found for resource ID 0xffffffff.
E/gs.intelligence( 3533): No package ID ff found for resource ID 0xffffffff.
E/gs.intelligence( 3533): No package ID ff found for resource ID 0xffffffff.
E/gs.intelligence( 3533): No package ID ff found for resource ID 0xffffffff.
W/IndexDataConverter( 3533): Skipping index for null-key item IndexData.Builder {title: Battery Saver,package: com.android.settings}
E/gs.intelligence( 3533): No package ID ff found for resource ID 0xffffffff.
E/gs.intelligence( 3533): No package ID ff found for resource ID 0xffffffff.
E/gs.intelligence( 3533): No package ID ff found for resource ID 0xffffffff.
E/gs.intelligence( 3533): No package ID ff found for resource ID 0xffffffff.
E/gs.intelligence( 3533): No package ID ff found for resource ID 0xffffffff.
E/gs.intelligence( 3533): No package ID ff found for resource ID 0xffffffff.
E/gs.intelligence( 3533): No package ID ff found for resource ID 0xffffffff.
E/gs.intelligence( 3533): No package ID ff found for resource ID 0xffffffff.
E/gs.intelligence( 3533): No package ID ff found for resource ID 0xffffffff.
E/gs.intelligence( 3533): No package ID ff found for resource ID 0xffffffff.
E/gs.intelligence( 3533): No package ID ff found for resource ID 0xffffffff.
E/gs.intelligence( 3533): No package ID ff found for resource ID 0xffffffff.
E/gs.intelligence( 3533): No package ID ff found for resource ID 0xffffffff.
E/gs.intelligence( 3533): No package ID ff found for resource ID 0xffffffff.
E/gs.intelligence( 3533): No package ID ff found for resource ID 0xffffffff.
E/gs.intelligence( 3533): No package ID ff found for resource ID 0xffffffff.
E/gs.intelligence( 3533): No package ID ff found for resource ID 0xffffffff.
E/gs.intelligence( 3533): No package ID ff found for resource ID 0xffffffff.
W/IndexDataConverter( 3533): Skipping index for null-key item IndexData.Builder {title: Spatial audio,package: com.android.settings}
E/gs.intelligence( 3533): No package ID ff found for resource ID 0xffffffff.
E/gs.intelligence( 3533): No package ID ff found for resource ID 0xffffffff.
E/gs.intelligence( 3533): No package ID ff found for resource ID 0xffffffff.
E/gs.intelligence( 3533): No package ID ff found for resource ID 0xffffffff.
E/gs.intelligence( 3533): No package ID ff found for resource ID 0xffffffff.
E/gs.intelligence( 3533): No package ID ff found for resource ID 0xffffffff.
E/gs.intelligence( 3533): No package ID ff found for resource ID 0xffffffff.
E/gs.intelligence( 3533): No package ID ff found for resource ID 0xffffffff.
E/gs.intelligence( 3533): No package ID ff found for resource ID 0xffffffff.
E/gs.intelligence( 3533): No package ID ff found for resource ID 0xffffffff.
E/gs.intelligence( 3533): No package ID ff found for resource ID 0xffffffff.
E/gs.intelligence( 3533): No package ID ff found for resource ID 0xffffffff.
E/gs.intelligence( 3533): No package ID ff found for resource ID 0xffffffff.
E/gs.intelligence( 3533): No package ID ff found for resource ID 0xffffffff.
W/IndexDataConverter( 3533): Skipping index for null-key item IndexData.Builder {title: Wireless debugging,package: com.android.settings}
D/EGL_emulation( 1305): app_time_stats: avg=448.18ms min=2.86ms max=1683.14ms count=4
E/gs.intelligence( 3533): No package ID ff found for resource ID 0xffffffff.
E/gs.intelligence( 3533): No package ID ff found for resource ID 0xffffffff.
E/gs.intelligence( 3533): No package ID ff found for resource ID 0xffffffff.
E/gs.intelligence( 3533): No package ID ff found for resource ID 0xffffffff.
E/gs.intelligence( 3533): No package ID ff found for resource ID 0xffffffff.
E/gs.intelligence( 3533): No package ID ff found for resource ID 0xffffffff.
E/gs.intelligence( 3533): No package ID ff found for resource ID 0xffffffff.
E/gs.intelligence( 3533): No package ID ff found for resource ID 0xffffffff.
E/gs.intelligence( 3533): No package ID ff found for resource ID 0xffffffff.
E/gs.intelligence( 3533): No package ID ff found for resource ID 0xffffffff.
E/gs.intelligence( 3533): No package ID ff found for resource ID 0xffffffff.
E/gs.intelligence( 3533): No package ID ff found for resource ID 0xffffffff.
E/gs.intelligence( 3533): No package ID ff found for resource ID 0xffffffff.
E/gs.intelligence( 3533): No package ID ff found for resource ID 0xffffffff.
E/gs.intelligence( 3533): No package ID ff found for resource ID 0xffffffff.
E/gs.intelligence( 3533): No package ID ff found for resource ID 0xffffffff.
E/gs.intelligence( 3533): No package ID ff found for resource ID 0xffffffff.
E/gs.intelligence( 3533): No package ID ff found for resource ID 0xffffffff.
E/gs.intelligence( 3533): No package ID ff found for resource ID 0xffffffff.
E/gs.intelligence( 3533): No package ID ff found for resource ID 0xffffffff.
E/gs.intelligence( 3533): No package ID ff found for resource ID 0xffffffff.
E/gs.intelligence( 3533): No package ID ff found for resource ID 0xffffffff.
E/gs.intelligence( 3533): No package ID ff found for resource ID 0xffffffff.
E/gs.intelligence( 3533): No package ID ff found for resource ID 0xffffffff.
E/gs.intelligence( 3533): No package ID ff found for resource ID 0xffffffff.
E/gs.intelligence( 3533): No package ID ff found for resource ID 0xffffffff.
E/gs.intelligence( 3533): No package ID ff found for resource ID 0xffffffff.
E/gs.intelligence( 3533): No package ID ff found for resource ID 0xffffffff.
E/gs.intelligence( 3533): No package ID ff found for resource ID 0xffffffff.
E/gs.intelligence( 3533): No package ID ff found for resource ID 0xffffffff.
E/gs.intelligence( 3533): No package ID ff found for resource ID 0xffffffff.
E/gs.intelligence( 3533): No package ID ff found for resource ID 0xffffffff.
E/gs.intelligence( 3533): No package ID ff found for resource ID 0xffffffff.
E/gs.intelligence( 3533): No package ID ff found for resource ID 0xffffffff.
E/gs.intelligence( 3533): No package ID ff found for resource ID 0xffffffff.
E/gs.intelligence( 3533): No package ID ff found for resource ID 0xffffffff.
E/gs.intelligence( 3533): No package ID ff found for resource ID 0xffffffff.
E/gs.intelligence( 3533): No package ID ff found for resource ID 0xffffffff.
E/gs.intelligence( 3533): No package ID ff found for resource ID 0xffffffff.
E/gs.intelligence( 3533): No package ID ff found for resource ID 0xffffffff.
E/gs.intelligence( 3533): No package ID ff found for resource ID 0xffffffff.
E/gs.intelligence( 3533): No package ID ff found for resource ID 0xffffffff.
E/gs.intelligence( 3533): No package ID ff found for resource ID 0xffffffff.
E/gs.intelligence( 3533): No package ID ff found for resource ID 0xffffffff.
E/gs.intelligence( 3533): No package ID ff found for resource ID 0xffffffff.
E/gs.intelligence( 3533): No package ID ff found for resource ID 0xffffffff.
E/gs.intelligence( 3533): No package ID ff found for resource ID 0xffffffff.
W/IndexDataConverter( 3533): Skipping index for null-key item IndexData.Builder {title: Backup,package: com.android.settings}
E/gs.intelligence( 3533): No package ID ff found for resource ID 0xffffffff.
E/gs.intelligence( 3533): No package ID ff found for resource ID 0xffffffff.
W/IndexDataConverter( 3533): Skipping index for null-key item IndexData.Builder {title: Preferred engine,package: com.android.settings}
E/gs.intelligence( 3533): No package ID ff found for resource ID 0xffffffff.
E/gs.intelligence( 3533): No package ID ff found for resource ID 0xffffffff.
E/gs.intelligence( 3533): No package ID ff found for resource ID 0xffffffff.
E/gs.intelligence( 3533): No package ID ff found for resource ID 0xffffffff.
E/gs.intelligence( 3533): No package ID ff found for resource ID 0xffffffff.
E/gs.intelligence( 3533): No package ID ff found for resource ID 0xffffffff.
E/gs.intelligence( 3533): No package ID ff found for resource ID 0xffffffff.
E/gs.intelligence( 3533): No package ID ff found for resource ID 0xffffffff.
E/gs.intelligence( 3533): No package ID ff found for resource ID 0xffffffff.
E/gs.intelligence( 3533): No package ID ff found for resource ID 0xffffffff.
E/gs.intelligence( 3533): No package ID ff found for resource ID 0xffffffff.
E/gs.intelligence( 3533): No package ID ff found for resource ID 0xffffffff.
W/IndexDataConverter( 3533): Skipping index for null-key item IndexData.Builder {title: Certificate management app,package: com.android.settings}
E/gs.intelligence( 3533): No package ID ff found for resource ID 0xffffffff.
E/gs.intelligence( 3533): No package ID ff found for resource ID 0xffffffff.
E/gs.intelligence( 3533): No package ID ff found for resource ID 0xffffffff.
E/gs.intelligence( 3533): No package ID ff found for resource ID 0xffffffff.
E/gs.intelligence( 3533): No package ID ff found for resource ID 0xffffffff.
E/gs.intelligence( 3533): No package ID ff found for resource ID 0xffffffff.
E/gs.intelligence( 3533): No package ID ff found for resource ID 0xffffffff.
E/gs.intelligence( 3533): No package ID ff found for resource ID 0xffffffff.
E/gs.intelligence( 3533): No package ID ff found for resource ID 0xffffffff.
E/gs.intelligence( 3533): No package ID ff found for resource ID 0xffffffff.
E/gs.intelligence( 3533): No package ID ff found for resource ID 0xffffffff.
E/gs.intelligence( 3533): No package ID ff found for resource ID 0xffffffff.
E/gs.intelligence( 3533): No package ID ff found for resource ID 0xffffffff.
E/gs.intelligence( 3533): No package ID ff found for resource ID 0xffffffff.
E/gs.intelligence( 3533): No package ID ff found for resource ID 0xffffffff.
E/gs.intelligence( 3533): No package ID ff found for resource ID 0xffffffff.
E/gs.intelligence( 3533): No package ID ff found for resource ID 0xffffffff.
E/gs.intelligence( 3533): No package ID ff found for resource ID 0xffffffff.
E/gs.intelligence( 3533): No package ID ff found for resource ID 0xffffffff.
E/gs.intelligence( 3533): No package ID ff found for resource ID 0xffffffff.
E/gs.intelligence( 3533): No package ID ff found for resource ID 0xffffffff.
E/gs.intelligence( 3533): No package ID ff found for resource ID 0xffffffff.
E/gs.intelligence( 3533): No package ID ff found for resource ID 0xffffffff.
E/gs.intelligence( 3533): No package ID ff found for resource ID 0xffffffff.
E/gs.intelligence( 3533): No package ID ff found for resource ID 0xffffffff.
E/gs.intelligence( 3533): No package ID ff found for resource ID 0xffffffff.
E/gs.intelligence( 3533): No package ID ff found for resource ID 0xffffffff.
E/gs.intelligence( 3533): No package ID ff found for resource ID 0xffffffff.
E/gs.intelligence( 3533): No package ID ff found for resource ID 0xffffffff.
E/gs.intelligence( 3533): No package ID ff found for resource ID 0xffffffff.
E/gs.intelligence( 3533): No package ID ff found for resource ID 0xffffffff.
E/gs.intelligence( 3533): No package ID ff found for resource ID 0xffffffff.
W/IndexDataConverter( 3533): Skipping index for null-key item IndexData.Builder {title: null,package: com.android.settings}
W/IndexDataConverter( 3533): Skipping index for null-key item IndexData.Builder {title: Display options for hidden notifications,package: com.android.settings}
E/gs.intelligence( 3533): No package ID ff found for resource ID 0xffffffff.
E/gs.intelligence( 3533): No package ID ff found for resource ID 0xffffffff.
E/gs.intelligence( 3533): No package ID ff found for resource ID 0xffffffff.
E/gs.intelligence( 3533): No package ID ff found for resource ID 0xffffffff.
E/gs.intelligence( 3533): No package ID ff found for resource ID 0xffffffff.
E/gs.intelligence( 3533): No package ID ff found for resource ID 0xffffffff.
E/gs.intelligence( 3533): No package ID ff found for resource ID 0xffffffff.
E/gs.intelligence( 3533): No package ID ff found for resource ID 0xffffffff.
E/gs.intelligence( 3533): No package ID ff found for resource ID 0xffffffff.
E/gs.intelligence( 3533): No package ID ff found for resource ID 0xffffffff.
E/gs.intelligence( 3533): No package ID ff found for resource ID 0xffffffff.
E/gs.intelligence( 3533): No package ID ff found for resource ID 0xffffffff.
E/gs.intelligence( 3533): No package ID ff found for resource ID 0xffffffff.
E/gs.intelligence( 3533): No package ID ff found for resource ID 0xffffffff.
E/gs.intelligence( 3533): No package ID ff found for resource ID 0xffffffff.
E/gs.intelligence( 3533): No package ID ff found for resource ID 0xffffffff.
E/gs.intelligence( 3533): No package ID ff found for resource ID 0xffffffff.
E/gs.intelligence( 3533): No package ID ff found for resource ID 0xffffffff.
E/gs.intelligence( 3533): No package ID ff found for resource ID 0xffffffff.
E/gs.intelligence( 3533): No package ID ff found for resource ID 0xffffffff.
E/gs.intelligence( 3533): No package ID ff found for resource ID 0xffffffff.
E/gs.intelligence( 3533): No package ID ff found for resource ID 0xffffffff.
E/gs.intelligence( 3533): No package ID ff found for resource ID 0xffffffff.
E/gs.intelligence( 3533): No package ID ff found for resource ID 0xffffffff.
W/IndexDataConverter( 3533): Skipping index for null-key item IndexData.Builder {title: Install a certificate,package: com.android.settings}
E/gs.intelligence( 3533): No package ID ff found for resource ID 0xffffffff.
E/gs.intelligence( 3533): No package ID ff found for resource ID 0xffffffff.
E/gs.intelligence( 3533): No package ID ff found for resource ID 0xffffffff.
E/gs.intelligence( 3533): No package ID ff found for resource ID 0xffffffff.
E/gs.intelligence( 3533): No package ID ff found for resource ID 0xffffffff.
E/gs.intelligence( 3533): No package ID ff found for resource ID 0xffffffff.
E/gs.intelligence( 3533): No package ID ff found for resource ID 0xffffffff.
E/gs.intelligence( 3533): No package ID ff found for resource ID 0xffffffff.
E/gs.intelligence( 3533): No package ID ff found for resource ID 0xffffffff.
E/gs.intelligence( 3533): No package ID ff found for resource ID 0xffffffff.
E/gs.intelligence( 3533): No package ID ff found for resource ID 0xffffffff.
W/IndexDataConverter( 3533): Skipping index for null-key item IndexData.Builder {title: Physical keyboard,package: com.android.settings}
E/gs.intelligence( 3533): No package ID ff found for resource ID 0xffffffff.
E/gs.intelligence( 3533): No package ID ff found for resource ID 0xffffffff.
E/gs.intelligence( 3533): No package ID ff found for resource ID 0xffffffff.
E/gs.intelligence( 3533): No package ID ff found for resource ID 0xffffffff.
E/gs.intelligence( 3533): No package ID ff found for resource ID 0xffffffff.
I/com.ubmprobe( 4099): Late-enabling -Xcheck:jni
I/init    (    0): Service 'artd' (pid 3292) exited with status 0 oneshot service took 3.431000 seconds in background
I/init    (    0): Sending signal 9 to service 'artd' (pid 3292) process group...
I/libprocessgroup(    0): Successfully killed process cgroup uid 1082 pid 3292 in 0ms
E/gs.intelligence( 3533): No package ID ff found for resource ID 0xffffffff.
E/gs.intelligence( 3533): No package ID ff found for resource ID 0xffffffff.
E/gs.intelligence( 3533): No package ID ff found for resource ID 0xffffffff.
E/gs.intelligence( 3533): No package ID ff found for resource ID 0xffffffff.
E/gs.intelligence( 3533): No package ID ff found for resource ID 0xffffffff.
E/gs.intelligence( 3533): No package ID ff found for resource ID 0xffffffff.
E/gs.intelligence( 3533): No package ID ff found for resource ID 0xffffffff.
E/gs.intelligence( 3533): No package ID ff found for resource ID 0xffffffff.
E/gs.intelligence( 3533): No package ID ff found for resource ID 0xffffffff.
E/gs.intelligence( 3533): No package ID ff found for resource ID 0xffffffff.
E/gs.intelligence( 3533): No package ID ff found for resource ID 0xffffffff.
E/gs.intelligence( 3533): No package ID ff found for resource ID 0xffffffff.
E/gs.intelligence( 3533): No package ID ff found for resource ID 0xffffffff.
E/gs.intelligence( 3533): No package ID ff found for resource ID 0xffffffff.
E/gs.intelligence( 3533): No package ID ff found for resource ID 0xffffffff.
E/gs.intelligence( 3533): No package ID ff found for resource ID 0xffffffff.
E/gs.intelligence( 3533): No package ID ff found for resource ID 0xffffffff.
E/gs.intelligence( 3533): No package ID ff found for resource ID 0xffffffff.
E/gs.intelligence( 3533): No package ID ff found for resource ID 0xffffffff.
E/gs.intelligence( 3533): No package ID ff found for resource ID 0xffffffff.
E/gs.intelligence( 3533): No package ID ff found for resource ID 0xffffffff.
E/gs.intelligence( 3533): No package ID ff found for resource ID 0xffffffff.
E/gs.intelligence( 3533): No package ID ff found for resource ID 0xffffffff.
E/gs.intelligence( 3533): No package ID ff found for resource ID 0xffffffff.
E/gs.intelligence( 3533): No package ID ff found for resource ID 0xffffffff.
E/gs.intelligence( 3533): No package ID ff found for resource ID 0xffffffff.
E/gs.intelligence( 3533): No package ID ff found for resource ID 0xffffffff.
E/gs.intelligence( 3533): No package ID ff found for resource ID 0xffffffff.
E/gs.intelligence( 3533): No package ID ff found for resource ID 0xffffffff.
E/gs.intelligence( 3533): No package ID ff found for resource ID 0xffffffff.
E/gs.intelligence( 3533): No package ID ff found for resource ID 0xffffffff.
E/gs.intelligence( 3533): No package ID ff found for resource ID 0xffffffff.
E/gs.intelligence( 3533): No package ID ff found for resource ID 0xffffffff.
E/gs.intelligence( 3533): No package ID ff found for resource ID 0xffffffff.
E/gs.intelligence( 3533): No package ID ff found for resource ID 0xffffffff.
E/gs.intelligence( 3533): No package ID ff found for resource ID 0xffffffff.
E/gs.intelligence( 3533): No package ID ff found for resource ID 0xffffffff.
W/IndexDataConverter( 3533): Skipping index for null-key item IndexData.Builder {title: Display size and text,package: com.android.settings}
E/gs.intelligence( 3533): No package ID ff found for resource ID 0xffffffff.
E/gs.intelligence( 3533): No package ID ff found for resource ID 0xffffffff.
E/gs.intelligence( 3533): No package ID ff found for resource ID 0xffffffff.
E/gs.intelligence( 3533): No package ID ff found for resource ID 0xffffffff.
E/gs.intelligence( 3533): No package ID ff found for resource ID 0xffffffff.
E/gs.intelligence( 3533): No package ID ff found for resource ID 0xffffffff.
W/IndexDataConverter( 3533): Skipping index for null-key item IndexData.Builder {title: Bluetooth HCI snoop log filtering,package: com.android.settings}
E/gs.intelligence( 3533): No package ID ff found for resource ID 0xffffffff.
E/gs.intelligence( 3533): No package ID ff found for resource ID 0xffffffff.
E/gs.intelligence( 3533): No package ID ff found for resource ID 0xffffffff.
E/gs.intelligence( 3533): No package ID ff found for resource ID 0xffffffff.
E/gs.intelligence( 3533): No package ID ff found for resource ID 0xffffffff.
E/gs.intelligence( 3533): No package ID ff found for resource ID 0xffffffff.
E/gs.intelligence( 3533): No package ID ff found for resource ID 0xffffffff.
E/gs.intelligence( 3533): No package ID ff found for resource ID 0xffffffff.
E/gs.intelligence( 3533): No package ID ff found for resource ID 0xffffffff.
E/gs.intelligence( 3533): No package ID ff found for resource ID 0xffffffff.
E/gs.intelligence( 3533): No package ID ff found for resource ID 0xffffffff.
E/gs.intelligence( 3533): No package ID ff found for resource ID 0xffffffff.
E/gs.intelligence( 3533): No package ID ff found for resource ID 0xffffffff.
E/gs.intelligence( 3533): No package ID ff found for resource ID 0xffffffff.
E/gs.intelligence( 3533): No package ID ff found for resource ID 0xffffffff.
E/gs.intelligence( 3533): No package ID ff found for resource ID 0xffffffff.
E/gs.intelligence( 3533): No package ID ff found for resource ID 0xffffffff.
E/gs.intelligence( 3533): No package ID ff found for resource ID 0xffffffff.
E/gs.intelligence( 3533): No package ID ff found for resource ID 0xffffffff.
E/gs.intelligence( 3533): No package ID ff found for resource ID 0xffffffff.
E/gs.intelligence( 3533): No package ID ff found for resource ID 0xffffffff.
E/gs.intelligence( 3533): No package ID ff found for resource ID 0xffffffff.
E/gs.intelligence( 3533): No package ID ff found for resource ID 0xffffffff.
E/gs.intelligence( 3533): No package ID ff found for resource ID 0xffffffff.
E/gs.intelligence( 3533): No package ID ff found for resource ID 0xffffffff.
E/gs.intelligence( 3533): No package ID ff found for resource ID 0xffffffff.
E/gs.intelligence( 3533): No package ID ff found for resource ID 0xffffffff.
E/gs.intelligence( 3533): No package ID ff found for resource ID 0xffffffff.
E/gs.intelligence( 3533): No package ID ff found for resource ID 0xffffffff.
E/gs.intelligence( 3533): No package ID ff found for resource ID 0xffffffff.
E/gs.intelligence( 3533): No package ID ff found for resource ID 0xffffffff.
E/gs.intelligence( 3533): No package ID ff found for resource ID 0xffffffff.
E/gs.intelligence( 3533): No package ID ff found for resource ID 0xffffffff.
E/gs.intelligence( 3533): No package ID ff found for resource ID 0xffffffff.
E/gs.intelligence( 3533): No package ID ff found for resource ID 0xffffffff.
E/gs.intelligence( 3533): No package ID ff found for resource ID 0xffffffff.
E/gs.intelligence( 3533): No package ID ff found for resource ID 0xffffffff.
E/gs.intelligence( 3533): No package ID ff found for resource ID 0xffffffff.
E/gs.intelligence( 3533): No package ID ff found for resource ID 0xffffffff.
E/gs.intelligence( 3533): No package ID ff found for resource ID 0xffffffff.
E/gs.intelligence( 3533): No package ID ff found for resource ID 0xffffffff.
E/gs.intelligence( 3533): No package ID ff found for resource ID 0xffffffff.
E/gs.intelligence( 3533): No package ID ff found for resource ID 0xffffffff.
E/gs.intelligence( 3533): No package ID ff found for resource ID 0xffffffff.
E/gs.intelligence( 3533): No package ID ff found for resource ID 0xffffffff.
E/gs.intelligence( 3533): No package ID ff found for resource ID 0xffffffff.
E/gs.intelligence( 3533): No package ID ff found for resource ID 0xffffffff.
E/gs.intelligence( 3533): No package ID ff found for resource ID 0xffffffff.
E/gs.intelligence( 3533): No package ID ff found for resource ID 0xffffffff.
E/gs.intelligence( 3533): No package ID ff found for resource ID 0xffffffff.
E/gs.intelligence( 3533): No package ID ff found for resource ID 0xffffffff.
E/gs.intelligence( 3533): No package ID ff found for resource ID 0xffffffff.
E/gs.intelligence( 3533): No package ID ff found for resource ID 0xffffffff.
E/gs.intelligence( 3533): No package ID ff found for resource ID 0xffffffff.
E/gs.intelligence( 3533): No package ID ff found for resource ID 0xffffffff.
E/gs.intelligence( 3533): No package ID ff found for resource ID 0xffffffff.
E/gs.intelligence( 3533): No package ID ff found for resource ID 0xffffffff.
E/gs.intelligence( 3533): No package ID ff found for resource ID 0xffffffff.
E/gs.intelligence( 3533): No package ID ff found for resource ID 0xffffffff.
E/gs.intelligence( 3533): No package ID ff found for resource ID 0xffffffff.
E/gs.intelligence( 3533): No package ID ff found for resource ID 0xffffffff.
E/gs.intelligence( 3533): No package ID ff found for resource ID 0xffffffff.
E/gs.intelligence( 3533): No package ID ff found for resource ID 0xffffffff.
E/gs.intelligence( 3533): No package ID ff found for resource ID 0xffffffff.
E/gs.intelligence( 3533): No package ID ff found for resource ID 0xffffffff.
E/gs.intelligence( 3533): No package ID ff found for resource ID 0xffffffff.
E/gs.intelligence( 3533): No package ID ff found for resource ID 0xffffffff.
E/gs.intelligence( 3533): No package ID ff found for resource ID 0xffffffff.
E/gs.intelligence( 3533): No package ID ff found for resource ID 0xffffffff.
E/gs.intelligence( 3533): No package ID ff found for resource ID 0xffffffff.
E/gs.intelligence( 3533): No package ID ff found for resource ID 0xffffffff.
E/gs.intelligence( 3533): No package ID ff found for resource ID 0xffffffff.
E/gs.intelligence( 3533): No package ID ff found for resource ID 0xffffffff.
E/gs.intelligence( 3533): No package ID ff found for resource ID 0xffffffff.
E/gs.intelligence( 3533): No package ID ff found for resource ID 0xffffffff.
E/gs.intelligence( 3533): No package ID ff found for resource ID 0xffffffff.
E/gs.intelligence( 3533): No package ID ff found for resource ID 0xffffffff.
E/gs.intelligence( 3533): No package ID ff found for resource ID 0xffffffff.
E/gs.intelligence( 3533): No package ID ff found for resource ID 0xffffffff.
E/gs.intelligence( 3533): No package ID ff found for resource ID 0xffffffff.
E/gs.intelligence( 3533): No package ID ff found for resource ID 0xffffffff.
E/gs.intelligence( 3533): No package ID ff found for resource ID 0xffffffff.
E/gs.intelligence( 3533): No package ID ff found for resource ID 0xffffffff.
E/gs.intelligence( 3533): No package ID ff found for resource ID 0xffffffff.
E/gs.intelligence( 3533): No package ID ff found for resource ID 0xffffffff.
E/gs.intelligence( 3533): No package ID ff found for resource ID 0xffffffff.
E/gs.intelligence( 3533): No package ID ff found for resource ID 0xffffffff.
E/gs.intelligence( 3533): No package ID ff found for resource ID 0xffffffff.
E/gs.intelligence( 3533): No package ID ff found for resource ID 0xffffffff.
E/gs.intelligence( 3533): No package ID ff found for resource ID 0xffffffff.
E/gs.intelligence( 3533): No package ID ff found for resource ID 0xffffffff.
E/gs.intelligence( 3533): No package ID ff found for resource ID 0xffffffff.
E/gs.intelligence( 3533): No package ID ff found for resource ID 0xffffffff.
E/gs.intelligence( 3533): No package ID ff found for resource ID 0xffffffff.
E/gs.intelligence( 3533): No package ID ff found for resource ID 0xffffffff.
E/gs.intelligence( 3533): No package ID ff found for resource ID 0xffffffff.
E/gs.intelligence( 3533): No package ID ff found for resource ID 0xffffffff.
E/gs.intelligence( 3533): No package ID ff found for resource ID 0xffffffff.
E/gs.intelligence( 3533): No package ID ff found for resource ID 0xffffffff.
E/gs.intelligence( 3533): No package ID ff found for resource ID 0xffffffff.
E/gs.intelligence( 3533): No package ID ff found for resource ID 0xffffffff.
E/gs.intelligence( 3533): No package ID ff found for resource ID 0xffffffff.
E/gs.intelligence( 3533): No package ID ff found for resource ID 0xffffffff.
E/gs.intelligence( 3533): No package ID ff found for resource ID 0xffffffff.
E/gs.intelligence( 3533): No package ID ff found for resource ID 0xffffffff.
E/gs.intelligence( 3533): No package ID ff found for resource ID 0xffffffff.
E/gs.intelligence( 3533): No package ID ff found for resource ID 0xffffffff.
E/gs.intelligence( 3533): No package ID ff found for resource ID 0xffffffff.
E/gs.intelligence( 3533): No package ID ff found for resource ID 0xffffffff.
E/gs.intelligence( 3533): No package ID ff found for resource ID 0xffffffff.
E/gs.intelligence( 3533): No package ID ff found for resource ID 0xffffffff.
E/gs.intelligence( 3533): No package ID ff found for resource ID 0xffffffff.
E/gs.intelligence( 3533): No package ID ff found for resource ID 0xffffffff.
E/gs.intelligence( 3533): No package ID ff found for resource ID 0xffffffff.
E/gs.intelligence( 3533): No package ID ff found for resource ID 0xffffffff.
E/gs.intelligence( 3533): No package ID ff found for resource ID 0xffffffff.
E/gs.intelligence( 3533): No package ID ff found for resource ID 0xffffffff.
E/gs.intelligence( 3533): No package ID ff found for resource ID 0xffffffff.
E/gs.intelligence( 3533): No package ID ff found for resource ID 0xffffffff.
E/gs.intelligence( 3533): No package ID ff found for resource ID 0xffffffff.
E/gs.intelligence( 3533): No package ID ff found for resource ID 0xffffffff.
E/gs.intelligence( 3533): No package ID ff found for resource ID 0xffffffff.
E/gs.intelligence( 3533): No package ID ff found for resource ID 0xffffffff.
E/gs.intelligence( 3533): No package ID ff found for resource ID 0xffffffff.
E/gs.intelligence( 3533): No package ID ff found for resource ID 0xffffffff.
E/gs.intelligence( 3533): No package ID ff found for resource ID 0xffffffff.
E/gs.intelligence( 3533): No package ID ff found for resource ID 0xffffffff.
E/gs.intelligence( 3533): No package ID ff found for resource ID 0xffffffff.
E/gs.intelligence( 3533): No package ID ff found for resource ID 0xffffffff.
E/gs.intelligence( 3533): No package ID ff found for resource ID 0xffffffff.
E/gs.intelligence( 3533): No package ID ff found for resource ID 0xffffffff.
W/IndexDataConverter( 3533): Skipping index for null-key item IndexData.Builder {title: Legal information,package: com.android.settings}
E/gs.intelligence( 3533): No package ID ff found for resource ID 0xffffffff.
E/gs.intelligence( 3533): No package ID ff found for resource ID 0xffffffff.
E/gs.intelligence( 3533): No package ID ff found for resource ID 0xffffffff.
E/gs.intelligence( 3533): No package ID ff found for resource ID 0xffffffff.
E/gs.intelligence( 3533): No package ID ff found for resource ID 0xffffffff.
E/gs.intelligence( 3533): No package ID ff found for resource ID 0xffffffff.
E/gs.intelligence( 3533): No package ID ff found for resource ID 0xffffffff.
E/gs.intelligence( 3533): No package ID ff found for resource ID 0xffffffff.
E/gs.intelligence( 3533): No package ID ff found for resource ID 0xffffffff.
E/gs.intelligence( 3533): No package ID ff found for resource ID 0xffffffff.
E/gs.intelligence( 3533): No package ID ff found for resource ID 0xffffffff.
E/gs.intelligence( 3533): No package ID ff found for resource ID 0xffffffff.
E/gs.intelligence( 3533): No package ID ff found for resource ID 0xffffffff.
E/gs.intelligence( 3533): No package ID ff found for resource ID 0xffffffff.
E/gs.intelligence( 3533): No package ID ff found for resource ID 0xffffffff.
E/gs.intelligence( 3533): No package ID ff found for resource ID 0xffffffff.
E/gs.intelligence( 3533): No package ID ff found for resource ID 0xffffffff.
E/gs.intelligence( 3533): No package ID ff found for resource ID 0xffffffff.
E/gs.intelligence( 3533): No package ID ff found for resource ID 0xffffffff.
E/gs.intelligence( 3533): No package ID ff found for resource ID 0xffffffff.
E/gs.intelligence( 3533): No package ID ff found for resource ID 0xffffffff.
E/gs.intelligence( 3533): No package ID ff found for resource ID 0xffffffff.
E/gs.intelligence( 3533): No package ID ff found for resource ID 0xffffffff.
E/gs.intelligence( 3533): No package ID ff found for resource ID 0xffffffff.
E/gs.intelligence( 3533): No package ID ff found for resource ID 0xffffffff.
E/gs.intelligence( 3533): No package ID ff found for resource ID 0xffffffff.
E/gs.intelligence( 3533): No package ID ff found for resource ID 0xffffffff.
E/gs.intelligence( 3533): No package ID ff found for resource ID 0xffffffff.
E/gs.intelligence( 3533): No package ID ff found for resource ID 0xffffffff.
E/gs.intelligence( 3533): No package ID ff found for resource ID 0xffffffff.
W/IndexDataConverter( 3533): Skipping index for null-key item IndexData.Builder {title: App pinning allows you to keep the current app in view until you unpin it. This feature can be used, for example, to let a trusted friend play a specific game.,package: com.android.settings}
E/gs.intelligence( 3533): No package ID ff found for resource ID 0xffffffff.
E/gs.intelligence( 3533): No package ID ff found for resource ID 0xffffffff.
E/gs.intelligence( 3533): No package ID ff found for resource ID 0xffffffff.
E/gs.intelligence( 3533): No package ID ff found for resource ID 0xffffffff.
E/gs.intelligence( 3533): No package ID ff found for resource ID 0xffffffff.
E/gs.intelligence( 3533): No package ID ff found for resource ID 0xffffffff.
E/gs.intelligence( 3533): No package ID ff found for resource ID 0xffffffff.
E/gs.intelligence( 3533): No package ID ff found for resource ID 0xffffffff.
W/IndexDataConverter( 3533): Skipping index for null-key item IndexData.Builder {title: App pinning,package: com.android.settings}
E/gs.intelligence( 3533): No package ID ff found for resource ID 0xffffffff.
E/gs.intelligence( 3533): No package ID ff found for resource ID 0xffffffff.
E/gs.intelligence( 3533): No package ID ff found for resource ID 0xffffffff.
E/gs.intelligence( 3533): No package ID ff found for resource ID 0xffffffff.
E/gs.intelligence( 3533): No package ID ff found for resource ID 0xffffffff.
E/gs.intelligence( 3533): No package ID ff found for resource ID 0xffffffff.
W/IndexDataConverter( 3533): Skipping index for null-key item IndexData.Builder {title: Feature flags,package: com.android.settings}
E/gs.intelligence( 3533): No package ID ff found for resource ID 0xffffffff.
E/gs.intelligence( 3533): No package ID ff found for resource ID 0xffffffff.
E/gs.intelligence( 3533): No package ID ff found for resource ID 0xffffffff.
E/gs.intelligence( 3533): No package ID ff found for resource ID 0xffffffff.
E/gs.intelligence( 3533): No package ID ff found for resource ID 0xffffffff.
E/gs.intelligence( 3533): No package ID ff found for resource ID 0xffffffff.
E/gs.intelligence( 3533): No package ID ff found for resource ID 0xffffffff.
E/gs.intelligence( 3533): No package ID ff found for resource ID 0xffffffff.
E/gs.intelligence( 3533): No package ID ff found for resource ID 0xffffffff.
E/gs.intelligence( 3533): No package ID ff found for resource ID 0xffffffff.
E/gs.intelligence( 3533): No package ID ff found for resource ID 0xffffffff.
E/gs.intelligence( 3533): No package ID ff found for resource ID 0xffffffff.
E/gs.intelligence( 3533): No package ID ff found for resource ID 0xffffffff.
E/gs.intelligence( 3533): No package ID ff found for resource ID 0xffffffff.
E/gs.intelligence( 3533): No package ID ff found for resource ID 0xffffffff.
E/gs.intelligence( 3533): No package ID ff found for resource ID 0xffffffff.
E/gs.intelligence( 3533): No package ID ff found for resource ID 0xffffffff.
E/gs.intelligence( 3533): No package ID ff found for resource ID 0xffffffff.
E/gs.intelligence( 3533): No package ID ff found for resource ID 0xffffffff.
E/gs.intelligence( 3533): No package ID ff found for resource ID 0xffffffff.
E/gs.intelligence( 3533): No package ID ff found for resource ID 0xffffffff.
E/gs.intelligence( 3533): No package ID ff found for resource ID 0xffffffff.
E/gs.intelligence( 3533): No package ID ff found for resource ID 0xffffffff.
E/gs.intelligence( 3533): No package ID ff found for resource ID 0xffffffff.
W/IndexDataConverter( 3533): Skipping index for null-key item IndexData.Builder {title: Connection preferences,package: com.android.settings}
E/gs.intelligence( 3533): No package ID ff found for resource ID 0xffffffff.
E/gs.intelligence( 3533): No package ID ff found for resource ID 0xffffffff.
E/gs.intelligence( 3533): No package ID ff found for resource ID 0xffffffff.
E/gs.intelligence( 3533): No package ID ff found for resource ID 0xffffffff.
E/gs.intelligence( 3533): No package ID ff found for resource ID 0xffffffff.
E/gs.intelligence( 3533): No package ID ff found for resource ID 0xffffffff.
E/gs.intelligence( 3533): No package ID ff found for resource ID 0xffffffff.
E/gs.intelligence( 3533): No package ID ff found for resource ID 0xffffffff.
E/gs.intelligence( 3533): No package ID ff found for resource ID 0xffffffff.
E/gs.intelligence( 3533): No package ID ff found for resource ID 0xffffffff.
E/gs.intelligence( 3533): No package ID ff found for resource ID 0xffffffff.
E/gs.intelligence( 3533): No package ID ff found for resource ID 0xffffffff.
E/gs.intelligence( 3533): No package ID ff found for resource ID 0xffffffff.
E/gs.intelligence( 3533): No package ID ff found for resource ID 0xffffffff.
E/gs.intelligence( 3533): No package ID ff found for resource ID 0xffffffff.
E/gs.intelligence( 3533): No package ID ff found for resource ID 0xffffffff.
E/gs.intelligence( 3533): No package ID ff found for resource ID 0xffffffff.
E/gs.intelligence( 3533): No package ID ff found for resource ID 0xffffffff.
E/gs.intelligence( 3533): No package ID ff found for resource ID 0xffffffff.
E/gs.intelligence( 3533): No package ID ff found for resource ID 0xffffffff.
E/gs.intelligence( 3533): No package ID ff found for resource ID 0xffffffff.
E/gs.intelligence( 3533): No package ID ff found for resource ID 0xffffffff.
E/gs.intelligence( 3533): No package ID ff found for resource ID 0xffffffff.
E/gs.intelligence( 3533): No package ID ff found for resource ID 0xffffffff.
E/gs.intelligence( 3533): No package ID ff found for resource ID 0xffffffff.
E/gs.intelligence( 3533): No package ID ff found for resource ID 0xffffffff.
E/gs.intelligence( 3533): No package ID ff found for resource ID 0xffffffff.
E/gs.intelligence( 3533): No package ID ff found for resource ID 0xffffffff.
E/gs.intelligence( 3533): No package ID ff found for resource ID 0xffffffff.
E/gs.intelligence( 3533): No package ID ff found for resource ID 0xffffffff.
E/gs.intelligence( 3533): No package ID ff found for resource ID 0xffffffff.
E/gs.intelligence( 3533): No package ID ff found for resource ID 0xffffffff.
E/gs.intelligence( 3533): No package ID ff found for resource ID 0xffffffff.
E/gs.intelligence( 3533): No package ID ff found for resource ID 0xffffffff.
E/gs.intelligence( 3533): No package ID ff found for resource ID 0xffffffff.
E/gs.intelligence( 3533): No package ID ff found for resource ID 0xffffffff.
E/gs.intelligence( 3533): No package ID ff found for resource ID 0xffffffff.
W/IndexDataConverter( 3533): Skipping index for null-key item IndexData.Builder {title: Encryption & credentials,package: com.android.settings}
E/gs.intelligence( 3533): No package ID ff found for resource ID 0xffffffff.
E/gs.intelligence( 3533): No package ID ff found for resource ID 0xffffffff.
E/gs.intelligence( 3533): No package ID ff found for resource ID 0xffffffff.
E/gs.intelligence( 3533): No package ID ff found for resource ID 0xffffffff.
E/gs.intelligence( 3533): No package ID ff found for resource ID 0xffffffff.
E/gs.intelligence( 3533): No package ID ff found for resource ID 0xffffffff.
E/gs.intelligence( 3533): No package ID ff found for resource ID 0xffffffff.
E/gs.intelligence( 3533): No package ID ff found for resource ID 0xffffffff.
E/gs.intelligence( 3533): No package ID ff found for resource ID 0xffffffff.
E/gs.intelligence( 3533): No package ID ff found for resource ID 0xffffffff.
E/gs.intelligence( 3533): No package ID ff found for resource ID 0xffffffff.
E/gs.intelligence( 3533): No package ID ff found for resource ID 0xffffffff.
E/gs.intelligence( 3533): No package ID ff found for resource ID 0xffffffff.
I/com.ubmprobe( 4099): Using CollectorTypeCC GC.
E/gs.intelligence( 3533): No package ID ff found for resource ID 0xffffffff.
E/gs.intelligence( 3533): No package ID ff found for resource ID 0xffffffff.
W/IndexDataConverter( 3533): Skipping index for null-key item IndexData.Builder {title: Adaptive brightness,package: com.android.settings}
E/gs.intelligence( 3533): No package ID ff found for resource ID 0xffffffff.
E/gs.intelligence( 3533): No package ID ff found for resource ID 0xffffffff.
E/gs.intelligence( 3533): No package ID ff found for resource ID 0xffffffff.
E/gs.intelligence( 3533): No package ID ff found for resource ID 0xffffffff.
E/gs.intelligence( 3533): No package ID ff found for resource ID 0xffffffff.
E/gs.intelligence( 3533): No package ID ff found for resource ID 0xffffffff.
W/com.ubmprobe( 4099): Unexpected CPU variant for x86: x86_64.
W/com.ubmprobe( 4099): Known variants: atom, sandybridge, silvermont, goldmont, goldmont-plus, tremont, kabylake, default
E/gs.intelligence( 3533): No package ID ff found for resource ID 0xffffffff.
E/gs.intelligence( 3533): No package ID ff found for resource ID 0xffffffff.
E/gs.intelligence( 3533): No package ID ff found for resource ID 0xffffffff.
E/gs.intelligence( 3533): No package ID ff found for resource ID 0xffffffff.
E/gs.intelligence( 3533): No package ID ff found for resource ID 0xffffffff.
E/gs.intelligence( 3533): No package ID ff found for resource ID 0xffffffff.
E/gs.intelligence( 3533): No package ID ff found for resource ID 0xffffffff.
E/gs.intelligence( 3533): No package ID ff found for resource ID 0xffffffff.
E/gs.intelligence( 3533): No package ID ff found for resource ID 0xffffffff.
E/gs.intelligence( 3533): No package ID ff found for resource ID 0xffffffff.
E/gs.intelligence( 3533): No package ID ff found for resource ID 0xffffffff.
E/gs.intelligence( 3533): No package ID ff found for resource ID 0xffffffff.
E/gs.intelligence( 3533): No package ID ff found for resource ID 0xffffffff.
E/gs.intelligence( 3533): No package ID ff found for resource ID 0xffffffff.
E/gs.intelligence( 3533): No package ID ff found for resource ID 0xffffffff.
E/gs.intelligence( 3533): No package ID ff found for resource ID 0xffffffff.
E/gs.intelligence( 3533): No package ID ff found for resource ID 0xffffffff.
E/gs.intelligence( 3533): No package ID ff found for resource ID 0xffffffff.
E/gs.intelligence( 3533): No package ID ff found for resource ID 0xffffffff.
E/gs.intelligence( 3533): No package ID ff found for resource ID 0xffffffff.
E/gs.intelligence( 3533): No package ID ff found for resource ID 0xffffffff.
E/gs.intelligence( 3533): No package ID ff found for resource ID 0xffffffff.
E/gs.intelligence( 3533): No package ID ff found for resource ID 0xffffffff.
E/gs.intelligence( 3533): No package ID ff found for resource ID 0xffffffff.
E/gs.intelligence( 3533): No package ID ff found for resource ID 0xffffffff.
E/gs.intelligence( 3533): No package ID ff found for resource ID 0xffffffff.
E/gs.intelligence( 3533): No package ID ff found for resource ID 0xffffffff.
E/gs.intelligence( 3533): No package ID ff found for resource ID 0xffffffff.
E/gs.intelligence( 3533): No package ID ff found for resource ID 0xffffffff.
E/gs.intelligence( 3533): No package ID ff found for resource ID 0xffffffff.
E/gs.intelligence( 3533): No package ID ff found for resource ID 0xffffffff.
E/gs.intelligence( 3533): No package ID ff found for resource ID 0xffffffff.
E/gs.intelligence( 3533): No package ID ff found for resource ID 0xffffffff.
E/gs.intelligence( 3533): No package ID ff found for resource ID 0xffffffff.
E/gs.intelligence( 3533): No package ID ff found for resource ID 0xffffffff.
E/gs.intelligence( 3533): No package ID ff found for resource ID 0xffffffff.
E/gs.intelligence( 3533): No package ID ff found for resource ID 0xffffffff.
E/gs.intelligence( 3533): No package ID ff found for resource ID 0xffffffff.
E/gs.intelligence( 3533): No package ID ff found for resource ID 0xffffffff.
E/gs.intelligence( 3533): No package ID ff found for resource ID 0xffffffff.
E/gs.intelligence( 3533): No package ID ff found for resource ID 0xffffffff.
E/gs.intelligence( 3533): No package ID ff found for resource ID 0xffffffff.
E/gs.intelligence( 3533): No package ID ff found for resource ID 0xffffffff.
E/gs.intelligence( 3533): No package ID ff found for resource ID 0xffffffff.
E/gs.intelligence( 3533): No package ID ff found for resource ID 0xffffffff.
E/gs.intelligence( 3533): No package ID ff found for resource ID 0xffffffff.
E/gs.intelligence( 3533): No package ID ff found for resource ID 0xffffffff.
E/gs.intelligence( 3533): No package ID ff found for resource ID 0xffffffff.
E/gs.intelligence( 3533): No package ID ff found for resource ID 0xffffffff.
E/gs.intelligence( 3533): No package ID ff found for resource ID 0xffffffff.
E/gs.intelligence( 3533): No package ID ff found for resource ID 0xffffffff.
E/gs.intelligence( 3533): No package ID ff found for resource ID 0xffffffff.
E/gs.intelligence( 3533): No package ID ff found for resource ID 0xffffffff.
E/gs.intelligence( 3533): No package ID ff found for resource ID 0xffffffff.
E/gs.intelligence( 3533): No package ID ff found for resource ID 0xffffffff.
E/gs.intelligence( 3533): No package ID ff found for resource ID 0xffffffff.
E/gs.intelligence( 3533): No package ID ff found for resource ID 0xffffffff.
E/gs.intelligence( 3533): No package ID ff found for resource ID 0xffffffff.
E/gs.intelligence( 3533): No package ID ff found for resource ID 0xffffffff.
E/gs.intelligence( 3533): No package ID ff found for resource ID 0xffffffff.
E/gs.intelligence( 3533): No package ID ff found for resource ID 0xffffffff.
E/gs.intelligence( 3533): No package ID ff found for resource ID 0xffffffff.
E/gs.intelligence( 3533): No package ID ff found for resource ID 0xffffffff.
E/gs.intelligence( 3533): No package ID ff found for resource ID 0xffffffff.
E/gs.intelligence( 3533): No package ID ff found for resource ID 0xffffffff.
E/gs.intelligence( 3533): No package ID ff found for resource ID 0xffffffff.
E/gs.intelligence( 3533): No package ID ff found for resource ID 0xffffffff.
E/gs.intelligence( 3533): No package ID ff found for resource ID 0xffffffff.
E/gs.intelligence( 3533): No package ID ff found for resource ID 0xffffffff.
E/gs.intelligence( 3533): No package ID ff found for resource ID 0xffffffff.
E/gs.intelligence( 3533): No package ID ff found for resource ID 0xffffffff.
E/gs.intelligence( 3533): No package ID ff found for resource ID 0xffffffff.
E/gs.intelligence( 3533): No package ID ff found for resource ID 0xffffffff.
E/gs.intelligence( 3533): No package ID ff found for resource ID 0xffffffff.
E/gs.intelligence( 3533): No package ID ff found for resource ID 0xffffffff.
E/gs.intelligence( 3533): No package ID ff found for resource ID 0xffffffff.
E/gs.intelligence( 3533): No package ID ff found for resource ID 0xffffffff.
E/gs.intelligence( 3533): No package ID ff found for resource ID 0xffffffff.
E/gs.intelligence( 3533): No package ID ff found for resource ID 0xffffffff.
E/gs.intelligence( 3533): No package ID ff found for resource ID 0xffffffff.
E/gs.intelligence( 3533): No package ID ff found for resource ID 0xffffffff.
E/gs.intelligence( 3533): No package ID ff found for resource ID 0xffffffff.
E/gs.intelligence( 3533): No package ID ff found for resource ID 0xffffffff.
W/IndexDataConverter( 3533): Skipping index for null-key item IndexData.Builder {title: Special app access,package: com.android.settings}
E/gs.intelligence( 3533): No package ID ff found for resource ID 0xffffffff.
E/gs.intelligence( 3533): No package ID ff found for resource ID 0xffffffff.
E/gs.intelligence( 3533): No package ID ff found for resource ID 0xffffffff.
E/gs.intelligence( 3533): No package ID ff found for resource ID 0xffffffff.
E/gs.intelligence( 3533): No package ID ff found for resource ID 0xffffffff.
E/gs.intelligence( 3533): No package ID ff found for resource ID 0xffffffff.
E/gs.intelligence( 3533): No package ID ff found for resource ID 0xffffffff.
E/gs.intelligence( 3533): No package ID ff found for resource ID 0xffffffff.
E/gs.intelligence( 3533): No package ID ff found for resource ID 0xffffffff.
E/gs.intelligence( 3533): No package ID ff found for resource ID 0xffffffff.
E/gs.intelligence( 3533): No package ID ff found for resource ID 0xffffffff.
E/gs.intelligence( 3533): No package ID ff found for resource ID 0xffffffff.
E/gs.intelligence( 3533): No package ID ff found for resource ID 0xffffffff.
E/gs.intelligence( 3533): No package ID ff found for resource ID 0xffffffff.
E/gs.intelligence( 3533): No package ID ff found for resource ID 0xffffffff.
E/gs.intelligence( 3533): No package ID ff found for resource ID 0xffffffff.
E/gs.intelligence( 3533): No package ID ff found for resource ID 0xffffffff.
E/gs.intelligence( 3533): No package ID ff found for resource ID 0xffffffff.
E/gs.intelligence( 3533): No package ID ff found for resource ID 0xffffffff.
E/gs.intelligence( 3533): No package ID ff found for resource ID 0xffffffff.
E/gs.intelligence( 3533): No package ID ff found for resource ID 0xffffffff.
E/gs.intelligence( 3533): No package ID ff found for resource ID 0xffffffff.
E/gs.intelligence( 3533): No package ID ff found for resource ID 0xffffffff.
E/gs.intelligence( 3533): No package ID ff found for resource ID 0xffffffff.
E/gs.intelligence( 3533): No package ID ff found for resource ID 0xffffffff.
E/gs.intelligence( 3533): No package ID ff found for resource ID 0xffffffff.
E/gs.intelligence( 3533): No package ID ff found for resource ID 0xffffffff.
E/gs.intelligence( 3533): No package ID ff found for resource ID 0xffffffff.
E/gs.intelligence( 3533): No package ID ff found for resource ID 0xffffffff.
E/gs.intelligence( 3533): No package ID ff found for resource ID 0xffffffff.
E/gs.intelligence( 3533): No package ID ff found for resource ID 0xffffffff.
E/gs.intelligence( 3533): No package ID ff found for resource ID 0xffffffff.
E/gs.intelligence( 3533): No package ID ff found for resource ID 0xffffffff.
E/gs.intelligence( 3533): No package ID ff found for resource ID 0xffffffff.
E/gs.intelligence( 3533): No package ID ff found for resource ID 0xffffffff.
E/gs.intelligence( 3533): No package ID ff found for resource ID 0xffffffff.
E/gs.intelligence( 3533): No package ID ff found for resource ID 0xffffffff.
E/gs.intelligence( 3533): No package ID ff found for resource ID 0xffffffff.
E/gs.intelligence( 3533): No package ID ff found for resource ID 0xffffffff.
E/gs.intelligence( 3533): No package ID ff found for resource ID 0xffffffff.
E/gs.intelligence( 3533): No package ID ff found for resource ID 0xffffffff.
E/gs.intelligence( 3533): No package ID ff found for resource ID 0xffffffff.
E/gs.intelligence( 3533): No package ID ff found for resource ID 0xffffffff.
E/gs.intelligence( 3533): No package ID ff found for resource ID 0xffffffff.
E/gs.intelligence( 3533): No package ID ff found for resource ID 0xffffffff.
E/gs.intelligence( 3533): No package ID ff found for resource ID 0xffffffff.
E/gs.intelligence( 3533): No package ID ff found for resource ID 0xffffffff.
E/gs.intelligence( 3533): No package ID ff found for resource ID 0xffffffff.
E/gs.intelligence( 3533): No package ID ff found for resource ID 0xffffffff.
E/gs.intelligence( 3533): No package ID ff found for resource ID 0xffffffff.
E/gs.intelligence( 3533): No package ID ff found for resource ID 0xffffffff.
E/gs.intelligence( 3533): No package ID ff found for resource ID 0xffffffff.
E/gs.intelligence( 3533): No package ID ff found for resource ID 0xffffffff.
E/gs.intelligence( 3533): No package ID ff found for resource ID 0xffffffff.
E/gs.intelligence( 3533): No package ID ff found for resource ID 0xffffffff.
E/gs.intelligence( 3533): No package ID ff found for resource ID 0xffffffff.
E/gs.intelligence( 3533): No package ID ff found for resource ID 0xffffffff.
E/gs.intelligence( 3533): No package ID ff found for resource ID 0xffffffff.
E/gs.intelligence( 3533): No package ID ff found for resource ID 0xffffffff.
E/gs.intelligence( 3533): No package ID ff found for resource ID 0xffffffff.
E/gs.intelligence( 3533): No package ID ff found for resource ID 0xffffffff.
E/gs.intelligence( 3533): No package ID ff found for resource ID 0xffffffff.
E/gs.intelligence( 3533): No package ID ff found for resource ID 0xffffffff.
E/gs.intelligence( 3533): No package ID ff found for resource ID 0xffffffff.
E/gs.intelligence( 3533): No package ID ff found for resource ID 0xffffffff.
E/gs.intelligence( 3533): No package ID ff found for resource ID 0xffffffff.
E/gs.intelligence( 3533): No package ID ff found for resource ID 0xffffffff.
E/gs.intelligence( 3533): No package ID ff found for resource ID 0xffffffff.
E/gs.intelligence( 3533): No package ID ff found for resource ID 0xffffffff.
E/gs.intelligence( 3533): No package ID ff found for resource ID 0xffffffff.
E/gs.intelligence( 3533): No package ID ff found for resource ID 0xffffffff.
E/gs.intelligence( 3533): No package ID ff found for resource ID 0xffffffff.
E/gs.intelligence( 3533): No package ID ff found for resource ID 0xffffffff.
E/gs.intelligence( 3533): No package ID ff found for resource ID 0xffffffff.
W/IndexDataConverter( 3533): Skipping index for null-key item IndexData.Builder {title: Notifications,package: com.android.settings}
E/gs.intelligence( 3533): No package ID ff found for resource ID 0xffffffff.
E/gs.intelligence( 3533): No package ID ff found for resource ID 0xffffffff.
E/gs.intelligence( 3533): No package ID ff found for resource ID 0xffffffff.
E/gs.intelligence( 3533): No package ID ff found for resource ID 0xffffffff.
E/gs.intelligence( 3533): No package ID ff found for resource ID 0xffffffff.
E/gs.intelligence( 3533): No package ID ff found for resource ID 0xffffffff.
E/gs.intelligence( 3533): No package ID ff found for resource ID 0xffffffff.
E/gs.intelligence( 3533): No package ID ff found for resource ID 0xffffffff.
E/gs.intelligence( 3533): No package ID ff found for resource ID 0xffffffff.
E/gs.intelligence( 3533): No package ID ff found for resource ID 0xffffffff.
E/gs.intelligence( 3533): No package ID ff found for resource ID 0xffffffff.
E/gs.intelligence( 3533): No package ID ff found for resource ID 0xffffffff.
E/gs.intelligence( 3533): No package ID ff found for resource ID 0xffffffff.
E/gs.intelligence( 3533): No package ID ff found for resource ID 0xffffffff.
E/gs.intelligence( 3533): No package ID ff found for resource ID 0xffffffff.
E/gs.intelligence( 3533): No package ID ff found for resource ID 0xffffffff.
E/gs.intelligence( 3533): No package ID ff found for resource ID 0xffffffff.
E/gs.intelligence( 3533): No package ID ff found for resource ID 0xffffffff.
E/gs.intelligence( 3533): No package ID ff found for resource ID 0xffffffff.
E/gs.intelligence( 3533): No package ID ff found for resource ID 0xffffffff.
E/gs.intelligence( 3533): No package ID ff found for resource ID 0xffffffff.
E/gs.intelligence( 3533): No package ID ff found for resource ID 0xffffffff.
E/gs.intelligence( 3533): No package ID ff found for resource ID 0xffffffff.
E/gs.intelligence( 3533): No package ID ff found for resource ID 0xffffffff.
E/gs.intelligence( 3533): No package ID ff found for resource ID 0xffffffff.
E/gs.intelligence( 3533): No package ID ff found for resource ID 0xffffffff.
E/gs.intelligence( 3533): No package ID ff found for resource ID 0xffffffff.
E/gs.intelligence( 3533): No package ID ff found for resource ID 0xffffffff.
E/gs.intelligence( 3533): No package ID ff found for resource ID 0xffffffff.
E/gs.intelligence( 3533): No package ID ff found for resource ID 0xffffffff.
E/gs.intelligence( 3533): No package ID ff found for resource ID 0xffffffff.
E/gs.intelligence( 3533): No package ID ff found for resource ID 0xffffffff.
E/gs.intelligence( 3533): No package ID ff found for resource ID 0xffffffff.
E/gs.intelligence( 3533): No package ID ff found for resource ID 0xffffffff.
E/gs.intelligence( 3533): No package ID ff found for resource ID 0xffffffff.
E/gs.intelligence( 3533): No package ID ff found for resource ID 0xffffffff.
E/gs.intelligence( 3533): No package ID ff found for resource ID 0xffffffff.
E/gs.intelligence( 3533): No package ID ff found for resource ID 0xffffffff.
E/gs.intelligence( 3533): No package ID ff found for resource ID 0xffffffff.
E/gs.intelligence( 3533): No package ID ff found for resource ID 0xffffffff.
E/gs.intelligence( 3533): No package ID ff found for resource ID 0xffffffff.
E/gs.intelligence( 3533): No package ID ff found for resource ID 0xffffffff.
E/gs.intelligence( 3533): No package ID ff found for resource ID 0xffffffff.
E/gs.intelligence( 3533): No package ID ff found for resource ID 0xffffffff.
E/gs.intelligence( 3533): No package ID ff found for resource ID 0xffffffff.
E/gs.intelligence( 3533): No package ID ff found for resource ID 0xffffffff.
E/gs.intelligence( 3533): No package ID ff found for resource ID 0xffffffff.
E/gs.intelligence( 3533): No package ID ff found for resource ID 0xffffffff.
E/gs.intelligence( 3533): No package ID ff found for resource ID 0xffffffff.
E/gs.intelligence( 3533): No package ID ff found for resource ID 0xffffffff.
E/gs.intelligence( 3533): No package ID ff found for resource ID 0xffffffff.
E/gs.intelligence( 3533): No package ID ff found for resource ID 0xffffffff.
E/gs.intelligence( 3533): No package ID ff found for resource ID 0xffffffff.
E/gs.intelligence( 3533): No package ID ff found for resource ID 0xffffffff.
E/gs.intelligence( 3533): No package ID ff found for resource ID 0xffffffff.
E/gs.intelligence( 3533): No package ID ff found for resource ID 0xffffffff.
E/gs.intelligence( 3533): No package ID ff found for resource ID 0xffffffff.
E/gs.intelligence( 3533): No package ID ff found for resource ID 0xffffffff.
E/gs.intelligence( 3533): No package ID ff found for resource ID 0xffffffff.
E/gs.intelligence( 3533): No package ID ff found for resource ID 0xffffffff.
E/gs.intelligence( 3533): No package ID ff found for resource ID 0xffffffff.
E/gs.intelligence( 3533): No package ID ff found for resource ID 0xffffffff.
E/gs.intelligence( 3533): No package ID ff found for resource ID 0xffffffff.
E/gs.intelligence( 3533): No package ID ff found for resource ID 0xffffffff.
E/gs.intelligence( 3533): No package ID ff found for resource ID 0xffffffff.
E/gs.intelligence( 3533): No package ID ff found for resource ID 0xffffffff.
E/gs.intelligence( 3533): No package ID ff found for resource ID 0xffffffff.
E/gs.intelligence( 3533): No package ID ff found for resource ID 0xffffffff.
W/ActivityTaskManager(  543): takeTaskSnapshot: taskId=12 not found or not visible
E/gs.intelligence( 3533): No package ID ff found for resource ID 0xffffffff.
E/gs.intelligence( 3533): No package ID ff found for resource ID 0xffffffff.
E/gs.intelligence( 3533): No package ID ff found for resource ID 0xffffffff.
E/gs.intelligence( 3533): No package ID ff found for resource ID 0xffffffff.
E/gs.intelligence( 3533): No package ID ff found for resource ID 0xffffffff.
E/gs.intelligence( 3533): No package ID ff found for resource ID 0xffffffff.
E/gs.intelligence( 3533): No package ID ff found for resource ID 0xffffffff.
E/gs.intelligence( 3533): No package ID ff found for resource ID 0xffffffff.
E/gs.intelligence( 3533): No package ID ff found for resource ID 0xffffffff.
E/gs.intelligence( 3533): No package ID ff found for resource ID 0xffffffff.
E/gs.intelligence( 3533): No package ID ff found for resource ID 0xffffffff.
E/gs.intelligence( 3533): No package ID ff found for resource ID 0xffffffff.
E/gs.intelligence( 3533): No package ID ff found for resource ID 0xffffffff.
E/gs.intelligence( 3533): No package ID ff found for resource ID 0xffffffff.
E/gs.intelligence( 3533): No package ID ff found for resource ID 0xffffffff.
E/gs.intelligence( 3533): No package ID ff found for resource ID 0xffffffff.
E/gs.intelligence( 3533): No package ID ff found for resource ID 0xffffffff.
E/gs.intelligence( 3533): No package ID ff found for resource ID 0xffffffff.
E/gs.intelligence( 3533): No package ID ff found for resource ID 0xffffffff.
E/gs.intelligence( 3533): No package ID ff found for resource ID 0xffffffff.
E/gs.intelligence( 3533): No package ID ff found for resource ID 0xffffffff.
E/gs.intelligence( 3533): No package ID ff found for resource ID 0xffffffff.
E/gs.intelligence( 3533): No package ID ff found for resource ID 0xffffffff.
E/gs.intelligence( 3533): No package ID ff found for resource ID 0xffffffff.
E/gs.intelligence( 3533): No package ID ff found for resource ID 0xffffffff.
E/gs.intelligence( 3533): No package ID ff found for resource ID 0xffffffff.
E/gs.intelligence( 3533): No package ID ff found for resource ID 0xffffffff.
E/gs.intelligence( 3533): No package ID ff found for resource ID 0xffffffff.
E/gs.intelligence( 3533): No package ID ff found for resource ID 0xffffffff.
E/gs.intelligence( 3533): No package ID ff found for resource ID 0xffffffff.
E/gs.intelligence( 3533): No package ID ff found for resource ID 0xffffffff.
E/gs.intelligence( 3533): No package ID ff found for resource ID 0xffffffff.
E/gs.intelligence( 3533): No package ID ff found for resource ID 0xffffffff.
E/gs.intelligence( 3533): No package ID ff found for resource ID 0xffffffff.
E/gs.intelligence( 3533): No package ID ff found for resource ID 0xffffffff.
E/gs.intelligence( 3533): No package ID ff found for resource ID 0xffffffff.
E/gs.intelligence( 3533): No package ID ff found for resource ID 0xffffffff.
E/gs.intelligence( 3533): No package ID ff found for resource ID 0xffffffff.
E/gs.intelligence( 3533): No package ID ff found for resource ID 0xffffffff.
E/gs.intelligence( 3533): No package ID ff found for resource ID 0xffffffff.
E/gs.intelligence( 3533): No package ID ff found for resource ID 0xffffffff.
E/gs.intelligence( 3533): No package ID ff found for resource ID 0xffffffff.
E/gs.intelligence( 3533): No package ID ff found for resource ID 0xffffffff.
E/gs.intelligence( 3533): No package ID ff found for resource ID 0xffffffff.
E/gs.intelligence( 3533): No package ID ff found for resource ID 0xffffffff.
E/gs.intelligence( 3533): No package ID ff found for resource ID 0xffffffff.
E/gs.intelligence( 3533): No package ID ff found for resource ID 0xffffffff.
E/gs.intelligence( 3533): No package ID ff found for resource ID 0xffffffff.
E/gs.intelligence( 3533): No package ID ff found for resource ID 0xffffffff.
E/gs.intelligence( 3533): No package ID ff found for resource ID 0xffffffff.
E/gs.intelligence( 3533): No package ID ff found for resource ID 0xffffffff.
E/gs.intelligence( 3533): No package ID ff found for resource ID 0xffffffff.
E/gs.intelligence( 3533): No package ID ff found for resource ID 0xffffffff.
E/gs.intelligence( 3533): No package ID ff found for resource ID 0xffffffff.
E/gs.intelligence( 3533): No package ID ff found for resource ID 0xffffffff.
E/gs.intelligence( 3533): No package ID ff found for resource ID 0xffffffff.
E/gs.intelligence( 3533): No package ID ff found for resource ID 0xffffffff.
E/gs.intelligence( 3533): No package ID ff found for resource ID 0xffffffff.
E/gs.intelligence( 3533): No package ID ff found for resource ID 0xffffffff.
E/gs.intelligence( 3533): No package ID ff found for resource ID 0xffffffff.
E/gs.intelligence( 3533): No package ID ff found for resource ID 0xffffffff.
E/gs.intelligence( 3533): No package ID ff found for resource ID 0xffffffff.
E/gs.intelligence( 3533): No package ID ff found for resource ID 0xffffffff.
E/gs.intelligence( 3533): No package ID ff found for resource ID 0xffffffff.
E/gs.intelligence( 3533): No package ID ff found for resource ID 0xffffffff.
E/gs.intelligence( 3533): No package ID ff found for resource ID 0xffffffff.
E/gs.intelligence( 3533): No package ID ff found for resource ID 0xffffffff.
E/gs.intelligence( 3533): No package ID ff found for resource ID 0xffffffff.
E/gs.intelligence( 3533): No package ID ff found for resource ID 0xffffffff.
E/gs.intelligence( 3533): No package ID ff found for resource ID 0xffffffff.
E/gs.intelligence( 3533): No package ID ff found for resource ID 0xffffffff.
E/gs.intelligence( 3533): No package ID ff found for resource ID 0xffffffff.
E/gs.intelligence( 3533): No package ID ff found for resource ID 0xffffffff.
E/gs.intelligence( 3533): No package ID ff found for resource ID 0xffffffff.
E/gs.intelligence( 3533): No package ID ff found for resource ID 0xffffffff.
W/IndexDataConverter( 3533): Skipping index for null-key item IndexData.Builder {title: Reduces background noises during calls,package: com.android.settings}
E/gs.intelligence( 3533): No package ID ff found for resource ID 0xffffffff.
E/gs.intelligence( 3533): No package ID ff found for resource ID 0xffffffff.
E/gs.intelligence( 3533): No package ID ff found for resource ID 0xffffffff.
E/gs.intelligence( 3533): No package ID ff found for resource ID 0xffffffff.
E/gs.intelligence( 3533): No package ID ff found for resource ID 0xffffffff.
E/gs.intelligence( 3533): No package ID ff found for resource ID 0xffffffff.
E/gs.intelligence( 3533): No package ID ff found for resource ID 0xffffffff.
E/gs.intelligence( 3533): No package ID ff found for resource ID 0xffffffff.
E/gs.intelligence( 3533): No package ID ff found for resource ID 0xffffffff.
E/gs.intelligence( 3533): No package ID ff found for resource ID 0xffffffff.
E/gs.intelligence( 3533): No package ID ff found for resource ID 0xffffffff.
E/gs.intelligence( 3533): No package ID ff found for resource ID 0xffffffff.
E/gs.intelligence( 3533): No package ID ff found for resource ID 0xffffffff.
W/IndexDataConverter( 3533): Skipping index for null-key item IndexData.Builder {title: Clear Calling,package: com.android.settings}
E/gs.intelligence( 3533): No package ID ff found for resource ID 0xffffffff.
E/gs.intelligence( 3533): No package ID ff found for resource ID 0xffffffff.
E/gs.intelligence( 3533): No package ID ff found for resource ID 0xffffffff.
E/gs.intelligence( 3533): No package ID ff found for resource ID 0xffffffff.
E/gs.intelligence( 3533): No package ID ff found for resource ID 0xffffffff.
E/gs.intelligence( 3533): No package ID ff found for resource ID 0xffffffff.
E/gs.intelligence( 3533): No package ID ff found for resource ID 0xffffffff.
E/gs.intelligence( 3533): No package ID ff found for resource ID 0xffffffff.
E/gs.intelligence( 3533): No package ID ff found for resource ID 0xffffffff.
E/gs.intelligence( 3533): No package ID ff found for resource ID 0xffffffff.
E/gs.intelligence( 3533): No package ID ff found for resource ID 0xffffffff.
E/gs.intelligence( 3533): No package ID ff found for resource ID 0xffffffff.
E/gs.intelligence( 3533): No package ID ff found for resource ID 0xffffffff.
E/gs.intelligence( 3533): No package ID ff found for resource ID 0xffffffff.
E/gs.intelligence( 3533): No package ID ff found for resource ID 0xffffffff.
E/gs.intelligence( 3533): No package ID ff found for resource ID 0xffffffff.
E/gs.intelligence( 3533): No package ID ff found for resource ID 0xffffffff.
E/gs.intelligence( 3533): No package ID ff found for resource ID 0xffffffff.
E/gs.intelligence( 3533): No package ID ff found for resource ID 0xffffffff.
E/gs.intelligence( 3533): No package ID ff found for resource ID 0xffffffff.
E/gs.intelligence( 3533): No package ID ff found for resource ID 0xffffffff.
E/gs.intelligence( 3533): No package ID ff found for resource ID 0xffffffff.
E/gs.intelligence( 3533): No package ID ff found for resource ID 0xffffffff.
E/gs.intelligence( 3533): No package ID ff found for resource ID 0xffffffff.
E/gs.intelligence( 3533): No package ID ff found for resource ID 0xffffffff.
E/gs.intelligence( 3533): No package ID ff found for resource ID 0xffffffff.
E/gs.intelligence( 3533): No package ID ff found for resource ID 0xffffffff.
E/gs.intelligence( 3533): No package ID ff found for resource ID 0xffffffff.
E/gs.intelligence( 3533): No package ID ff found for resource ID 0xffffffff.
E/gs.intelligence( 3533): No package ID ff found for resource ID 0xffffffff.
E/gs.intelligence( 3533): No package ID ff found for resource ID 0xffffffff.
E/gs.intelligence( 3533): No package ID ff found for resource ID 0xffffffff.
E/gs.intelligence( 3533): No package ID ff found for resource ID 0xffffffff.
E/gs.intelligence( 3533): No package ID ff found for resource ID 0xffffffff.
E/gs.intelligence( 3533): No package ID ff found for resource ID 0xffffffff.
E/gs.intelligence( 3533): No package ID ff found for resource ID 0xffffffff.
E/gs.intelligence( 3533): No package ID ff found for resource ID 0xffffffff.
E/gs.intelligence( 3533): No package ID ff found for resource ID 0xffffffff.
E/gs.intelligence( 3533): No package ID ff found for resource ID 0xffffffff.
E/gs.intelligence( 3533): No package ID ff found for resource ID 0xffffffff.
E/gs.intelligence( 3533): No package ID ff found for resource ID 0xffffffff.
E/gs.intelligence( 3533): No package ID ff found for resource ID 0xffffffff.
E/gs.intelligence( 3533): No package ID ff found for resource ID 0xffffffff.
E/gs.intelligence( 3533): No package ID ff found for resource ID 0xffffffff.
E/gs.intelligence( 3533): No package ID ff found for resource ID 0xffffffff.
E/gs.intelligence( 3533): No package ID ff found for resource ID 0xffffffff.
E/gs.intelligence( 3533): No package ID ff found for resource ID 0xffffffff.
E/gs.intelligence( 3533): No package ID ff found for resource ID 0xffffffff.
E/gs.intelligence( 3533): No package ID ff found for resource ID 0xffffffff.
E/gs.intelligence( 3533): No package ID ff found for resource ID 0xffffffff.
E/gs.intelligence( 3533): No package ID ff found for resource ID 0xffffffff.
E/gs.intelligence( 3533): No package ID ff found for resource ID 0xffffffff.
E/gs.intelligence( 3533): No package ID ff found for resource ID 0xffffffff.
E/gs.intelligence( 3533): No package ID ff found for resource ID 0xffffffff.
W/IndexDataConverter( 3533): Skipping index for null-key item IndexData.Builder {title: Caption size and style,package: com.android.settings}
E/gs.intelligence( 3533): No package ID ff found for resource ID 0xffffffff.
E/gs.intelligence( 3533): No package ID ff found for resource ID 0xffffffff.
E/gs.intelligence( 3533): No package ID ff found for resource ID 0xffffffff.
E/gs.intelligence( 3533): No package ID ff found for resource ID 0xffffffff.
E/gs.intelligence( 3533): No package ID ff found for resource ID 0xffffffff.
E/gs.intelligence( 3533): No package ID ff found for resource ID 0xffffffff.
E/gs.intelligence( 3533): No package ID ff found for resource ID 0xffffffff.
I/adbd    (  431): jdwp connection from 4099
E/gs.intelligence( 3533): No package ID ff found for resource ID 0xffffffff.
E/gs.intelligence( 3533): No package ID ff found for resource ID 0xffffffff.
E/gs.intelligence( 3533): No package ID ff found for resource ID 0xffffffff.
E/gs.intelligence( 3533): No package ID ff found for resource ID 0xffffffff.
E/gs.intelligence( 3533): No package ID ff found for resource ID 0xffffffff.
E/gs.intelligence( 3533): No package ID ff found for resource ID 0xffffffff.
E/gs.intelligence( 3533): No package ID ff found for resource ID 0xffffffff.
E/gs.intelligence( 3533): No package ID ff found for resource ID 0xffffffff.
E/gs.intelligence( 3533): No package ID ff found for resource ID 0xffffffff.
E/gs.intelligence( 3533): No package ID ff found for resource ID 0xffffffff.
E/gs.intelligence( 3533): No package ID ff found for resource ID 0xffffffff.
E/gs.intelligence( 3533): No package ID ff found for resource ID 0xffffffff.
E/gs.intelligence( 3533): No package ID ff found for resource ID 0xffffffff.
E/gs.intelligence( 3533): No package ID ff found for resource ID 0xffffffff.
E/gs.intelligence( 3533): No package ID ff found for resource ID 0xffffffff.
E/gs.intelligence( 3533): No package ID ff found for resource ID 0xffffffff.
E/gs.intelligence( 3533): No package ID ff found for resource ID 0xffffffff.
E/gs.intelligence( 3533): No package ID ff found for resource ID 0xffffffff.
E/gs.intelligence( 3533): No package ID ff found for resource ID 0xffffffff.
E/gs.intelligence( 3533): No package ID ff found for resource ID 0xffffffff.
E/gs.intelligence( 3533): No package ID ff found for resource ID 0xffffffff.
E/gs.intelligence( 3533): No package ID ff found for resource ID 0xffffffff.
E/gs.intelligence( 3533): No package ID ff found for resource ID 0xffffffff.
E/gs.intelligence( 3533): No package ID ff found for resource ID 0xffffffff.
E/gs.intelligence( 3533): No package ID ff found for resource ID 0xffffffff.
E/gs.intelligence( 3533): No package ID ff found for resource ID 0xffffffff.
E/gs.intelligence( 3533): No package ID ff found for resource ID 0xffffffff.
E/gs.intelligence( 3533): No package ID ff found for resource ID 0xffffffff.
E/gs.intelligence( 3533): No package ID ff found for resource ID 0xffffffff.
E/gs.intelligence( 3533): No package ID ff found for resource ID 0xffffffff.
E/gs.intelligence( 3533): No package ID ff found for resource ID 0xffffffff.
E/gs.intelligence( 3533): No package ID ff found for resource ID 0xffffffff.
E/gs.intelligence( 3533): No package ID ff found for resource ID 0xffffffff.
E/gs.intelligence( 3533): No package ID ff found for resource ID 0xffffffff.
E/gs.intelligence( 3533): No package ID ff found for resource ID 0xffffffff.
E/gs.intelligence( 3533): No package ID ff found for resource ID 0xffffffff.
E/gs.intelligence( 3533): No package ID ff found for resource ID 0xffffffff.
E/gs.intelligence( 3533): No package ID ff found for resource ID 0xffffffff.
E/gs.intelligence( 3533): No package ID ff found for resource ID 0xffffffff.
E/gs.intelligence( 3533): No package ID ff found for resource ID 0xffffffff.
E/gs.intelligence( 3533): No package ID ff found for resource ID 0xffffffff.
E/gs.intelligence( 3533): No package ID ff found for resource ID 0xffffffff.
E/gs.intelligence( 3533): No package ID ff found for resource ID 0xffffffff.
E/gs.intelligence( 3533): No package ID ff found for resource ID 0xffffffff.
E/gs.intelligence( 3533): No package ID ff found for resource ID 0xffffffff.
E/gs.intelligence( 3533): No package ID ff found for resource ID 0xffffffff.
E/gs.intelligence( 3533): No package ID ff found for resource ID 0xffffffff.
E/gs.intelligence( 3533): No package ID ff found for resource ID 0xffffffff.
E/gs.intelligence( 3533): No package ID ff found for resource ID 0xffffffff.
E/gs.intelligence( 3533): No package ID ff found for resource ID 0xffffffff.
E/gs.intelligence( 3533): No package ID ff found for resource ID 0xffffffff.
E/gs.intelligence( 3533): No package ID ff found for resource ID 0xffffffff.
E/gs.intelligence( 3533): No package ID ff found for resource ID 0xffffffff.
E/gs.intelligence( 3533): No package ID ff found for resource ID 0xffffffff.
E/gs.intelligence( 3533): No package ID ff found for resource ID 0xffffffff.
E/gs.intelligence( 3533): No package ID ff found for resource ID 0xffffffff.
E/gs.intelligence( 3533): No package ID ff found for resource ID 0xffffffff.
E/gs.intelligence( 3533): No package ID ff found for resource ID 0xffffffff.
E/gs.intelligence( 3533): No package ID ff found for resource ID 0xffffffff.
E/gs.intelligence( 3533): No package ID ff found for resource ID 0xffffffff.
E/gs.intelligence( 3533): No package ID ff found for resource ID 0xffffffff.
E/gs.intelligence( 3533): No package ID ff found for resource ID 0xffffffff.
E/gs.intelligence( 3533): No package ID ff found for resource ID 0xffffffff.
E/gs.intelligence( 3533): No package ID ff found for resource ID 0xffffffff.
E/gs.intelligence( 3533): No package ID ff found for resource ID 0xffffffff.
E/gs.intelligence( 3533): No package ID ff found for resource ID 0xffffffff.
E/gs.intelligence( 3533): No package ID ff found for resource ID 0xffffffff.
E/gs.intelligence( 3533): No package ID ff found for resource ID 0xffffffff.
E/gs.intelligence( 3533): No package ID ff found for resource ID 0xffffffff.
E/gs.intelligence( 3533): No package ID ff found for resource ID 0xffffffff.
E/gs.intelligence( 3533): No package ID ff found for resource ID 0xffffffff.
E/gs.intelligence( 3533): No package ID ff found for resource ID 0xffffffff.
E/gs.intelligence( 3533): No package ID ff found for resource ID 0xffffffff.
E/gs.intelligence( 3533): No package ID ff found for resource ID 0xffffffff.
E/gs.intelligence( 3533): No package ID ff found for resource ID 0xffffffff.
E/gs.intelligence( 3533): No package ID ff found for resource ID 0xffffffff.
E/gs.intelligence( 3533): No package ID ff found for resource ID 0xffffffff.
E/gs.intelligence( 3533): No package ID ff found for resource ID 0xffffffff.
E/gs.intelligence( 3533): No package ID ff found for resource ID 0xffffffff.
E/gs.intelligence( 3533): No package ID ff found for resource ID 0xffffffff.
E/gs.intelligence( 3533): No package ID ff found for resource ID 0xffffffff.
E/gs.intelligence( 3533): No package ID ff found for resource ID 0xffffffff.
E/gs.intelligence( 3533): No package ID ff found for resource ID 0xffffffff.
E/gs.intelligence( 3533): No package ID ff found for resource ID 0xffffffff.
E/gs.intelligence( 3533): No package ID ff found for resource ID 0xffffffff.
E/gs.intelligence( 3533): No package ID ff found for resource ID 0xffffffff.
E/gs.intelligence( 3533): No package ID ff found for resource ID 0xffffffff.
E/gs.intelligence( 3533): No package ID ff found for resource ID 0xffffffff.
E/gs.intelligence( 3533): No package ID ff found for resource ID 0xffffffff.
E/gs.intelligence( 3533): No package ID ff found for resource ID 0xffffffff.
E/gs.intelligence( 3533): No package ID ff found for resource ID 0xffffffff.
E/gs.intelligence( 3533): No package ID ff found for resource ID 0xffffffff.
E/gs.intelligence( 3533): No package ID ff found for resource ID 0xffffffff.
E/gs.intelligence( 3533): No package ID ff found for resource ID 0xffffffff.
E/gs.intelligence( 3533): No package ID ff found for resource ID 0xffffffff.
E/gs.intelligence( 3533): No package ID ff found for resource ID 0xffffffff.
E/gs.intelligence( 3533): No package ID ff found for resource ID 0xffffffff.
E/gs.intelligence( 3533): No package ID ff found for resource ID 0xffffffff.
E/gs.intelligence( 3533): No package ID ff found for resource ID 0xffffffff.
E/gs.intelligence( 3533): No package ID ff found for resource ID 0xffffffff.
E/gs.intelligence( 3533): No package ID ff found for resource ID 0xffffffff.
E/gs.intelligence( 3533): No package ID ff found for resource ID 0xffffffff.
E/gs.intelligence( 3533): No package ID ff found for resource ID 0xffffffff.
E/gs.intelligence( 3533): No package ID ff found for resource ID 0xffffffff.
E/gs.intelligence( 3533): No package ID ff found for resource ID 0xffffffff.
E/gs.intelligence( 3533): No package ID ff found for resource ID 0xffffffff.
E/gs.intelligence( 3533): No package ID ff found for resource ID 0xffffffff.
E/gs.intelligence( 3533): No package ID ff found for resource ID 0xffffffff.
E/gs.intelligence( 3533): No package ID ff found for resource ID 0xffffffff.
E/gs.intelligence( 3533): No package ID ff found for resource ID 0xffffffff.
E/gs.intelligence( 3533): No package ID ff found for resource ID 0xffffffff.
E/gs.intelligence( 3533): No package ID ff found for resource ID 0xffffffff.
E/gs.intelligence( 3533): No package ID ff found for resource ID 0xffffffff.
E/gs.intelligence( 3533): No package ID ff found for resource ID 0xffffffff.
E/gs.intelligence( 3533): No package ID ff found for resource ID 0xffffffff.
W/IndexDataConverter( 3533): Skipping index for null-key item IndexData.Builder {title: Selected people can still reach you, even if you don’t allow apps to interrupt,package: com.android.settings}
W/IndexDataConverter( 3533): Skipping index for null-key item IndexData.Builder {title: Apps,package: com.android.settings}
E/gs.intelligence( 3533): No package ID ff found for resource ID 0xffffffff.
E/gs.intelligence( 3533): No package ID ff found for resource ID 0xffffffff.
E/gs.intelligence( 3533): No package ID ff found for resource ID 0xffffffff.
E/gs.intelligence( 3533): No package ID ff found for resource ID 0xffffffff.
E/gs.intelligence( 3533): No package ID ff found for resource ID 0xffffffff.
E/gs.intelligence( 3533): No package ID ff found for resource ID 0xffffffff.
E/gs.intelligence( 3533): No package ID ff found for resource ID 0xffffffff.
E/gs.intelligence( 3533): No package ID ff found for resource ID 0xffffffff.
E/gs.intelligence( 3533): No package ID ff found for resource ID 0xffffffff.
E/gs.intelligence( 3533): No package ID ff found for resource ID 0xffffffff.
E/gs.intelligence( 3533): No package ID ff found for resource ID 0xffffffff.
E/gs.intelligence( 3533): No package ID ff found for resource ID 0xffffffff.
E/gs.intelligence( 3533): No package ID ff found for resource ID 0xffffffff.
E/gs.intelligence( 3533): No package ID ff found for resource ID 0xffffffff.
E/gs.intelligence( 3533): No package ID ff found for resource ID 0xffffffff.
E/gs.intelligence( 3533): No package ID ff found for resource ID 0xffffffff.
E/gs.intelligence( 3533): No package ID ff found for resource ID 0xffffffff.
E/gs.intelligence( 3533): No package ID ff found for resource ID 0xffffffff.
E/gs.intelligence( 3533): No package ID ff found for resource ID 0xffffffff.
E/gs.intelligence( 3533): No package ID ff found for resource ID 0xffffffff.
E/gs.intelligence( 3533): No package ID ff found for resource ID 0xffffffff.
E/gs.intelligence( 3533): No package ID ff found for resource ID 0xffffffff.
E/gs.intelligence( 3533): No package ID ff found for resource ID 0xffffffff.
E/gs.intelligence( 3533): No package ID ff found for resource ID 0xffffffff.
E/gs.intelligence( 3533): No package ID ff found for resource ID 0xffffffff.
E/gs.intelligence( 3533): No package ID ff found for resource ID 0xffffffff.
E/gs.intelligence( 3533): No package ID ff found for resource ID 0xffffffff.
E/gs.intelligence( 3533): No package ID ff found for resource ID 0xffffffff.
E/gs.intelligence( 3533): No package ID ff found for resource ID 0xffffffff.
E/gs.intelligence( 3533): No package ID ff found for resource ID 0xffffffff.
E/gs.intelligence( 3533): No package ID ff found for resource ID 0xffffffff.
E/gs.intelligence( 3533): No package ID ff found for resource ID 0xffffffff.
E/gs.intelligence( 3533): No package ID ff found for resource ID 0xffffffff.
E/gs.intelligence( 3533): No package ID ff found for resource ID 0xffffffff.
E/gs.intelligence( 3533): No package ID ff found for resource ID 0xffffffff.
W/IndexDataConverter( 3533): Skipping index for null-key item IndexData.Builder {title: null,package: com.android.settings}
E/gs.intelligence( 3533): No package ID ff found for resource ID 0xffffffff.
E/gs.intelligence( 3533): No package ID ff found for resource ID 0xffffffff.
W/IndexDataConverter( 3533): Skipping index for null-key item IndexData.Builder {title: Idle lock screen,package: com.android.settings}
E/gs.intelligence( 3533): No package ID ff found for resource ID 0xffffffff.
E/gs.intelligence( 3533): No package ID ff found for resource ID 0xffffffff.
E/gs.intelligence( 3533): No package ID ff found for resource ID 0xffffffff.
E/gs.intelligence( 3533): No package ID ff found for resource ID 0xffffffff.
E/gs.intelligence( 3533): No package ID ff found for resource ID 0xffffffff.
E/gs.intelligence( 3533): No package ID ff found for resource ID 0xffffffff.
E/gs.intelligence( 3533): No package ID ff found for resource ID 0xffffffff.
E/gs.intelligence( 3533): No package ID ff found for resource ID 0xffffffff.
E/gs.intelligence( 3533): No package ID ff found for resource ID 0xffffffff.
E/gs.intelligence( 3533): No package ID ff found for resource ID 0xffffffff.
W/IndexDataConverter( 3533): Skipping index for null-key item IndexData.Builder {title: Contactless payments,package: com.android.settings}
E/gs.intelligence( 3533): No package ID ff found for resource ID 0xffffffff.
E/gs.intelligence( 3533): No package ID ff found for resource ID 0xffffffff.
E/gs.intelligence( 3533): No package ID ff found for resource ID 0xffffffff.
E/gs.intelligence( 3533): No package ID ff found for resource ID 0xffffffff.
E/gs.intelligence( 3533): No package ID ff found for resource ID 0xffffffff.
E/gs.intelligence( 3533): No package ID ff found for resource ID 0xffffffff.
E/gs.intelligence( 3533): No package ID ff found for resource ID 0xffffffff.
E/gs.intelligence( 3533): No package ID ff found for resource ID 0xffffffff.
E/gs.intelligence( 3533): No package ID ff found for resource ID 0xffffffff.
E/gs.intelligence( 3533): No package ID ff found for resource ID 0xffffffff.
E/gs.intelligence( 3533): No package ID ff found for resource ID 0xffffffff.
E/gs.intelligence( 3533): No package ID ff found for resource ID 0xffffffff.
E/gs.intelligence( 3533): No package ID ff found for resource ID 0xffffffff.
E/gs.intelligence( 3533): No package ID ff found for resource ID 0xffffffff.
E/gs.intelligence( 3533): No package ID ff found for resource ID 0xffffffff.
E/gs.intelligence( 3533): No package ID ff found for resource ID 0xffffffff.
E/gs.intelligence( 3533): No package ID ff found for resource ID 0xffffffff.
E/gs.intelligence( 3533): No package ID ff found for resource ID 0xffffffff.
E/gs.intelligence( 3533): No package ID ff found for resource ID 0xffffffff.
E/gs.intelligence( 3533): No package ID ff found for resource ID 0xffffffff.
E/gs.intelligence( 3533): No package ID ff found for resource ID 0xffffffff.
E/gs.intelligence( 3533): No package ID ff found for resource ID 0xffffffff.
E/gs.intelligence( 3533): No package ID ff found for resource ID 0xffffffff.
E/gs.intelligence( 3533): No package ID ff found for resource ID 0xffffffff.
E/gs.intelligence( 3533): No package ID ff found for resource ID 0xffffffff.
E/gs.intelligence( 3533): No package ID ff found for resource ID 0xffffffff.
E/gs.intelligence( 3533): No package ID ff found for resource ID 0xffffffff.
E/gs.intelligence( 3533): No package ID ff found for resource ID 0xffffffff.
E/gs.intelligence( 3533): No package ID ff found for resource ID 0xffffffff.
E/gs.intelligence( 3533): No package ID ff found for resource ID 0xffffffff.
E/gs.intelligence( 3533): No package ID ff found for resource ID 0xffffffff.
E/gs.intelligence( 3533): No package ID ff found for resource ID 0xffffffff.
E/gs.intelligence( 3533): No package ID ff found for resource ID 0xffffffff.
E/gs.intelligence( 3533): No package ID ff found for resource ID 0xffffffff.
E/gs.intelligence( 3533): No package ID ff found for resource ID 0xffffffff.
E/gs.intelligence( 3533): No package ID ff found for resource ID 0xffffffff.
E/gs.intelligence( 3533): No package ID ff found for resource ID 0xffffffff.
E/gs.intelligence( 3533): No package ID ff found for resource ID 0xffffffff.
E/gs.intelligence( 3533): No package ID ff found for resource ID 0xffffffff.
E/gs.intelligence( 3533): No package ID ff found for resource ID 0xffffffff.
E/gs.intelligence( 3533): No package ID ff found for resource ID 0xffffffff.
E/gs.intelligence( 3533): No package ID ff found for resource ID 0xffffffff.
E/gs.intelligence( 3533): No package ID ff found for resource ID 0xffffffff.
E/gs.intelligence( 3533): No package ID ff found for resource ID 0xffffffff.
E/gs.intelligence( 3533): No package ID ff found for resource ID 0xffffffff.
E/gs.intelligence( 3533): No package ID ff found for resource ID 0xffffffff.
E/gs.intelligence( 3533): No package ID ff found for resource ID 0xffffffff.
E/gs.intelligence( 3533): No package ID ff found for resource ID 0xffffffff.
E/gs.intelligence( 3533): No package ID ff found for resource ID 0xffffffff.
E/gs.intelligence( 3533): No package ID ff found for resource ID 0xffffffff.
E/gs.intelligence( 3533): No package ID ff found for resource ID 0xffffffff.
E/gs.intelligence( 3533): No package ID ff found for resource ID 0xffffffff.
W/IndexDataConverter( 3533): Skipping index for null-key item IndexData.Builder {title: Dark theme,package: com.android.settings}
E/gs.intelligence( 3533): No package ID ff found for resource ID 0xffffffff.
E/gs.intelligence( 3533): No package ID ff found for resource ID 0xffffffff.
E/gs.intelligence( 3533): No package ID ff found for resource ID 0xffffffff.
E/gs.intelligence( 3533): No package ID ff found for resource ID 0xffffffff.
E/gs.intelligence( 3533): No package ID ff found for resource ID 0xffffffff.
E/gs.intelligence( 3533): No package ID ff found for resource ID 0xffffffff.
W/IndexDataConverter( 3533): Skipping index for null-key item IndexData.Builder {title: Memory Tagging Extension (MTE) makes it easier to find memory safety issues in your app and make native code in it more secure.,package: com.android.settings}
E/gs.intelligence( 3533): No package ID ff found for resource ID 0xffffffff.
E/gs.intelligence( 3533): No package ID ff found for resource ID 0xffffffff.
E/gs.intelligence( 3533): No package ID ff found for resource ID 0xffffffff.
E/gs.intelligence( 3533): No package ID ff found for resource ID 0xffffffff.
E/gs.intelligence( 3533): No package ID ff found for resource ID 0xffffffff.
E/gs.intelligence( 3533): No package ID ff found for resource ID 0xffffffff.
E/gs.intelligence( 3533): No package ID ff found for resource ID 0xffffffff.
E/gs.intelligence( 3533): No package ID ff found for resource ID 0xffffffff.
E/gs.intelligence( 3533): No package ID ff found for resource ID 0xffffffff.
E/gs.intelligence( 3533): No package ID ff found for resource ID 0xffffffff.
E/gs.intelligence( 3533): No package ID ff found for resource ID 0xffffffff.
E/gs.intelligence( 3533): No package ID ff found for resource ID 0xffffffff.
W/IndexDataConverter( 3533): Skipping index for null-key item IndexData.Builder {title: Memory Tagging Extension,package: com.android.settings}
E/gs.intelligence( 3533): No package ID ff found for resource ID 0xffffffff.
E/gs.intelligence( 3533): No package ID ff found for resource ID 0xffffffff.
E/gs.intelligence( 3533): No package ID ff found for resource ID 0xffffffff.
E/gs.intelligence( 3533): No package ID ff found for resource ID 0xffffffff.
E/gs.intelligence( 3533): No package ID ff found for resource ID 0xffffffff.
E/gs.intelligence( 3533): No package ID ff found for resource ID 0xffffffff.
E/gs.intelligence( 3533): No package ID ff found for resource ID 0xffffffff.
E/gs.intelligence( 3533): No package ID ff found for resource ID 0xffffffff.
E/gs.intelligence( 3533): No package ID ff found for resource ID 0xffffffff.
E/gs.intelligence( 3533): No package ID ff found for resource ID 0xffffffff.
E/gs.intelligence( 3533): No package ID ff found for resource ID 0xffffffff.
E/gs.intelligence( 3533): No package ID ff found for resource ID 0xffffffff.
E/gs.intelligence( 3533): No package ID ff found for resource ID 0xffffffff.
E/gs.intelligence( 3533): No package ID ff found for resource ID 0xffffffff.
E/gs.intelligence( 3533): No package ID ff found for resource ID 0xffffffff.
E/gs.intelligence( 3533): No package ID ff found for resource ID 0xffffffff.
E/gs.intelligence( 3533): No package ID ff found for resource ID 0xffffffff.
E/gs.intelligence( 3533): No package ID ff found for resource ID 0xffffffff.
E/gs.intelligence( 3533): No package ID ff found for resource ID 0xffffffff.
E/gs.intelligence( 3533): No package ID ff found for resource ID 0xffffffff.
E/gs.intelligence( 3533): No package ID ff found for resource ID 0xffffffff.
E/gs.intelligence( 3533): No package ID ff found for resource ID 0xffffffff.
E/gs.intelligence( 3533): No package ID ff found for resource ID 0xffffffff.
E/gs.intelligence( 3533): No package ID ff found for resource ID 0xffffffff.
E/gs.intelligence( 3533): No package ID ff found for resource ID 0xffffffff.
E/gs.intelligence( 3533): No package ID ff found for resource ID 0xffffffff.
E/gs.intelligence( 3533): No package ID ff found for resource ID 0xffffffff.
E/gs.intelligence( 3533): No package ID ff found for resource ID 0xffffffff.
E/gs.intelligence( 3533): No package ID ff found for resource ID 0xffffffff.
E/gs.intelligence( 3533): No package ID ff found for resource ID 0xffffffff.
E/gs.intelligence( 3533): No package ID ff found for resource ID 0xffffffff.
E/gs.intelligence( 3533): No package ID ff found for resource ID 0xffffffff.
E/gs.intelligence( 3533): No package ID ff found for resource ID 0xffffffff.
E/gs.intelligence( 3533): No package ID ff found for resource ID 0xffffffff.
E/gs.intelligence( 3533): No package ID ff found for resource ID 0xffffffff.
E/gs.intelligence( 3533): No package ID ff found for resource ID 0xffffffff.
E/gs.intelligence( 3533): No package ID ff found for resource ID 0xffffffff.
E/gs.intelligence( 3533): No package ID ff found for resource ID 0xffffffff.
E/gs.intelligence( 3533): No package ID ff found for resource ID 0xffffffff.
E/gs.intelligence( 3533): No package ID ff found for resource ID 0xffffffff.
W/IndexDataConverter( 3533): Skipping index for null-key item IndexData.Builder {title: Text-to-speech output,package: com.android.settings}
E/gs.intelligence( 3533): No package ID ff found for resource ID 0xffffffff.
E/gs.intelligence( 3533): No package ID ff found for resource ID 0xffffffff.
E/gs.intelligence( 3533): No package ID ff found for resource ID 0xffffffff.
E/gs.intelligence( 3533): No package ID ff found for resource ID 0xffffffff.
E/gs.intelligence( 3533): No package ID ff found for resource ID 0xffffffff.
E/gs.intelligence( 3533): No package ID ff found for resource ID 0xffffffff.
E/gs.intelligence( 3533): No package ID ff found for resource ID 0xffffffff.
E/gs.intelligence( 3533): No package ID ff found for resource ID 0xffffffff.
E/gs.intelligence( 3533): No package ID ff found for resource ID 0xffffffff.
E/gs.intelligence( 3533): No package ID ff found for resource ID 0xffffffff.
E/gs.intelligence( 3533): No package ID ff found for resource ID 0xffffffff.
E/gs.intelligence( 3533): No package ID ff found for resource ID 0xffffffff.
E/gs.intelligence( 3533): No package ID ff found for resource ID 0xffffffff.
E/gs.intelligence( 3533): No package ID ff found for resource ID 0xffffffff.
E/gs.intelligence( 3533): No package ID ff found for resource ID 0xffffffff.
E/gs.intelligence( 3533): No package ID ff found for resource ID 0xffffffff.
E/gs.intelligence( 3533): No package ID ff found for resource ID 0xffffffff.
E/gs.intelligence( 3533): No package ID ff found for resource ID 0xffffffff.
E/gs.intelligence( 3533): No package ID ff found for resource ID 0xffffffff.
E/gs.intelligence( 3533): No package ID ff found for resource ID 0xffffffff.
E/gs.intelligence( 3533): No package ID ff found for resource ID 0xffffffff.
E/gs.intelligence( 3533): No package ID ff found for resource ID 0xffffffff.
E/gs.intelligence( 3533): No package ID ff found for resource ID 0xffffffff.
E/gs.intelligence( 3533): No package ID ff found for resource ID 0xffffffff.
E/gs.intelligence( 3533): No package ID ff found for resource ID 0xffffffff.
E/gs.intelligence( 3533): No package ID ff found for resource ID 0xffffffff.
E/gs.intelligence( 3533): No package ID ff found for resource ID 0xffffffff.
E/gs.intelligence( 3533): No package ID ff found for resource ID 0xffffffff.
E/gs.intelligence( 3533): No package ID ff found for resource ID 0xffffffff.
E/gs.intelligence( 3533): No package ID ff found for resource ID 0xffffffff.
E/gs.intelligence( 3533): No package ID ff found for resource ID 0xffffffff.
E/gs.intelligence( 3533): No package ID ff found for resource ID 0xffffffff.
E/gs.intelligence( 3533): No package ID ff found for resource ID 0xffffffff.
E/gs.intelligence( 3533): No package ID ff found for resource ID 0xffffffff.
E/gs.intelligence( 3533): No package ID ff found for resource ID 0xffffffff.
E/gs.intelligence( 3533): No package ID ff found for resource ID 0xffffffff.
E/gs.intelligence( 3533): No package ID ff found for resource ID 0xffffffff.
E/gs.intelligence( 3533): No package ID ff found for resource ID 0xffffffff.
E/gs.intelligence( 3533): No package ID ff found for resource ID 0xffffffff.
E/gs.intelligence( 3533): No package ID ff found for resource ID 0xffffffff.
E/gs.intelligence( 3533): No package ID ff found for resource ID 0xffffffff.
E/gs.intelligence( 3533): No package ID ff found for resource ID 0xffffffff.
E/gs.intelligence( 3533): No package ID ff found for resource ID 0xffffffff.
E/gs.intelligence( 3533): No package ID ff found for resource ID 0xffffffff.
E/gs.intelligence( 3533): No package ID ff found for resource ID 0xffffffff.
E/gs.intelligence( 3533): No package ID ff found for resource ID 0xffffffff.
E/gs.intelligence( 3533): No package ID ff found for resource ID 0xffffffff.
E/gs.intelligence( 3533): No package ID ff found for resource ID 0xffffffff.
E/gs.intelligence( 3533): No package ID ff found for resource ID 0xffffffff.
E/gs.intelligence( 3533): No package ID ff found for resource ID 0xffffffff.
E/gs.intelligence( 3533): No package ID ff found for resource ID 0xffffffff.
E/gs.intelligence( 3533): No package ID ff found for resource ID 0xffffffff.
E/gs.intelligence( 3533): No package ID ff found for resource ID 0xffffffff.
E/gs.intelligence( 3533): No package ID ff found for resource ID 0xffffffff.
E/gs.intelligence( 3533): No package ID ff found for resource ID 0xffffffff.
E/gs.intelligence( 3533): No package ID ff found for resource ID 0xffffffff.
W/IndexDataConverter( 3533): Skipping index for null-key item IndexData.Builder {title: null,package: com.android.settings}
E/gs.intelligence( 3533): No package ID ff found for resource ID 0xffffffff.
E/gs.intelligence( 3533): No package ID ff found for resource ID 0xffffffff.
E/gs.intelligence( 3533): No package ID ff found for resource ID 0xffffffff.
E/gs.intelligence( 3533): No package ID ff found for resource ID 0xffffffff.
E/gs.intelligence( 3533): No package ID ff found for resource ID 0xffffffff.
E/gs.intelligence( 3533): No package ID ff found for resource ID 0xffffffff.
E/gs.intelligence( 3533): No package ID ff found for resource ID 0xffffffff.
E/gs.intelligence( 3533): No package ID ff found for resource ID 0xffffffff.
E/gs.intelligence( 3533): No package ID ff found for resource ID 0xffffffff.
E/gs.intelligence( 3533): No package ID ff found for resource ID 0xffffffff.
E/gs.intelligence( 3533): No package ID ff found for resource ID 0xffffffff.
E/gs.intelligence( 3533): No package ID ff found for resource ID 0xffffffff.
E/gs.intelligence( 3533): No package ID ff found for resource ID 0xffffffff.
E/gs.intelligence( 3533): No package ID ff found for resource ID 0xffffffff.
E/gs.intelligence( 3533): No package ID ff found for resource ID 0xffffffff.
E/gs.intelligence( 3533): No package ID ff found for resource ID 0xffffffff.
E/gs.intelligence( 3533): No package ID ff found for resource ID 0xffffffff.
E/gs.intelligence( 3533): No package ID ff found for resource ID 0xffffffff.
E/gs.intelligence(
