$ dumpsys activity services
[exit=0]
ACTIVITY MANAGER SERVICES (dumpsys activity services)
  User 0 active services:
  * ServiceRecord{f1cc6bc u0 com.google.android.gms/.ads.identifier.service.AdvertisingIdService}
    intent={act=com.google.android.gms.ads.identifier.service.START pkg=com.google.android.gms}
    packageName=com.google.android.gms
    processName=com.google.android.gms
    baseDir=/product/priv-app/PrebuiltGmsCore/PrebuiltGmsCore.apk
    dataDir=/data/user/0/com.google.android.gms
    app=ProcessRecord{8311310 5144:com.google.android.gms/u0a128}
    mAllowWhileInUsePermissionInFgsReason=DENIED
    allowUiJobScheduling=false
    recentCallingPackage=com.google.android.apps.youtube.music
    recentCallingUid=10155
    allowStartForeground=DENIED
    startForegroundCount=0
    infoAllowStartForeground=[callingPackage: com.google.android.apps.youtube.music; callingUid: 10155; uidState: CEM ; uidBFSL: n/a; intent: Intent { act=com.google.android.gms.ads.identifier.service.START pkg=com.google.android.gms }; code:DENIED; tempAllowListReason:<null>; targetSdkVersion:33; callerTargetSdkVersion:33; startForegroundCount:0; bindFromPackage:null: isBindService:true]
    createTime=-5m58s823ms startingBgTimeout=--
    lastActivity=-5m58s823ms restartTime=-5m58s823ms createdFromFg=false
    Bindings:
    * IntentBindRecord{e4ec06b CREATE}:
      intent={act=com.google.android.gms.ads.identifier.service.START pkg=com.google.android.gms}
      binder=android.os.BinderProxy@3eab7c8
      requested=true received=true hasBound=true doRebind=false
      * Client AppBindRecord{b9f6061 ProcessRecord{12e5d74 1854:com.google.android.apps.youtube.music/u0a155}}
        Per-process Connections:
          ConnectionRecord{31ca2af u0 CR com.google.android.gms/.ads.identifier.service.AdvertisingIdService:@2917a8e flags=0x1}
    All Connections:
      ConnectionRecord{31ca2af u0 CR com.google.android.gms/.ads.identifier.service.AdvertisingIdService:@2917a8e flags=0x1}

  * ServiceRecord{34e0401 u0 com.google.android.bluetooth/com.android.bluetooth.hid.HidDeviceService}
    intent={cmp=com.google.android.bluetooth/com.android.bluetooth.hid.HidDeviceService}
    packageName=com.google.android.bluetooth
    processName=com.google.android.bluetooth
    baseDir=/apex/com.android.btservices/app/BluetoothGoogle@340815010/BluetoothGoogle.apk
    dataDir=/data/user_de/0/com.google.android.bluetooth
    app=ProcessRecord{addf686 10030:com.google.android.bluetooth/1002}
    mAllowWhileInUsePermissionInFgsReason=PROC_STATE_PERSISTENT
    allowUiJobScheduling=false
    recentCallingPackage=android
    recentCallingUid=10168
    allowStartForeground=PROC_STATE_PERSISTENT
    startForegroundCount=0
    infoAllowStartForeground=[callingPackage: com.google.android.bluetooth; callingUid: 1002; uidState: PER ; uidBFSL: [BFSL]; intent: Intent { cmp=com.google.android.bluetooth/com.android.bluetooth.hid.HidDeviceService (has extras) }; code:PROC_STATE_PERSISTENT; tempAllowListReason:<886f7ce android.bluetooth.adapter.action.STATE_CHANGED/u-1,reasonCode:BLUETOOTH_BROADCAST,duration:10000,callingUid:1000>; targetSdkVersion:34; callerTargetSdkVersion:34; startForegroundCount:0; bindFromPackage:null: isBindService:false]
    createTime=-6m59s32ms startingBgTimeout=--
    lastActivity=-6m59s32ms restartTime=-6m59s32ms createdFromFg=true
    startRequested=true delayedStop=false stopIfKilled=true callStart=true lastStartId=1
 startCommandResult=2
    Bindings:
    * IntentBindRecord{e3fc786}:
      intent={act=android.bluetooth.IBluetoothHidDevice cmp=com.google.android.bluetooth/com.android.bluetooth.hid.HidDeviceService}
      binder=android.os.BinderProxy@796f847
      requested=true received=true hasBound=true doRebind=false
      * Client AppBindRecord{8d78874 ProcessRecord{d3c41bf 542:system/1000}}
        Per-process Connections:
          ConnectionRecord{2e47635 u0 com.google.android.bluetooth/com.android.bluetooth.hid.HidDeviceService:@b69f06c flags=0x0}
    All Connections:
      ConnectionRecord{2e47635 u0 com.google.android.bluetooth/com.android.bluetooth.hid.HidDeviceService:@b69f06c flags=0x0}

  * ServiceRecord{40c0952 u0 com.google.android.apps.messaging/com.google.android.ims.service.JibeService}
    intent={cmp=com.google.android.apps.messaging/com.google.android.ims.service.JibeService}
    packageName=com.google.android.apps.messaging
    processName=com.google.android.apps.messaging:rcs
    baseDir=/product/priv-app/PrebuiltBugle/PrebuiltBugle.apk
    dataDir=/data/user/0/com.google.android.apps.messaging
    app=ProcessRecord{16b54b5 4751:com.google.android.apps.messaging:rcs/u0a131}
    mAllowWhileInUsePermissionInFgsReason=DENIED
    allowUiJobScheduling=false
    recentCallingPackage=com.google.android.apps.messaging
    recentCallingUid=10131
    allowStartForeground=PROC_STATE_BFGS
    startForegroundCount=0
    infoAllowStartForeground=[callingPackage: com.google.android.apps.messaging; callingUid: 10131; uidState: BFGS; uidBFSL: [BFSL]; intent: Intent { cmp=com.google.android.apps.messaging/com.google.android.ims.service.JibeService }; code:PROC_STATE_BFGS; tempAllowListReason:<null>; targetSdkVersion:34; callerTargetSdkVersion:34; startForegroundCount:0; bindFromPackage:null: isBindService:false]
    createTime=-55m23s541ms startingBgTimeout=--
    lastActivity=-21m29s762ms restartTime=-55m23s541ms createdFromFg=true
    startRequested=true delayedStop=false stopIfKilled=false callStart=true lastStartId=1
 startCommandResult=1
    Bindings:
    * IntentBindRecord{8b000fa}:
      intent={act=com.google.android.ims.rcs.engine.IRcsEngineTemporaryController cmp=com.google.android.apps.messaging/com.google.android.ims.service.JibeService}
      binder=android.os.BinderProxy@e98c6ab
      requested=true received=true hasBound=false doRebind=false

  * ServiceRecord{59f3b16 u0 com.google.android.networkstack.tethering/com.android.networkstack.tethering.TetheringService}
    intent={act=android.net.ITetheringConnector cmp=com.google.android.networkstack.tethering/com.android.networkstack.tethering.TetheringService}
    packageName=com.google.android.networkstack.tethering
    processName=com.android.networkstack.process
    permission=android.permission.MAINLINE_NETWORK_STACK
    baseDir=/apex/com.android.tethering/priv-app/TetheringGoogle@340818080/TetheringGoogle.apk
    dataDir=/data/user_de/0/com.google.android.networkstack.tethering
    app=ProcessRecord{9482e98 1059:com.android.networkstack.process/1073}
    mAllowWhileInUsePermissionInFgsReason=PROC_STATE_PERSISTENT
    allowUiJobScheduling=false
    recentCallingPackage=android
    recentCallingUid=1000
    allowStartForeground=PROC_STATE_PERSISTENT
    startForegroundCount=0
    infoAllowStartForeground=[callingPackage: android; callingUid: 1000; uidState: PER ; uidBFSL: [BFSL]; intent: Intent { act=android.net.ITetheringConnector cmp=com.google.android.networkstack.tethering/com.android.networkstack.tethering.TetheringService }; code:PROC_STATE_PERSISTENT; tempAllowListReason:<null>; targetSdkVersion:34; callerTargetSdkVersion:34; startForegroundCount:0; bindFromPackage:null: isBindService:true]
    createTime=-55m52s268ms startingBgTimeout=--
    lastActivity=-55m52s246ms restartTime=-55m52s246ms createdFromFg=true
    Bindings:
    * IntentBindRecord{6d6e108 CREATE}:
      intent={act=android.net.ITetheringConnector cmp=com.google.android.networkstack.tethering/com.android.networkstack.tethering.TetheringService}
      binder=android.os.BinderProxy@63e70a1
      requested=true received=true hasBound=true doRebind=false
      * Client AppBindRecord{c6d32c6 ProcessRecord{d3c41bf 542:system/1000}}
        Per-process Connections:
          ConnectionRecord{d136d86 u0 CR IMP com.google.android.networkstack.tethering/com.android.networkstack.tethering.TetheringService:@481de61 flags=0x41}
    All Connections:
      ConnectionRecord{d136d86 u0 CR IMP com.google.android.networkstack.tethering/com.android.networkstack.tethering.TetheringService:@481de61 flags=0x41}

  * ServiceRecord{77fad83 u0 com.google.android.gms/.nearby.sharing.ReceiveSurfaceService}
    intent={cmp=com.google.android.gms/.nearby.sharing.ReceiveSurfaceService}
    packageName=com.google.android.gms
    processName=com.google.android.gms.persistent
    baseDir=/product/priv-app/PrebuiltGmsCore/PrebuiltGmsCore.apk
    dataDir=/data/user/0/com.google.android.gms
    app=ProcessRecord{d686e4d 5045:com.google.android.gms.persistent/u0a128}
    mAllowWhileInUsePermissionInFgsReason=ACTIVITY_STARTER
    allowUiJobScheduling=false
    recentCallingPackage=com.google.android.gms
    recentCallingUid=10128
    allowStartForeground=ACTIVITY_STARTER
    startForegroundCount=0
    infoAllowStartForeground=[callingPackage: com.google.android.gms; callingUid: 10128; uidState: BTOP; uidBFSL: [BFSL]; intent: Intent { cmp=com.google.android.gms/.nearby.sharing.ReceiveSurfaceService }; code:ACTIVITY_STARTER; tempAllowListReason:<,reasonCode:SYSTEM_ALLOW_LISTED,duration:9223372036854775807,callingUid:-1>; targetSdkVersion:33; callerTargetSdkVersion:33; startForegroundCount:0; bindFromPackage:null: isBindService:false]
    createTime=-55m43s426ms startingBgTimeout=--
    lastActivity=-49m52s426ms restartTime=-55m25s698ms createdFromFg=false
    startRequested=true delayedStop=false stopIfKilled=false callStart=true lastStartId=8
 startCommandResult=1
    restartCount=1 restartDelay=-52m44s739ms nextRestartTime=-51m54s773ms crashCount=0

  * ServiceRecord{3b7fa68 u0 com.google.android.gms/.icing.service.AppIndexingService}
    intent={act=com.google.android.gms.icing.APP_INDEXING_SERVICE pkg=com.google.android.gms}
    packageName=com.google.android.gms
    processName=com.google.android.gms
    baseDir=/product/priv-app/PrebuiltGmsCore/PrebuiltGmsCore.apk
    dataDir=/data/user/0/com.google.android.gms
    app=ProcessRecord{8311310 5144:com.google.android.gms/u0a128}
    mAllowWhileInUsePermissionInFgsReason=BACKGROUND_ACTIVITY_PERMISSION
    allowUiJobScheduling=false
    recentCallingPackage=com.google.android.gms
    recentCallingUid=10128
    allowStartForeground=BACKGROUND_ACTIVITY_PERMISSION
    startForegroundCount=0
    infoAllowStartForeground=[callingPackage: com.google.android.gms; callingUid: 10128; uidState: BTOP; uidBFSL: [BFSL]; intent: Intent { act=com.google.android.gms.icing.APP_INDEXING_SERVICE pkg=com.google.android.gms }; code:BACKGROUND_ACTIVITY_PERMISSION; tempAllowListReason:<,reasonCode:SYSTEM_ALLOW_LISTED,duration:9223372036854775807,callingUid:-1>; targetSdkVersion:33; callerTargetSdkVersion:33; startForegroundCount:0; bindFromPackage:null: isBindService:true]
    createTime=-2m6s92ms startingBgTimeout=--
    lastActivity=-16s646ms restartTime=-2m6s92ms createdFromFg=true
    Bindings:
    * IntentBindRecord{d10a19d CREATE}:
      intent={act=com.google.android.gms.icing.APP_INDEXING_SERVICE pkg=com.google.android.gms}
      binder=android.os.BinderProxy@dc0d612
      requested=true received=true hasBound=true doRebind=false
      * Client AppBindRecord{40d1e3 ProcessRecord{d686e4d 5045:com.google.android.gms.persistent/u0a128}}
        Per-process Connections:
          ConnectionRecord{c12e98b u0 CR WACT CAPS com.google.android.gms/.icing.service.AppIndexingService:@bc3635a flags=0x1081}
    All Connections:
      ConnectionRecord{c12e98b u0 CR WACT CAPS com.google.android.gms/.icing.service.AppIndexingService:@bc3635a flags=0x1081}

  * ServiceRecord{72856c8 u0 com.google.android.gms/.deviceconnection.service.DeviceConnectionWatcherService}
    intent={cmp=com.google.android.gms/.deviceconnection.service.DeviceConnectionWatcherService}
    packageName=com.google.android.gms
    processName=com.google.android.gms.persistent
    baseDir=/product/priv-app/PrebuiltGmsCore/PrebuiltGmsCore.apk
    dataDir=/data/user/0/com.google.android.gms
    app=ProcessRecord{d686e4d 5045:com.google.android.gms.persistent/u0a128}
    mAllowWhileInUsePermissionInFgsReason=ACTIVITY_STARTER
    allowUiJobScheduling=false
    recentCallingPackage=com.google.android.gms
    recentCallingUid=10128
    allowStartForeground=ACTIVITY_STARTER
    startForegroundCount=0
    infoAllowStartForeground=[callingPackage: com.google.android.gms; callingUid: 10128; uidState: BTOP; uidBFSL: [BFSL]; intent: Intent { cmp=com.google.android.gms/.deviceconnection.service.DeviceConnectionWatcherService }; code:ACTIVITY_STARTER; tempAllowListReason:<,reasonCode:SYSTEM_ALLOW_LISTED,duration:9223372036854775807,callingUid:-1>; targetSdkVersion:33; callerTargetSdkVersion:33; startForegroundCount:0; bindFromPackage:null: isBindService:false]
    createTime=-55m41s839ms startingBgTimeout=--
    lastActivity=-55m25s698ms restartTime=-55m25s698ms createdFromFg=false
    startRequested=true delayedStop=false stopIfKilled=false callStart=true lastStartId=3
 startCommandResult=1
    restartCount=1 restartDelay=-52m24s743ms nextRestartTime=-51m34s773ms crashCount=0

  * ServiceRecord{c7ac68f u0 com.android.systemui/.keyguard.KeyguardService}
    intent={cmp=com.android.systemui/.keyguard.KeyguardService}
    packageName=com.android.systemui
    processName=com.android.systemui
    baseDir=/system_ext/priv-app/SystemUIGoogle/SystemUIGoogle.apk
    dataDir=/data/user_de/0/com.android.systemui
    app=ProcessRecord{baf34ae 885:com.android.systemui/u0a168}
    mAllowWhileInUsePermissionInFgsReason=PROC_STATE_PERSISTENT
    allowUiJobScheduling=false
    recentCallingPackage=android
    recentCallingUid=1000
    allowStartForeground=PROC_STATE_PERSISTENT
    startForegroundCount=0
    infoAllowStartForeground=[callingPackage: android; callingUid: 1000; uidState: PER ; uidBFSL: [BFSL]; intent: Intent { flg=0x100 cmp=com.android.systemui/.keyguard.KeyguardService }; code:PROC_STATE_PERSISTENT; tempAllowListReason:<null>; targetSdkVersion:34; callerTargetSdkVersion:34; startForegroundCount:0; bindFromPackage:null: isBindService:true]
    createTime=-55m51s990ms startingBgTimeout=--
    lastActivity=-55m51s990ms restartTime=-55m51s990ms createdFromFg=true
    Bindings:
    * IntentBindRecord{559d49e CREATE}:
      intent={flg=0x100 cmp=com.android.systemui/.keyguard.KeyguardService}
      binder=android.os.BinderProxy@63bdb7f
      requested=true received=true hasBound=true doRebind=false
      * Client AppBindRecord{797574c ProcessRecord{d3c41bf 542:system/1000}}
        Per-process Connections:
          ConnectionRecord{c8441ee u0 CR com.android.systemui/.keyguard.KeyguardService:@e292369 flags=0x1}
    All Connections:
      ConnectionRecord{c8441ee u0 CR com.android.systemui/.keyguard.KeyguardService:@e292369 flags=0x1}

  * ServiceRecord{a5a5fc u0 com.google.android.bluetooth/com.android.bluetooth.hfp.HeadsetService}
    intent={cmp=com.google.android.bluetooth/com.android.bluetooth.hfp.HeadsetService}
    packageName=com.google.android.bluetooth
    processName=com.google.android.bluetooth
    baseDir=/apex/com.android.btservices/app/BluetoothGoogle@340815010/BluetoothGoogle.apk
    dataDir=/data/user_de/0/com.google.android.bluetooth
    app=ProcessRecord{addf686 10030:com.google.android.bluetooth/1002}
    mAllowWhileInUsePermissionInFgsReason=PROC_STATE_PERSISTENT
    allowUiJobScheduling=false
    recentCallingPackage=android
    recentCallingUid=1000
    allowStartForeground=PROC_STATE_PERSISTENT
    startForegroundCount=0
    infoAllowStartForeground=[callingPackage: com.google.android.bluetooth; callingUid: 1002; uidState: PER ; uidBFSL: [BFSL]; intent: Intent { cmp=com.google.android.bluetooth/com.android.bluetooth.hfp.HeadsetService (has extras) }; code:PROC_STATE_PERSISTENT; tempAllowListReason:<886f7ce android.bluetooth.adapter.action.STATE_CHANGED/u-1,reasonCode:BLUETOOTH_BROADCAST,duration:10000,callingUid:1000>; targetSdkVersion:34; callerTargetSdkVersion:34; startForegroundCount:0; bindFromPackage:null: isBindService:false]
    createTime=-6m59s33ms startingBgTimeout=--
    lastActivity=-6m59s33ms restartTime=-6m59s33ms createdFromFg=true
    startRequested=true delayedStop=false stopIfKilled=true callStart=true lastStartId=1
 startCommandResult=2
    Bindings:
    * IntentBindRecord{41eb7e0}:
      intent={act=android.bluetooth.IBluetoothHeadset cmp=com.google.android.bluetooth/com.android.bluetooth.hfp.HeadsetService}
      binder=android.os.BinderProxy@45aba99
      requested=true received=true hasBound=true doRebind=false
      * Client AppBindRecord{ad2415e ProcessRecord{d3c41bf 542:system/1000}}
        Per-process Connections:
          ConnectionRecord{2d8ae0d u0 com.google.android.bluetooth/com.android.bluetooth.hfp.HeadsetService:@11f40a4 flags=0x0}
    All Connections:
      ConnectionRecord{2d8ae0d u0 com.google.android.bluetooth/com.android.bluetooth.hfp.HeadsetService:@11f40a4 flags=0x0}

  * ServiceRecord{87722fd u0 com.google.android.as/com.google.android.apps.miphone.aiai.app.AiAiAugmentedAutofillService}
    intent={act=android.service.autofill.augmented.AugmentedAutofillService cmp=com.google.android.as/com.google.android.apps.miphone.aiai.app.AiAiAugmentedAutofillService}
    packageName=com.google.android.as
    processName=com.google.android.as
    permission=android.permission.BIND_AUGMENTED_AUTOFILL_SERVICE
    baseDir=/product/priv-app/DevicePersonalizationPrebuiltPixel2021/DevicePersonalizationPrebuiltPixel2021.apk
    dataDir=/data/user/0/com.google.android.as
    app=ProcessRecord{487a3bd 1703:com.google.android.as/u0a127}
    mAllowWhileInUsePermissionInFgsReason=PROC_STATE_PERSISTENT
    allowUiJobScheduling=false
    recentCallingPackage=android
    recentCallingUid=1000
    allowStartForeground=PROC_STATE_PERSISTENT
    startForegroundCount=0
    infoAllowStartForeground=[callingPackage: android; callingUid: 1000; uidState: PER ; uidBFSL: [BFSL]; intent: Intent { act=android.service.autofill.augmented.AugmentedAutofillService cmp=com.google.android.as/com.google.android.apps.miphone.aiai.app.AiAiAugmentedAutofillService }; code:PROC_STATE_PERSISTENT; tempAllowListReason:<a992e06 android.intent.action.LOCKED_BOOT_COMPLETED/u0,reasonCode:LOCKED_BOOT_COMPLETED,duration:20000,callingUid:1000>; targetSdkVersion:34; callerTargetSdkVersion:34; startForegroundCount:0; bindFromPackage:null: isBindService:true]
    createTime=-55m49s274ms startingBgTimeout=--
    lastActivity=-50m47s479ms restartTime=-55m49s274ms createdFromFg=true
    Bindings:
    * IntentBindRecord{cabbb77 CREATE}:
      intent={act=android.service.autofill.augmented.AugmentedAutofillService cmp=com.google.android.as/com.google.android.apps.miphone.aiai.app.AiAiAugmentedAutofillService}
      binder=android.os.BinderProxy@d4743e4
      requested=true received=true hasBound=true doRebind=false
      * Client AppBindRecord{45f904d ProcessRecord{d3c41bf 542:system/1000}}
        Per-process Connections:
          ConnectionRecord{8204a4d u0 CR com.google.android.as/com.google.android.apps.miphone.aiai.app.AiAiAugmentedAutofillService:@d0ea5e4 flags=0x1}
          ConnectionRecord{f6bb354 u0 CR com.google.android.as/com.google.android.apps.miphone.aiai.app.AiAiAugmentedAutofillService:@f4782a7 flags=0x1}
    All Connections:
      ConnectionRecord{8204a4d u0 CR com.google.android.as/com.google.android.apps.miphone.aiai.app.AiAiAugmentedAutofillService:@d0ea5e4 flags=0x1}
      ConnectionRecord{f6bb354 u0 CR com.google.android.as/com.google.android.apps.miphone.aiai.app.AiAiAugmentedAutofillService:@f4782a7 flags=0x1}

  * ServiceRecord{b91f4ee u0 com.google.android.as/com.google.android.apps.miphone.aiai.captions.SystemCaptionsManagerService}
    intent={act=android.service.systemcaptions.SystemCaptionsManagerService cmp=com.google.android.as/com.google.android.apps.miphone.aiai.captions.SystemCaptionsManagerService}
    packageName=com.google.android.as
    processName=com.google.android.as
    baseDir=/product/priv-app/DevicePersonalizationPrebuiltPixel2021/DevicePersonalizationPrebuiltPixel2021.apk
    dataDir=/data/user/0/com.google.android.as
    app=ProcessRecord{487a3bd 1703:com.google.android.as/u0a127}
    mAllowWhileInUsePermissionInFgsReason=PROC_STATE_PERSISTENT
    allowUiJobScheduling=false
    recentCallingPackage=android
    recentCallingUid=1000
    allowStartForeground=PROC_STATE_PERSISTENT
    startForegroundCount=0
    infoAllowStartForeground=[callingPackage: android; callingUid: 1000; uidState: PER ; uidBFSL: [BFSL]; intent: Intent { act=android.service.systemcaptions.SystemCaptionsManagerService cmp=com.google.android.as/com.google.android.apps.miphone.aiai.captions.SystemCaptionsManagerService }; code:PROC_STATE_PERSISTENT; tempAllowListReason:<a992e06 android.intent.action.LOCKED_BOOT_COMPLETED/u0,reasonCode:LOCKED_BOOT_COMPLETED,duration:20000,callingUid:1000>; targetSdkVersion:34; callerTargetSdkVersion:34; startForegroundCount:0; bindFromPackage:null: isBindService:true]
    createTime=-55m49s187ms startingBgTimeout=--
    lastActivity=-55m49s187ms restartTime=-55m49s187ms createdFromFg=true
    Bindings:
    * IntentBindRecord{3361702 CREATE}:
      intent={act=android.service.systemcaptions.SystemCaptionsManagerService cmp=com.google.android.as/com.google.android.apps.miphone.aiai.captions.SystemCaptionsManagerService}
      binder=null
      requested=true received=true hasBound=true doRebind=false
      * Client AppBindRecord{6969813 ProcessRecord{d3c41bf 542:system/1000}}
        Per-process Connections:
          ConnectionRecord{ce1c269 u0 CR FGS CAPS com.google.android.as/com.google.android.apps.miphone.aiai.captions.SystemCaptionsManagerService:@ae0bcf0 flags=0x4001001}
    All Connections:
      ConnectionRecord{ce1c269 u0 CR FGS CAPS com.google.android.as/com.google.android.apps.miphone.aiai.captions.SystemCaptionsManagerService:@ae0bcf0 flags=0x4001001}

  * ServiceRecord{fe19b39 u0 com.google.android.as/com.google.android.apps.miphone.aiai.common.superpacks.impl.AiAiSuperpacksService}
    intent={cmp=com.google.android.as/com.google.android.apps.miphone.aiai.common.superpacks.impl.AiAiSuperpacksService}
    packageName=com.google.android.as
    processName=com.google.android.as
    baseDir=/product/priv-app/DevicePersonalizationPrebuiltPixel2021/DevicePersonalizationPrebuiltPixel2021.apk
    dataDir=/data/user/0/com.google.android.as
    app=ProcessRecord{487a3bd 1703:com.google.android.as/u0a127}
    mAllowWhileInUsePermissionInFgsReason=BACKGROUND_ACTIVITY_PERMISSION
    allowUiJobScheduling=false
    recentCallingPackage=com.google.android.as
    recentCallingUid=10127
    allowStartForeground=BACKGROUND_ACTIVITY_PERMISSION
    startForegroundCount=0
    infoAllowStartForeground=[callingPackage: com.google.android.as; callingUid: 10127; uidState: BFGS; uidBFSL: [BFSL]; intent: Intent { cmp=com.google.android.as/com.google.android.apps.miphone.aiai.common.superpacks.impl.AiAiSuperpacksService }; code:BACKGROUND_ACTIVITY_PERMISSION; tempAllowListReason:<null>; targetSdkVersion:34; callerTargetSdkVersion:34; startForegroundCount:0; bindFromPackage:null: isBindService:true]
    createTime=-55m49s198ms startingBgTimeout=--
    lastActivity=-55m47s499ms restartTime=-55m49s197ms createdFromFg=true
    Bindings:
    * IntentBindRecord{226ba50 CREATE}:
      intent={cmp=com.google.android.as/com.google.android.apps.miphone.aiai.common.superpacks.impl.AiAiSuperpacksService}
      binder=android.os.BinderProxy@121e449
      requested=true received=true hasBound=true doRebind=false
      * Client AppBindRecord{872a14e ProcessRecord{487a3bd 1703:com.google.android.as/u0a127}}
        Per-process Connections:
          ConnectionRecord{2a67b88 u0 CR com.google.android.as/com.google.android.apps.miphone.aiai.common.superpacks.impl.AiAiSuperpacksService:@d43b2b flags=0x1}
          ConnectionRecord{4283700 u0 CR com.google.android.as/com.google.android.apps.miphone.aiai.common.superpacks.impl.AiAiSuperpacksService:@9d25983 flags=0x1}
    All Connections:
      ConnectionRecord{2a67b88 u0 CR com.google.android.as/com.google.android.apps.miphone.aiai.common.superpacks.impl.AiAiSuperpacksService:@d43b2b flags=0x1}
      ConnectionRecord{4283700 u0 CR com.google.android.as/com.google.android.apps.miphone.aiai.common.superpacks.impl.AiAiSuperpacksService:@9d25983 flags=0x1}

  * ServiceRecord{b54a356 u0 com.google.android.gms/.auth.setup.devicesignals.LockScreenService}
    intent={cmp=com.google.android.gms/.auth.setup.devicesignals.LockScreenService}
    packageName=com.google.android.gms
    processName=com.google.android.gms.persistent
    baseDir=/product/priv-app/PrebuiltGmsCore/PrebuiltGmsCore.apk
    dataDir=/data/user/0/com.google.android.gms
    app=ProcessRecord{d686e4d 5045:com.google.android.gms.persistent/u0a128}
    mAllowWhileInUsePermissionInFgsReason=ACTIVITY_STARTER
    allowUiJobScheduling=false
    recentCallingPackage=com.google.android.gms
    recentCallingUid=10128
    allowStartForeground=ACTIVITY_STARTER
    startForegroundCount=0
    infoAllowStartForeground=[callingPackage: com.google.android.gms; callingUid: 10128; uidState: BTOP; uidBFSL: [BFSL]; intent: Intent { cmp=com.google.android.gms/.auth.setup.devicesignals.LockScreenService (has extras) }; code:ACTIVITY_STARTER; tempAllowListReason:<,reasonCode:SYSTEM_ALLOW_LISTED,duration:9223372036854775807,callingUid:-1>; targetSdkVersion:33; callerTargetSdkVersion:33; startForegroundCount:0; bindFromPackage:null: isBindService:false]
    createTime=-55m45s801ms startingBgTimeout=--
    lastActivity=-55m25s700ms restartTime=-55m25s700ms createdFromFg=false
    startRequested=true delayedStop=false stopIfKilled=false callStart=true lastStartId=4
 startCommandResult=1
    restartCount=1 restartDelay=-53m44s738ms nextRestartTime=-52m54s773ms crashCount=0

  * ServiceRecord{c19cfe u0 com.google.android.gms/.gcm.GcmService}
    intent={pkg=com.google.android.gms cmp=com.google.android.gms/.gcm.GcmService}
    packageName=com.google.android.gms
    processName=com.google.android.gms.persistent
    permission=com.google.android.gtalkservice.permission.GTALK_SERVICE
    baseDir=/product/priv-app/PrebuiltGmsCore/PrebuiltGmsCore.apk
    dataDir=/data/user/0/com.google.android.gms
    app=ProcessRecord{d686e4d 5045:com.google.android.gms.persistent/u0a128}
    mAllowWhileInUsePermissionInFgsReason=ACTIVITY_STARTER
    allowUiJobScheduling=false
    recentCallingPackage=com.google.android.gms
    recentCallingUid=10128
    allowStartForeground=ACTIVITY_STARTER
    startForegroundCount=0
    infoAllowStartForeground=[callingPackage: com.google.android.gms; callingUid: 10128; uidState: BTOP; uidBFSL: [BFSL]; intent: Intent { flg=0x89000010 pkg=com.google.android.gms cmp=com.google.android.gms/.gcm.GcmService (has extras) }; code:ACTIVITY_STARTER; tempAllowListReason:<,reasonCode:SYSTEM_ALLOW_LISTED,duration:9223372036854775807,callingUid:-1>; targetSdkVersion:33; callerTargetSdkVersion:33; startForegroundCount:0; bindFromPackage:null: isBindService:false]
    createTime=-55m47s973ms startingBgTimeout=--
    lastActivity=-55m9s127ms restartTime=-55m25s695ms createdFromFg=false
    startRequested=true delayedStop=false stopIfKilled=false callStart=true lastStartId=12
 startCommandResult=1
    restartCount=1 restartDelay=-50m54s744ms nextRestartTime=-50m4s773ms crashCount=0

  * ServiceRecord{cd9b548 u0 com.google.android.gms/.chimera.PersistentApiServiceNoInstantApps}
    intent={act=com.google.android.chimera.BoundService.START dat=chimera-action:com.google.android.gms.nearby.sharing.START_SERVICE cmp=com.google.android.gms/.chimera.PersistentApiServiceNoInstantApps}
    packageName=com.google.android.gms
    processName=com.google.android.gms.persistent
    baseDir=/product/priv-app/PrebuiltGmsCore/PrebuiltGmsCore.apk
    dataDir=/data/user/0/com.google.android.gms
    app=ProcessRecord{d686e4d 5045:com.google.android.gms.persistent/u0a128}
    mAllowWhileInUsePermissionInFgsReason=BACKGROUND_ACTIVITY_PERMISSION
    allowUiJobScheduling=false
    recentCallingPackage=com.google.android.gms
    recentCallingUid=10128
    allowStartForeground=BACKGROUND_ACTIVITY_PERMISSION
    startForegroundCount=0
    infoAllowStartForeground=[callingPackage: com.google.android.gms; callingUid: 10128; uidState: BTOP; uidBFSL: [BFSL]; intent: Intent { act=com.google.android.chimera.BoundService.START dat=chimera-action: cmp=com.google.android.gms/.chimera.PersistentApiServiceNoInstantApps }; code:BACKGROUND_ACTIVITY_PERMISSION; tempAllowListReason:<,reasonCode:SYSTEM_ALLOW_LISTED,duration:9223372036854775807,callingUid:-1>; targetSdkVersion:33; callerTargetSdkVersion:33; startForegroundCount:0; bindFromPackage:null: isBindService:true]
    createTime=-55m25s521ms startingBgTimeout=--
    lastActivity=-15s807ms restartTime=-55m25s521ms createdFromFg=true
    Bindings:
    * IntentBindRecord{648a26f CREATE}:
      intent={act=com.google.android.chimera.BoundService.START dat=chimera-action:com.google.android.gms.nearby.sharing.START_SERVICE cmp=com.google.android.gms/.chimera.PersistentApiServiceNoInstantApps}
      binder=android.os.BinderProxy@f452b7c
      requested=true received=true hasBound=true doRebind=false
      * Client AppBindRecord{19b7c05 ProcessRecord{d686e4d 5045:com.google.android.gms.persistent/u0a128}}
        Per-process Connections:
          ConnectionRecord{8cd43eb u0 CR WACT CAPS com.google.android.gms/.chimera.PersistentApiServiceNoInstantApps:@19f2b3a flags=0x1081}
    * IntentBindRecord{fdb845a}:
      intent={act=com.google.android.chimera.BoundService.START dat=chimera-action:com.google.android.gms.nearby.exposurenotification.START cmp=com.google.android.gms/.chimera.PersistentApiServiceNoInstantApps}
      binder=android.os.BinderProxy@a66f68b
      requested=true received=true hasBound=false doRebind=false
    All Connections:
      ConnectionRecord{8cd43eb u0 CR WACT CAPS com.google.android.gms/.chimera.PersistentApiServiceNoInstantApps:@19f2b3a flags=0x1081}

  * ServiceRecord{bc2bd4b u0 com.google.android.gms/.clearcut.debug.ClearcutDebugDumpService}
    intent={cmp=com.google.android.gms/.clearcut.debug.ClearcutDebugDumpService}
    packageName=com.google.android.gms
    processName=com.google.android.gms.persistent
    baseDir=/product/priv-app/PrebuiltGmsCore/PrebuiltGmsCore.apk
    dataDir=/data/user/0/com.google.android.gms
    app=ProcessRecord{d686e4d 5045:com.google.android.gms.persistent/u0a128}
    mAllowWhileInUsePermissionInFgsReason=ACTIVITY_STARTER
    allowUiJobScheduling=false
    recentCallingPackage=com.google.android.gms
    recentCallingUid=10128
    allowStartForeground=ACTIVITY_STARTER
    startForegroundCount=0
    infoAllowStartForeground=[callingPackage: com.google.android.gms; callingUid: 10128; uidState: BTOP; uidBFSL: [BFSL]; intent: Intent { cmp=com.google.android.gms/.clearcut.debug.ClearcutDebugDumpService }; code:ACTIVITY_STARTER; tempAllowListReason:<,reasonCode:SYSTEM_ALLOW_LISTED,duration:9223372036854775807,callingUid:-1>; targetSdkVersion:33; callerTargetSdkVersion:33; startForegroundCount:0; bindFromPackage:null: isBindService:false]
    createTime=-55m47s876ms startingBgTimeout=--
    lastActivity=-55m25s701ms restartTime=-55m25s701ms createdFromFg=false
    startRequested=true delayedStop=false stopIfKilled=false callStart=true lastStartId=3
 startCommandResult=1
    restartCount=1 restartDelay=-53m54s739ms nextRestartTime=-53m4s774ms crashCount=0

  * ServiceRecord{c5c289 u0 com.google.android.as/com.google.android.apps.miphone.aiai.app.AiAiSmartspaceService}
    intent={act=android.service.smartspace.SmartspaceService cmp=com.google.android.as/com.google.android.apps.miphone.aiai.app.AiAiSmartspaceService}
    packageName=com.google.android.as
    processName=com.google.android.as
    permission=android.permission.MANAGE_SMARTSPACE
    baseDir=/product/priv-app/DevicePersonalizationPrebuiltPixel2021/DevicePersonalizationPrebuiltPixel2021.apk
    dataDir=/data/user/0/com.google.android.as
    app=ProcessRecord{487a3bd 1703:com.google.android.as/u0a127}
    mAllowWhileInUsePermissionInFgsReason=PROC_STATE_PERSISTENT
    allowUiJobScheduling=false
    recentCallingPackage=android
    recentCallingUid=1000
    allowStartForeground=PROC_STATE_PERSISTENT
    startForegroundCount=0
    infoAllowStartForeground=[callingPackage: android; callingUid: 1000; uidState: PER ; uidBFSL: [BFSL]; intent: Intent { act=android.service.smartspace.SmartspaceService cmp=com.google.android.as/com.google.android.apps.miphone.aiai.app.AiAiSmartspaceService }; code:PROC_STATE_PERSISTENT; tempAllowListReason:<a992e06 android.intent.action.LOCKED_BOOT_COMPLETED/u0,reasonCode:LOCKED_BOOT_COMPLETED,duration:20000,callingUid:1000>; targetSdkVersion:34; callerTargetSdkVersion:34; startForegroundCount:0; bindFromPackage:null: isBindService:true]
    createTime=-55m49s67ms startingBgTimeout=--
    lastActivity=-55m49s67ms restartTime=-55m49s67ms createdFromFg=true
    Bindings:
    * IntentBindRecord{ccc7067 CREATE}:
      intent={act=android.service.smartspace.SmartspaceService cmp=com.google.android.as/com.google.android.apps.miphone.aiai.app.AiAiSmartspaceService}
      binder=android.os.BinderProxy@3f56e14
      requested=true received=true hasBound=true doRebind=false
      * Client AppBindRecord{e8226bd ProcessRecord{d3c41bf 542:system/1000}}
        Per-process Connections:
          ConnectionRecord{7122990 u0 CR FGS CAPS com.google.android.as/com.google.android.apps.miphone.aiai.app.AiAiSmartspaceService:@bd93c53 flags=0x4001001}
    All Connections:
      ConnectionRecord{7122990 u0 CR FGS CAPS com.google.android.as/com.google.android.apps.miphone.aiai.app.AiAiSmartspaceService:@bd93c53 flags=0x4001001}

  * ServiceRecord{897c833 u0 com.google.android.apps.messaging/com.google.android.ims.binding.SystemBindingService}
    intent={cmp=com.google.android.apps.messaging/com.google.android.ims.binding.SystemBindingService}
    packageName=com.google.android.apps.messaging
    processName=com.google.android.apps.messaging:rcs
    permission=android.permission.BIND_CARRIER_MESSAGING_CLIENT_SERVICE
    baseDir=/product/priv-app/PrebuiltBugle/PrebuiltBugle.apk
    dataDir=/data/user/0/com.google.android.apps.messaging
    app=ProcessRecord{16b54b5 4751:com.google.android.apps.messaging:rcs/u0a131}
    mAllowWhileInUsePermissionInFgsReason=PROC_STATE_PERSISTENT
    allowUiJobScheduling=false
    recentCallingPackage=android
    recentCallingUid=1000
    allowStartForeground=PROC_STATE_PERSISTENT
    startForegroundCount=0
    infoAllowStartForeground=[callingPackage: android; callingUid: 1000; uidState: PER ; uidBFSL: [BFSL]; intent: Intent { cmp=com.google.android.apps.messaging/com.google.android.ims.binding.SystemBindingService }; code:PROC_STATE_PERSISTENT; tempAllowListReason:<null>; targetSdkVersion:34; callerTargetSdkVersion:34; startForegroundCount:0; bindFromPackage:null: isBindService:true]
    createTime=-55m23s546ms startingBgTimeout=--
    lastActivity=-55m23s546ms restartTime=-55m23s546ms createdFromFg=true
    Bindings:
    * IntentBindRecord{86644b2 CREATE}:
      intent={cmp=com.google.android.apps.messaging/com.google.android.ims.binding.SystemBindingService}
      binder=android.os.BinderProxy@25ac03
      requested=true received=true hasBound=true doRebind=false
      * Client AppBindRecord{7c55780 ProcessRecord{d3c41bf 542:system/1000}}
        Per-process Connections:
          ConnectionRecord{bfb73a2 u0 CR FGS !VIS com.google.android.apps.messaging/com.google.android.ims.binding.SystemBindingService:@5e3fb6d flags=0x44000001}
    All Connections:
      ConnectionRecord{bfb73a2 u0 CR FGS !VIS com.google.android.apps.messaging/com.google.android.ims.binding.SystemBindingService:@5e3fb6d flags=0x44000001}

  * ServiceRecord{24ddb4d u0 com.google.android.gms/.chimera.PersistentApiService}
    intent={act=com.google.android.chimera.BoundService.START dat=chimera-action:com.google.android.gms.scheduler.ACTION_PROXY_SCHEDULE cmp=com.google.android.gms/.chimera.PersistentApiService}
    packageName=com.google.android.gms
    processName=com.google.android.gms.persistent
    baseDir=/product/priv-app/PrebuiltGmsCore/PrebuiltGmsCore.apk
    dataDir=/data/user/0/com.google.android.gms
    app=ProcessRecord{d686e4d 5045:com.google.android.gms.persistent/u0a128}
    mAllowWhileInUsePermissionInFgsReason=BACKGROUND_ACTIVITY_PERMISSION
    allowUiJobScheduling=false
    recentCallingPackage=com.google.android.apps.wellbeing
    recentCallingUid=10118
    allowStartForeground=BACKGROUND_ACTIVITY_PERMISSION
    startForegroundCount=0
    infoAllowStartForeground=[callingPackage: com.google.android.gms; callingUid: 10128; uidState: BFGS; uidBFSL: [BFSL]; intent: Intent { act=com.google.android.chimera.BoundService.START dat=chimera-action: cmp=com.google.android.gms/.chimera.PersistentApiService }; code:BACKGROUND_ACTIVITY_PERMISSION; tempAllowListReason:<,reasonCode:SYSTEM_ALLOW_LISTED,duration:9223372036854775807,callingUid:-1>; targetSdkVersion:33; callerTargetSdkVersion:33; startForegroundCount:0; bindFromPackage:null: isBindService:true]
    createTime=-38m44s503ms startingBgTimeout=--
    lastActivity=-15s846ms restartTime=-38m44s503ms createdFromFg=true
    Bindings:
    * IntentBindRecord{dfcdfcc CREATE}:
      intent={act=com.google.android.gms.phenotype.service.START pkg=com.google.android.gms}
      binder=android.os.BinderProxy@4a3a215
      requested=true received=true hasBound=false doRebind=false
      * Client AppBindRecord{824a93f ProcessRecord{73dee44 10703:com.google.android.apps.wellbeing/u0a118}}
        Per-process Connections:
          ConnectionRecord{973c29f u0 CR WACT CAPS com.google.android.gms/.chimera.PersistentApiService:@1b2643e flags=0x1081}
    * IntentBindRecord{5c4331b CREATE}:
      intent={act=com.google.android.chimera.BoundService.START dat=chimera-action:com.google.android.gms.scheduler.ACTION_PROXY_SCHEDULE cmp=com.google.android.gms/.chimera.PersistentApiService}
      binder=android.os.BinderProxy@dfe2cb8
      requested=true received=true hasBound=false doRebind=false
      * Client AppBindRecord{5294a91 ProcessRecord{d686e4d 5045:com.google.android.gms.persistent/u0a128}}
        Per-process Connections:
          ConnectionRecord{a509cb u0 CR WACT CAPS com.google.android.gms/.chimera.PersistentApiService:@b44dc9a flags=0x1081}
    * IntentBindRecord{8e7720c}:
      intent={act=com.google.android.contextmanager.service.ContextManagerService.START pkg=com.google.android.gms}
      binder=android.os.BinderProxy@936755
      requested=true received=true hasBound=false doRebind=false
    * IntentBindRecord{4731df6}:
      intent={act=com.google.android.gms.pseudonymous.service.START pkg=com.google.android.gms}
      binder=android.os.BinderProxy@a68e5f7
      requested=true received=true hasBound=false doRebind=false
    * IntentBindRecord{8c55c64}:
      intent={act=com.google.android.chimera.BoundService.START dat=chimera-action:com.google.android.gms.icing.LIGHTWEIGHT_INDEX_SERVICE cmp=com.google.android.gms/.chimera.PersistentApiService}
      binder=android.os.BinderProxy@786fecd
      requested=true received=true hasBound=false doRebind=false
    All Connections:
      ConnectionRecord{973c29f u0 CR WACT CAPS com.google.android.gms/.chimera.PersistentApiService:@1b2643e flags=0x1081}
      ConnectionRecord{a509cb u0 CR WACT CAPS com.google.android.gms/.chimera.PersistentApiService:@b44dc9a flags=0x1081}

  * ServiceRecord{d9fca82 u0 com.android.systemui/.wallpapers.ImageWallpaper}
    intent={act=android.service.wallpaper.WallpaperService cmp=com.android.systemui/.wallpapers.ImageWallpaper}
    packageName=com.android.systemui
    processName=com.android.systemui
    permission=android.permission.BIND_WALLPAPER
    baseDir=/system_ext/priv-app/SystemUIGoogle/SystemUIGoogle.apk
    dataDir=/data/user_de/0/com.android.systemui
    app=ProcessRecord{baf34ae 885:com.android.systemui/u0a168}
    mAllowWhileInUsePermissionInFgsReason=PROC_STATE_PERSISTENT
    allowUiJobScheduling=false
    recentCallingPackage=android
    recentCallingUid=1000
    allowStartForeground=PROC_STATE_PERSISTENT
    startForegroundCount=0
    infoAllowStartForeground=[callingPackage: android; callingUid: 1000; uidState: PER ; uidBFSL: [BFSL]; intent: Intent { act=android.service.wallpaper.WallpaperService cmp=com.android.systemui/.wallpapers.ImageWallpaper }; code:PROC_STATE_PERSISTENT; tempAllowListReason:<null>; targetSdkVersion:34; callerTargetSdkVersion:34; startForegroundCount:0; bindFromPackage:null: isBindService:true]
    createTime=-55m52s781ms startingBgTimeout=--
    lastActivity=-55m52s290ms restartTime=-55m52s696ms createdFromFg=true
    Bindings:
    * IntentBindRecord{fb44099 CREATE}:
      intent={act=android.service.wallpaper.WallpaperService cmp=com.android.systemui/.wallpapers.ImageWallpaper}
      binder=android.os.BinderProxy@ac44f5e
      requested=true received=true hasBound=true doRebind=false
      * Client AppBindRecord{6789f3f ProcessRecord{d3c41bf 542:system/1000}}
        Per-process Connections:
          ConnectionRecord{3b12929 u0 CR FGSA UI CAPS com.android.systemui/.wallpapers.ImageWallpaper:@ec686b0 flags=0x22001001}
          ConnectionRecord{9548b71 u0 CR FGSA UI CAPS com.android.systemui/.wallpapers.ImageWallpaper:@97c6518 flags=0x22001001}
    All Connections:
      ConnectionRecord{9548b71 u0 CR FGSA UI CAPS com.android.systemui/.wallpapers.ImageWallpaper:@97c6518 flags=0x22001001}
      ConnectionRecord{3b12929 u0 CR FGSA UI CAPS com.android.systemui/.wallpapers.ImageWallpaper:@ec686b0 flags=0x22001001}

  * ServiceRecord{4de29cb u0 com.google.android.gms/.location.geocode.GeocodeService}
    intent={act=com.android.location.service.GeocodeProvider cmp=com.google.android.gms/.location.geocode.GeocodeService}
    packageName=com.google.android.gms
    processName=com.google.android.gms.persistent
    baseDir=/product/priv-app/PrebuiltGmsCore/PrebuiltGmsCore.apk
    dataDir=/data/user/0/com.google.android.gms
    app=ProcessRecord{d686e4d 5045:com.google.android.gms.persistent/u0a128}
    mAllowWhileInUsePermissionInFgsReason=PROC_STATE_PERSISTENT
    allowUiJobScheduling=false
    recentCallingPackage=android
    recentCallingUid=1000
    allowStartForeground=PROC_STATE_PERSISTENT
    startForegroundCount=0
    infoAllowStartForeground=[callingPackage: android; callingUid: 1000; uidState: PER ; uidBFSL: [BFSL]; intent: Intent { act=com.android.location.service.GeocodeProvider cmp=com.google.android.gms/.location.geocode.GeocodeService }; code:PROC_STATE_PERSISTENT; tempAllowListReason:<a992e06 android.intent.action.LOCKED_BOOT_COMPLETED/u0,reasonCode:LOCKED_BOOT_COMPLETED,duration:20000,callingUid:1000>; targetSdkVersion:33; callerTargetSdkVersion:34; startForegroundCount:0; bindFromPackage:null: isBindService:true]
    createTime=-55m50s82ms startingBgTimeout=--
    lastActivity=-55m25s698ms restartTime=-55m25s698ms createdFromFg=false
    restartCount=1 restartDelay=-52m4s745ms nextRestartTime=-51m14s774ms crashCount=0
    Bindings:
    * IntentBindRecord{b9b300c CREATE}:
      intent={act=com.android.location.service.GeocodeProvider cmp=com.google.android.gms/.location.geocode.GeocodeService}
      binder=android.os.BinderProxy@eff4d55
      requested=true received=true hasBound=true doRebind=false
      * Client AppBindRecord{102036a ProcessRecord{d3c41bf 542:system/1000}}
        Per-process Connections:
          ConnectionRecord{62e7c9a u0 CR !FG !VIS com.google.android.gms/.location.geocode.GeocodeService:@7a2d45 flags=0x40000005}
    All Connections:
      ConnectionRecord{62e7c9a u0 CR !FG !VIS com.google.android.gms/.location.geocode.GeocodeService:@7a2d45 flags=0x40000005}

  * ServiceRecord{1b69b14 u0 com.android.phone/com.android.internal.telephony.CellularNetworkService}
    intent={act=android.telephony.NetworkService pkg=com.android.phone}
    packageName=com.android.phone
    processName=com.android.phone
    permission=android.permission.BIND_TELEPHONY_NETWORK_SERVICE
    baseDir=/system/priv-app/TeleService/TeleService.apk
    dataDir=/data/user_de/0/com.android.phone
    app=ProcessRecord{d65ea48 1115:com.android.phone/1001}
    mAllowWhileInUsePermissionInFgsReason=PROC_STATE_PERSISTENT
    allowUiJobScheduling=false
    recentCallingPackage=com.android.phone
    recentCallingUid=1001
    allowStartForeground=PROC_STATE_PERSISTENT
    startForegroundCount=0
    infoAllowStartForeground=[callingPackage: com.android.phone; callingUid: 1001; uidState: PER ; uidBFSL: [BFSL]; intent: Intent { act=android.telephony.NetworkService pkg=com.android.phone }; code:PROC_STATE_PERSISTENT; tempAllowListReason:<null>; targetSdkVersion:34; callerTargetSdkVersion:34; startForegroundCount:0; bindFromPackage:null: isBindService:true]
    createTime=-55m51s424ms startingBgTimeout=--
    lastActivity=-55m51s424ms restartTime=-55m51s424ms createdFromFg=true
    Bindings:
    * IntentBindRecord{8e1f05b CREATE}:
      intent={act=android.telephony.NetworkService pkg=com.android.phone}
      binder=android.os.BinderProxy@d140f8
      requested=true received=true hasBound=true doRebind=false
      * Client AppBindRecord{2b469d1 ProcessRecord{d65ea48 1115:com.android.phone/1001}}
        Per-process Connections:
          ConnectionRecord{3523167 u0 CR com.android.phone/com.android.internal.telephony.CellularNetworkService:@4adb126 flags=0x1}
    All Connections:
      ConnectionRecord{3523167 u0 CR com.android.phone/com.android.internal.telephony.CellularNetworkService:@4adb126 flags=0x1}

  * ServiceRecord{a199dc9 u0 com.google.android.gms/com.google.location.nearby.direct.service.NearbyDirectService}
    intent={cmp=com.google.android.gms/com.google.location.nearby.direct.service.NearbyDirectService}
    packageName=com.google.android.gms
    processName=com.google.android.gms.persistent
    baseDir=/product/priv-app/PrebuiltGmsCore/PrebuiltGmsCore.apk
    dataDir=/data/user/0/com.google.android.gms
    app=ProcessRecord{d686e4d 5045:com.google.android.gms.persistent/u0a128}
    mAllowWhileInUsePermissionInFgsReason=BACKGROUND_ACTIVITY_PERMISSION
    allowUiJobScheduling=false
    recentCallingPackage=com.google.android.gms
    recentCallingUid=10128
    allowStartForeground=BACKGROUND_ACTIVITY_PERMISSION
    startForegroundCount=0
    infoAllowStartForeground=[callingPackage: com.google.android.gms; callingUid: 10128; uidState: BTOP; uidBFSL: [BFSL]; intent: Intent { cmp=com.google.android.gms/com.google.location.nearby.direct.service.NearbyDirectService }; code:BACKGROUND_ACTIVITY_PERMISSION; tempAllowListReason:<,reasonCode:SYSTEM_ALLOW_LISTED,duration:9223372036854775807,callingUid:-1>; targetSdkVersion:33; callerTargetSdkVersion:33; startForegroundCount:0; bindFromPackage:null: isBindService:true]
    createTime=-55m25s552ms startingBgTimeout=--
    lastActivity=-55m25s418ms restartTime=-55m25s552ms createdFromFg=true
    startRequested=true delayedStop=false stopIfKilled=true callStart=true lastStartId=1
 startCommandResult=2
    Bindings:
    * IntentBindRecord{7b4ec36 CREATE}:
      intent={cmp=com.google.android.gms/com.google.location.nearby.direct.service.NearbyDirectService}
      binder=android.os.BinderProxy@fc53737
      requested=true received=true hasBound=true doRebind=false
      * Client AppBindRecord{95574a4 ProcessRecord{d686e4d 5045:com.google.android.gms.persistent/u0a128}}
        Per-process Connections:
          ConnectionRecord{ab69d0 u0 CR com.google.android.gms/com.google.location.nearby.direct.service.NearbyDirectService:@18a5593 flags=0x1}
    All Connections:
      ConnectionRecord{ab69d0 u0 CR com.google.android.gms/com.google.location.nearby.direct.service.NearbyDirectService:@18a5593 flags=0x1}

  * ServiceRecord{fdf0ca9 u0 com.google.android.gms/.chimera.PersistentBoundBrokerService}
    intent={act=com.google.android.chimera.BoundService.START dat=chimera-action:com.google.android.gms.clearcut.bootcount.service.START cmp=com.google.android.gms/.chimera.PersistentBoundBrokerService}
    packageName=com.google.android.gms
    processName=com.google.android.gms.persistent
    baseDir=/product/priv-app/PrebuiltGmsCore/PrebuiltGmsCore.apk
    dataDir=/data/user/0/com.google.android.gms
    app=ProcessRecord{d686e4d 5045:com.google.android.gms.persistent/u0a128}
    mAllowWhileInUsePermissionInFgsReason=BACKGROUND_ACTIVITY_PERMISSION
    allowUiJobScheduling=false
    recentCallingPackage=com.google.android.gms
    recentCallingUid=10128
    allowStartForeground=BACKGROUND_ACTIVITY_PERMISSION
    startForegroundCount=0
    infoAllowStartForeground=[callingPackage: com.google.android.gms; callingUid: 10128; uidState: BFGS; uidBFSL: [BFSL]; intent: Intent { act=com.google.android.chimera.BoundService.START dat=chimera-action: cmp=com.google.android.gms/.chimera.PersistentBoundBrokerService }; code:BACKGROUND_ACTIVITY_PERMISSION; tempAllowListReason:<,reasonCode:SYSTEM_ALLOW_LISTED,duration:9223372036854775807,callingUid:-1>; targetSdkVersion:33; callerTargetSdkVersion:33; startForegroundCount:0; bindFromPackage:null: isBindService:true]
    createTime=-55m50s360ms startingBgTimeout=--
    lastActivity=-2m6s115ms restartTime=-55m25s703ms createdFromFg=false
    restartCount=0 restartDelay=-54m14s774ms nextRestartTime=-54m14s774ms crashCount=0
    Bindings:
    * IntentBindRecord{dc4d20d CREATE}:
      intent={act=android.net.action.RECOMMEND_NETWORKS cmp=com.google.android.gms/.chimera.PersistentBoundBrokerService}
      binder=android.os.BinderProxy@7db95c2
      requested=true received=true hasBound=true doRebind=false
      * Client AppBindRecord{62c0fd3 ProcessRecord{d3c41bf 542:system/1000}}
        Per-process Connections:
          ConnectionRecord{5efae30 u0 CR FGS com.google.android.gms/.chimera.PersistentBoundBrokerService:@99d6f73 flags=0x4000001}
    * IntentBindRecord{dc73710}:
      intent={act=com.google.android.gms.clearcut.bootcount.service.START pkg=com.google.android.gms}
      binder=android.os.BinderProxy@6f98209
      requested=true received=true hasBound=false doRebind=true
    * IntentBindRecord{9d14c0e}:
      intent={act=com.google.android.gms.semanticlocation.service.START_ODLH pkg=com.google.android.gms}
      binder=null
      requested=false received=false hasBound=false doRebind=false
    * IntentBindRecord{41dd62f CREATE}:
      intent={act=android.intent.action.RESOLVE_INSTANT_APP_PACKAGE cmp=com.google.android.gms/.chimera.PersistentBoundBrokerService}
      binder=android.os.BinderProxy@f50b43c
      requested=true received=true hasBound=true doRebind=false
      * Client AppBindRecord{eaf35c5 ProcessRecord{d3c41bf 542:system/1000}}
        Per-process Connections:
          ConnectionRecord{828173c u0 CR FGS com.google.android.gms/.chimera.PersistentBoundBrokerService:@3f8e52f flags=0x4000001}
          ConnectionRecord{f90d9e4 u0 CR FGS com.google.android.gms/.chimera.PersistentBoundBrokerService:@3f8e52f flags=0x4000001}
    * IntentBindRecord{e5a1b1a CREATE}:
      intent={act=com.google.android.chimera.BoundService.START dat=chimera-action:com.google.android.gms.gmscompliance.service.START cmp=com.google.android.gms/.chimera.PersistentBoundBrokerService}
      binder=android.os.BinderProxy@bba64b
      requested=true received=true hasBound=false doRebind=false
      * Client AppBindRecord{8fd156a ProcessRecord{d686e4d 5045:com.google.android.gms.persistent/u0a128}}
        Per-process Connections:
          ConnectionRecord{f89a45e u0 CR WACT CAPS com.google.android.gms/.chimera.PersistentBoundBrokerService:@395c999 flags=0x1081}
    * IntentBindRecord{4526941}:
      intent={act=com.google.android.chimera.BoundService.START dat=chimera-action:com.google.android.gms.auth.proximity.devicesyncservice.START cmp=com.google.android.gms/.chimera.PersistentBoundBrokerService}
      binder=android.os.BinderProxy@6b01a9d
      requested=true received=true hasBound=false doRebind=false
    * IntentBindRecord{c6ecee6}:
      intent={act=com.google.android.chimera.BoundService.START dat=chimera-action:com.google.android.gms.auth.proximity.START cmp=com.google.android.gms/.chimera.PersistentBoundBrokerService}
      binder=android.os.BinderProxy@a1c5c27
      requested=true received=true hasBound=false doRebind=false
    * IntentBindRecord{f514ed4}:
      intent={act=com.google.android.gms.auth.account.data.service.START pkg=com.google.android.gms}
      binder=android.os.BinderProxy@79b587d
      requested=true received=true hasBound=false doRebind=false
    * IntentBindRecord{fc8f372}:
      intent={act=com.google.android.chimera.BoundService.START dat=chimera-action:com.google.android.gms.clearcut.bootcount.service.START cmp=com.google.android.gms/.chimera.PersistentBoundBrokerService}
      binder=android.os.BinderProxy@ee893c3
      requested=true received=true hasBound=false doRebind=true
    All Connections:
      ConnectionRecord{f89a45e u0 CR WACT CAPS com.google.android.gms/.chimera.PersistentBoundBrokerService:@395c999 flags=0x1081}
      ConnectionRecord{828173c u0 CR FGS com.google.android.gms/.chimera.PersistentBoundBrokerService:@3f8e52f flags=0x4000001}
      ConnectionRecord{f90d9e4 u0 CR FGS com.google.android.gms/.chimera.PersistentBoundBrokerService:@3f8e52f flags=0x4000001}
      ConnectionRecord{5efae30 u0 CR FGS com.google.android.gms/.chimera.PersistentBoundBrokerService:@99d6f73 flags=0x4000001}

  * ServiceRecord{c8b3570 u0 com.google.android.apps.youtube.music/.notifications.FcmMessageListenerService}
    intent={act=com.google.firebase.MESSAGING_EVENT pkg=com.google.android.apps.youtube.music}
    packageName=com.google.android.apps.youtube.music
    processName=com.google.android.apps.youtube.music
    baseDir=/product/app/YouTubeMusicPrebuilt/YouTubeMusicPrebuilt.apk
    dataDir=/data/user/0/com.google.android.apps.youtube.music
    app=ProcessRecord{12e5d74 1854:com.google.android.apps.youtube.music/u0a155}
    mAllowWhileInUsePermissionInFgsReason=DENIED
    allowUiJobScheduling=false
    recentCallingPackage=com.google.android.apps.youtube.music
    recentCallingUid=10155
    allowStartForeground=BOOT_COMPLETED
    startForegroundCount=0
    infoAllowStartForeground=[callingPackage: com.google.android.apps.youtube.music; callingUid: 10155; uidState: SVC ; uidBFSL: n/a; intent: Intent { act=com.google.firebase.MESSAGING_EVENT pkg=com.google.android.apps.youtube.music }; code:BOOT_COMPLETED; tempAllowListReason:<f3c54bf android.intent.action.BOOT_COMPLETED/u0,reasonCode:BOOT_COMPLETED,duration:20000,callingUid:1000>; targetSdkVersion:33; callerTargetSdkVersion:33; startForegroundCount:0; bindFromPackage:null: isBindService:true]
    createTime=-55m37s591ms startingBgTimeout=--
    lastActivity=-55m37s591ms restartTime=-55m37s591ms createdFromFg=false
    Bindings:
    * IntentBindRecord{1de8440 CREATE}:
      intent={act=com.google.firebase.MESSAGING_EVENT pkg=com.google.android.apps.youtube.music}
      binder=android.os.BinderProxy@189ff79
      requested=true received=true hasBound=true doRebind=false
      * Client AppBindRecord{42ed4be ProcessRecord{12e5d74 1854:com.google.android.apps.youtube.music/u0a155}}
        Per-process Connections:
          ConnectionRecord{7618bb3 u0 CR IMP com.google.android.apps.youtube.music/.notifications.FcmMessageListenerService:@f8c1522 flags=0x41}
    All Connections:
      ConnectionRecord{7618bb3 u0 CR IMP com.google.android.apps.youtube.music/.notifications.FcmMessageListenerService:@f8c1522 flags=0x41}

  * ServiceRecord{d4a904e u0 com.google.android.gms/.chimera.GmsBoundBrokerService}
    intent={act=com.google.android.chimera.BoundService.START dat=chimera-action:com.google.android.gms.feedback.internal.IFeedbackService cmp=com.google.android.gms/.chimera.GmsBoundBrokerService}
    packageName=com.google.android.gms
    processName=com.google.android.gms
    baseDir=/product/priv-app/PrebuiltGmsCore/PrebuiltGmsCore.apk
    dataDir=/data/user/0/com.google.android.gms
    app=ProcessRecord{8311310 5144:com.google.android.gms/u0a128}
    mAllowWhileInUsePermissionInFgsReason=BACKGROUND_ACTIVITY_PERMISSION
    allowUiJobScheduling=false
    recentCallingPackage=com.google.android.gms
    recentCallingUid=10128
    allowStartForeground=BACKGROUND_ACTIVITY_PERMISSION
    startForegroundCount=0
    infoAllowStartForeground=[callingPackage: com.google.android.gms; callingUid: 10128; uidState: BTOP; uidBFSL: [BFSL]; intent: Intent { act=com.google.android.chimera.BoundService.START dat=chimera-action: cmp=com.google.android.gms/.chimera.GmsBoundBrokerService }; code:BACKGROUND_ACTIVITY_PERMISSION; tempAllowListReason:<,reasonCode:SYSTEM_ALLOW_LISTED,duration:9223372036854775807,callingUid:-1>; targetSdkVersion:33; callerTargetSdkVersion:33; startForegroundCount:0; bindFromPackage:null: isBindService:true]
    createTime=-2m6s100ms startingBgTimeout=--
    lastActivity=-16s594ms restartTime=-2m6s100ms createdFromFg=true
    Bindings:
    * IntentBindRecord{a449a5b CREATE}:
      intent={act=com.google.android.chimera.BoundService.START dat=chimera-action:com.google.android.gms.feedback.internal.IFeedbackService cmp=com.google.android.gms/.chimera.GmsBoundBrokerService}
      binder=android.os.BinderProxy@39fa2f8
      requested=true received=true hasBound=true doRebind=false
      * Client AppBindRecord{27023d1 ProcessRecord{d686e4d 5045:com.google.android.gms.persistent/u0a128}}
        Per-process Connections:
          ConnectionRecord{9b82f49 u0 CR WACT CAPS com.google.android.gms/.chimera.GmsBoundBrokerService:@f4b5150 flags=0x1081}
    All Connections:
      ConnectionRecord{9b82f49 u0 CR WACT CAPS com.google.android.gms/.chimera.GmsBoundBrokerService:@f4b5150 flags=0x1081}

  * ServiceRecord{60a532e u0 com.google.android.gms/.fido.fido2.pollux.CableAuthenticatorService}
    intent={cmp=com.google.android.gms/.fido.fido2.pollux.CableAuthenticatorService}
    packageName=com.google.android.gms
    processName=com.google.android.gms.persistent
    baseDir=/product/priv-app/PrebuiltGmsCore/PrebuiltGmsCore.apk
    dataDir=/data/user/0/com.google.android.gms
    app=ProcessRecord{d686e4d 5045:com.google.android.gms.persistent/u0a128}
    mAllowWhileInUsePermissionInFgsReason=BACKGROUND_ACTIVITY_PERMISSION
    allowUiJobScheduling=false
    recentCallingPackage=com.google.android.gms
    recentCallingUid=10128
    allowStartForeground=BACKGROUND_ACTIVITY_PERMISSION
    startForegroundCount=0
    infoAllowStartForeground=[callingPackage: com.google.android.gms; callingUid: 10128; uidState: BTOP; uidBFSL: [BFSL]; intent: Intent { cmp=com.google.android.gms/.fido.fido2.pollux.CableAuthenticatorService }; code:BACKGROUND_ACTIVITY_PERMISSION; tempAllowListReason:<,reasonCode:SYSTEM_ALLOW_LISTED,duration:9223372036854775807,callingUid:-1>; targetSdkVersion:33; callerTargetSdkVersion:33; startForegroundCount:0; bindFromPackage:null: isBindService:false]
    createTime=-55m8s932ms startingBgTimeout=--
    lastActivity=-6m58s698ms restartTime=-55m8s932ms createdFromFg=true
    startRequested=true delayedStop=false stopIfKilled=false callStart=true lastStartId=7
 startCommandResult=1

  * ServiceRecord{53a31ad u0 com.google.android.googlequicksearchbox/com.google.android.apps.gsa.nowoverlayservice.DrawerOverlayService}
    intent={act=com.android.launcher3.WINDOW_OVERLAY dat=app://com.google.android.apps.nexuslauncher:10169?v=11&cv=20 pkg=com.google.android.googlequicksearchbox}
    packageName=com.google.android.googlequicksearchbox
    processName=com.google.android.googlequicksearchbox:search
    baseDir=/product/priv-app/Velvet/Velvet.apk
    dataDir=/data/user/0/com.google.android.googlequicksearchbox
    app=ProcessRecord{d35f86b 1959:com.google.android.googlequicksearchbox:search/u0a132}
    mAllowWhileInUsePermissionInFgsReason=PROC_STATE_TOP
    allowUiJobScheduling=false
    recentCallingPackage=com.google.android.apps.nexuslauncher
    recentCallingUid=10169
    allowStartForeground=PROC_STATE_TOP
    startForegroundCount=0
    infoAllowStartForeground=[callingPackage: com.google.android.apps.nexuslauncher; callingUid: 10169; uidState: TOP ; uidBFSL: [BFSL]; intent: Intent { act=com.android.launcher3.WINDOW_OVERLAY dat=app://com.google.android.apps.nexuslauncher:10169/... pkg=com.google.android.googlequicksearchbox }; code:PROC_STATE_TOP; tempAllowListReason:<null>; targetSdkVersion:31; callerTargetSdkVersion:33; startForegroundCount:0; bindFromPackage:null: isBindService:true]
    createTime=-55m49s101ms startingBgTimeout=--
    lastActivity=-2s32ms restartTime=-55m49s101ms createdFromFg=true
    Bindings:
    * IntentBindRecord{b409b58 CREATE}:
      intent={act=com.android.launcher3.WINDOW_OVERLAY dat=app://com.google.android.apps.nexuslauncher:10169?v=11&cv=20 pkg=com.google.android.googlequicksearchbox}
      binder=android.os.BinderProxy@7e724b1
      requested=true received=true hasBound=true doRebind=false
      * Client AppBindRecord{c7ebd96 ProcessRecord{e299f5d 1156:com.google.android.apps.nexuslauncher/u0a169}}
        Per-process Connections:
          ConnectionRecord{40c0ec4 u0 CR WPRI com.google.android.googlequicksearchbox/com.google.android.apps.gsa.nowoverlayservice.DrawerOverlayService:@a6b65d7 flags=0x21}
          ConnectionRecord{5387980 u0 CR IMP com.google.android.googlequicksearchbox/com.google.android.apps.gsa.nowoverlayservice.DrawerOverlayService:@c81603 flags=0x41}
    All Connections:
      ConnectionRecord{5387980 u0 CR IMP com.google.android.googlequicksearchbox/com.google.android.apps.gsa.nowoverlayservice.DrawerOverlayService:@c81603 flags=0x41}
      ConnectionRecord{40c0ec4 u0 CR WPRI com.google.android.googlequicksearchbox/com.google.android.apps.gsa.nowoverlayservice.DrawerOverlayService:@a6b65d7 flags=0x21}

  * ServiceRecord{7e654e7 u0 com.google.android.bluetooth/com.android.bluetooth.map.BluetoothMapService}
    intent={cmp=com.google.android.bluetooth/com.android.bluetooth.map.BluetoothMapService}
    packageName=com.google.android.bluetooth
    processName=com.google.android.bluetooth
    baseDir=/apex/com.android.btservices/app/BluetoothGoogle@340815010/BluetoothGoogle.apk
    dataDir=/data/user_de/0/com.google.android.bluetooth
    app=ProcessRecord{addf686 10030:com.google.android.bluetooth/1002}
    mAllowWhileInUsePermissionInFgsReason=PROC_STATE_PERSISTENT
    allowUiJobScheduling=false
    recentCallingPackage=android
    recentCallingUid=10168
    allowStartForeground=PROC_STATE_PERSISTENT
    startForegroundCount=0
    infoAllowStartForeground=[callingPackage: com.google.android.bluetooth; callingUid: 1002; uidState: PER ; uidBFSL: [BFSL]; intent: Intent { cmp=com.google.android.bluetooth/com.android.bluetooth.map.BluetoothMapService (has extras) }; code:PROC_STATE_PERSISTENT; tempAllowListReason:<886f7ce android.bluetooth.adapter.action.STATE_CHANGED/u-1,reasonCode:BLUETOOTH_BROADCAST,duration:10000,callingUid:1000>; targetSdkVersion:34; callerTargetSdkVersion:34; startForegroundCount:0; bindFromPackage:null: isBindService:false]
    createTime=-6m59s32ms startingBgTimeout=--
    lastActivity=-6m59s32ms restartTime=-6m59s32ms createdFromFg=true
    startRequested=true delayedStop=false stopIfKilled=true callStart=true lastStartId=1
 startCommandResult=2
    Bindings:
    * IntentBindRecord{94f1e36}:
      intent={act=android.bluetooth.IBluetoothMap cmp=com.google.android.bluetooth/com.android.bluetooth.map.BluetoothMapService}
      binder=android.os.BinderProxy@5a88137
      requested=true received=true hasBound=true doRebind=false
      * Client AppBindRecord{7a7f6a4 ProcessRecord{d3c41bf 542:system/1000}}
        Per-process Connections:
          ConnectionRecord{c341040 u0 com.google.android.bluetooth/com.android.bluetooth.map.BluetoothMapService:@62ccfc3 flags=0x0}
    All Connections:
      ConnectionRecord{c341040 u0 com.google.android.bluetooth/com.android.bluetooth.map.BluetoothMapService:@62ccfc3 flags=0x0}

  * ServiceRecord{73632a6 u0 com.google.android.bluetooth/com.android.bluetooth.hid.HidHostService}
    intent={cmp=com.google.android.bluetooth/com.android.bluetooth.hid.HidHostService}
    packageName=com.google.android.bluetooth
    processName=com.google.android.bluetooth
    baseDir=/apex/com.android.btservices/app/BluetoothGoogle@340815010/BluetoothGoogle.apk
    dataDir=/data/user_de/0/com.google.android.bluetooth
    app=ProcessRecord{addf686 10030:com.google.android.bluetooth/1002}
    mAllowWhileInUsePermissionInFgsReason=PROC_STATE_PERSISTENT
    allowUiJobScheduling=false
    recentCallingPackage=android
    recentCallingUid=1000
    allowStartForeground=PROC_STATE_PERSISTENT
    startForegroundCount=0
    infoAllowStartForeground=[callingPackage: com.google.android.bluetooth; callingUid: 1002; uidState: PER ; uidBFSL: [BFSL]; intent: Intent { cmp=com.google.android.bluetooth/com.android.bluetooth.hid.HidHostService (has extras) }; code:PROC_STATE_PERSISTENT; tempAllowListReason:<886f7ce android.bluetooth.adapter.action.STATE_CHANGED/u-1,reasonCode:BLUETOOTH_BROADCAST,duration:10000,callingUid:1000>; targetSdkVersion:34; callerTargetSdkVersion:34; startForegroundCount:0; bindFromPackage:null: isBindService:false]
    createTime=-6m59s33ms startingBgTimeout=--
    lastActivity=-6m59s33ms restartTime=-6m59s33ms createdFromFg=true
    startRequested=true delayedStop=false stopIfKilled=true callStart=true lastStartId=1
 startCommandResult=2
    Bindings:
    * IntentBindRecord{6822c0d}:
      intent={act=android.bluetooth.IBluetoothHidHost cmp=com.google.android.bluetooth/com.android.bluetooth.hid.HidHostService}
      binder=android.os.BinderProxy@de6e7c2
      requested=true received=true hasBound=true doRebind=false
      * Client AppBindRecord{7f9f9d3 ProcessRecord{d3c41bf 542:system/1000}}
        Per-process Connections:
          ConnectionRecord{daea996 u0 com.google.android.bluetooth/com.android.bluetooth.hid.HidHostService:@97340b1 flags=0x0}
    All Connections:
      ConnectionRecord{daea996 u0 com.google.android.bluetooth/com.android.bluetooth.hid.HidHostService:@97340b1 flags=0x0}

  * ServiceRecord{d5564d5 u0 com.google.android.gms/com.google.android.location.fused.FusedLocationService}
    intent={act=com.android.location.service.FusedLocationProvider cmp=com.google.android.gms/com.google.android.location.fused.FusedLocationService}
    packageName=com.google.android.gms
    processName=com.google.android.gms.persistent
    baseDir=/product/priv-app/PrebuiltGmsCore/PrebuiltGmsCore.apk
    dataDir=/data/user/0/com.google.android.gms
    app=ProcessRecord{d686e4d 5045:com.google.android.gms.persistent/u0a128}
    mAllowWhileInUsePermissionInFgsReason=PROC_STATE_PERSISTENT
    allowUiJobScheduling=false
    recentCallingPackage=android
    recentCallingUid=1000
    allowStartForeground=PROC_STATE_PERSISTENT
    startForegroundCount=0
    infoAllowStartForeground=[callingPackage: android; callingUid: 1000; uidState: PER ; uidBFSL: [BFSL]; intent: Intent { act=com.android.location.service.FusedLocationProvider cmp=com.google.android.gms/com.google.android.location.fused.FusedLocationService }; code:PROC_STATE_PERSISTENT; tempAllowListReason:<a992e06 android.intent.action.LOCKED_BOOT_COMPLETED/u0,reasonCode:LOCKED_BOOT_COMPLETED,duration:20000,callingUid:1000>; targetSdkVersion:33; callerTargetSdkVersion:34; startForegroundCount:0; bindFromPackage:null: isBindService:true]
    createTime=-55m50s85ms startingBgTimeout=--
    lastActivity=-55m25s701ms restartTime=-55m25s701ms createdFromFg=false
    restartCount=1 restartDelay=-54m24s739ms nextRestartTime=-53m34s774ms crashCount=0
    Bindings:
    * IntentBindRecord{b3009c CREATE}:
      intent={act=com.android.location.service.FusedLocationProvider cmp=com.google.android.gms/com.google.android.location.fused.FusedLocationService}
      binder=android.os.BinderProxy@b0efaa5
      requested=true received=true hasBound=true doRebind=false
      * Client AppBindRecord{65d2e7a ProcessRecord{d3c41bf 542:system/1000}}
        Per-process Connections:
          ConnectionRecord{6a4f58c u0 CR !FG !VIS com.google.android.gms/com.google.android.location.fused.FusedLocationService:@3200abf flags=0x40000005}
    All Connections:
      ConnectionRecord{6a4f58c u0 CR !FG !VIS com.google.android.gms/com.google.android.location.fused.FusedLocationService:@3200abf flags=0x40000005}

  * ServiceRecord{895df3d u0 com.google.android.bluetooth/com.android.bluetooth.opp.BluetoothOppService}
    intent={cmp=com.google.android.bluetooth/com.android.bluetooth.opp.BluetoothOppService}
    packageName=com.google.android.bluetooth
    processName=com.google.android.bluetooth
    permission=android.permission.ACCESS_BLUETOOTH_SHARE
    baseDir=/apex/com.android.btservices/app/BluetoothGoogle@340815010/BluetoothGoogle.apk
    dataDir=/data/user_de/0/com.google.android.bluetooth
    app=ProcessRecord{addf686 10030:com.google.android.bluetooth/1002}
    mAllowWhileInUsePermissionInFgsReason=PROC_STATE_PERSISTENT
    allowUiJobScheduling=false
    recentCallingPackage=com.google.android.bluetooth
    recentCallingUid=1002
    allowStartForeground=PROC_STATE_PERSISTENT
    startForegroundCount=0
    infoAllowStartForeground=[callingPackage: com.google.android.bluetooth; callingUid: 1002; uidState: PER ; uidBFSL: [BFSL]; intent: Intent { cmp=com.google.android.bluetooth/com.android.bluetooth.opp.BluetoothOppService (has extras) }; code:PROC_STATE_PERSISTENT; tempAllowListReason:<886f7ce android.bluetooth.adapter.action.STATE_CHANGED/u-1,reasonCode:BLUETOOTH_BROADCAST,duration:10000,callingUid:1000>; targetSdkVersion:34; callerTargetSdkVersion:34; startForegroundCount:0; bindFromPackage:null: isBindService:false]
    createTime=-6m59s31ms startingBgTimeout=--
    lastActivity=-6m59s31ms restartTime=-6m59s31ms createdFromFg=true
    startRequested=true delayedStop=false stopIfKilled=true callStart=true lastStartId=1
 startCommandResult=2

  * ServiceRecord{802d332 u0 com.google.android.bluetooth/com.android.bluetooth.pan.PanService}
    intent={cmp=com.google.android.bluetooth/com.android.bluetooth.pan.PanService}
    packageName=com.google.android.bluetooth
    processName=com.google.android.bluetooth
    baseDir=/apex/com.android.btservices/app/BluetoothGoogle@340815010/BluetoothGoogle.apk
    dataDir=/data/user_de/0/com.google.android.bluetooth
    app=ProcessRecord{addf686 10030:com.google.android.bluetooth/1002}
    mAllowWhileInUsePermissionInFgsReason=PROC_STATE_PERSISTENT
    allowUiJobScheduling=false
    recentCallingPackage=android
    recentCallingUid=1000
    allowStartForeground=PROC_STATE_PERSISTENT
    startForegroundCount=0
    infoAllowStartForeground=[callingPackage: com.google.android.bluetooth; callingUid: 1002; uidState: PER ; uidBFSL: [BFSL]; intent: Intent { cmp=com.google.android.bluetooth/com.android.bluetooth.pan.PanService (has extras) }; code:PROC_STATE_PERSISTENT; tempAllowListReason:<886f7ce android.bluetooth.adapter.action.STATE_CHANGED/u-1,reasonCode:BLUETOOTH_BROADCAST,duration:10000,callingUid:1000>; targetSdkVersion:34; callerTargetSdkVersion:34; startForegroundCount:0; bindFromPackage:null: isBindService:false]
    createTime=-6m59s31ms startingBgTimeout=--
    lastActivity=-6m59s31ms restartTime=-6m59s31ms createdFromFg=true
    startRequested=true delayedStop=false stopIfKilled=true callStart=true lastStartId=1
 startCommandResult=2
    Bindings:
    * IntentBindRecord{bbfd910}:
      intent={act=android.bluetooth.IBluetoothPan cmp=com.google.android.bluetooth/com.android.bluetooth.pan.PanService}
      binder=android.os.BinderProxy@7327c09
      requested=true received=true hasBound=true doRebind=false
      * Client AppBindRecord{a3fbe0e ProcessRecord{d3c41bf 542:system/1000}}
        Per-process Connections:
          ConnectionRecord{75e347d u0 com.google.android.bluetooth/com.android.bluetooth.pan.PanService:@3261ad4 flags=0x0}
    All Connections:
      ConnectionRecord{75e347d u0 com.google.android.bluetooth/com.android.bluetooth.pan.PanService:@3261ad4 flags=0x0}

  * ServiceRecord{70f84c9 u0 com.google.android.bluetooth/com.android.bluetooth.avrcp.AvrcpTargetService}
    intent={cmp=com.google.android.bluetooth/com.android.bluetooth.avrcp.AvrcpTargetService}
    packageName=com.google.android.bluetooth
    processName=com.google.android.bluetooth
    baseDir=/apex/com.android.btservices/app/BluetoothGoogle@340815010/BluetoothGoogle.apk
    dataDir=/data/user_de/0/com.google.android.bluetooth
    app=ProcessRecord{addf686 10030:com.google.android.bluetooth/1002}
    mAllowWhileInUsePermissionInFgsReason=PROC_STATE_PERSISTENT
    allowUiJobScheduling=false
    recentCallingPackage=com.google.android.bluetooth
    recentCallingUid=1002
    allowStartForeground=PROC_STATE_PERSISTENT
    startForegroundCount=0
    infoAllowStartForeground=[callingPackage: com.google.android.bluetooth; callingUid: 1002; uidState: PER ; uidBFSL: [BFSL]; intent: Intent { cmp=com.google.android.bluetooth/com.android.bluetooth.avrcp.AvrcpTargetService (has extras) }; code:PROC_STATE_PERSISTENT; tempAllowListReason:<null>; targetSdkVersion:34; callerTargetSdkVersion:34; startForegroundCount:0; bindFromPackage:null: isBindService:false]
    createTime=-6m59s36ms startingBgTimeout=--
    lastActivity=-6m59s35ms restartTime=-6m59s35ms createdFromFg=true
    startRequested=true delayedStop=false stopIfKilled=true callStart=true lastStartId=1
 startCommandResult=2

  * ServiceRecord{1102658 u0 com.google.android.gms/.gcm.nts.SchedulerService}
    intent={pkg=com.google.android.gms cmp=com.google.android.gms/.gcm.nts.SchedulerService}
    packageName=com.google.android.gms
    processName=com.google.android.gms.persistent
    baseDir=/product/priv-app/PrebuiltGmsCore/PrebuiltGmsCore.apk
    dataDir=/data/user/0/com.google.android.gms
    app=ProcessRecord{d686e4d 5045:com.google.android.gms.persistent/u0a128}
    mAllowWhileInUsePermissionInFgsReason=ACTIVITY_STARTER
    allowUiJobScheduling=false
    recentCallingPackage=com.google.android.gms
    recentCallingUid=10128
    allowStartForeground=ACTIVITY_STARTER
    startForegroundCount=0
    infoAllowStartForeground=[callingPackage: com.google.android.gms; callingUid: 10128; uidState: BTOP; uidBFSL: [BFSL]; intent: Intent { flg=0x89000010 pkg=com.google.android.gms cmp=com.google.android.gms/.gcm.nts.SchedulerService (has extras) }; code:ACTIVITY_STARTER; tempAllowListReason:<,reasonCode:SYSTEM_ALLOW_LISTED,duration:9223372036854775807,callingUid:-1>; targetSdkVersion:33; callerTargetSdkVersion:33; startForegroundCount:0; bindFromPackage:null: isBindService:false]
    createTime=-55m47s869ms startingBgTimeout=--
    lastActivity=-55m25s696ms restartTime=-55m25s696ms createdFromFg=false
    startRequested=true delayedStop=false stopIfKilled=false callStart=true lastStartId=4
 startCommandResult=1
    restartCount=1 restartDelay=-51m4s745ms nextRestartTime=-50m14s774ms crashCount=0

  * ServiceRecord{38f965c u0 com.google.android.ext.services/android.ext.services.autofill.InlineSuggestionRenderServiceImpl}
    intent={act=android.service.autofill.InlineSuggestionRenderService cmp=com.google.android.ext.services/android.ext.services.autofill.InlineSuggestionRenderServiceImpl}
    packageName=com.google.android.ext.services
    processName=com.google.android.ext.services
    permission=android.permission.BIND_INLINE_SUGGESTION_RENDER_SERVICE
    baseDir=/apex/com.android.extservices/priv-app/GoogleExtServices@340818080/GoogleExtServices.apk
    dataDir=/data/user/0/com.google.android.ext.services
    app=ProcessRecord{cc6ab05 1590:com.google.android.ext.services/u0a189}
    mAllowWhileInUsePermissionInFgsReason=PROC_STATE_PERSISTENT
    allowUiJobScheduling=false
    recentCallingPackage=android
    recentCallingUid=1000
    allowStartForeground=PROC_STATE_PERSISTENT
    startForegroundCount=0
    infoAllowStartForeground=[callingPackage: android; callingUid: 1000; uidState: PER ; uidBFSL: [BFSL]; intent: Intent { act=android.service.autofill.InlineSuggestionRenderService cmp=com.google.android.ext.services/android.ext.services.autofill.InlineSuggestionRenderServiceImpl }; code:PROC_STATE_PERSISTENT; tempAllowListReason:<f3c54bf android.intent.action.BOOT_COMPLETED/u0,reasonCode:BOOT_COMPLETED,duration:20000,callingUid:1000>; targetSdkVersion:34; callerTargetSdkVersion:34; startForegroundCount:0; bindFromPackage:null: isBindService:true]
    createTime=-55m26s651ms startingBgTimeout=--
    lastActivity=-55m26s651ms restartTime=-55m26s651ms createdFromFg=true
    Bindings:
    * IntentBindRecord{f7fb846 CREATE}:
      intent={act=android.service.autofill.InlineSuggestionRenderService cmp=com.google.android.ext.services/android.ext.services.autofill.InlineSuggestionRenderServiceImpl}
      binder=android.os.BinderProxy@faafa07
      requested=true received=true hasBound=true doRebind=false
      * Client AppBindRecord{c64c734 ProcessRecord{d3c41bf 542:system/1000}}
        Per-process Connections:
          ConnectionRecord{3a06ccf u0 CR FGS CAPS com.google.android.ext.services/android.ext.services.autofill.InlineSuggestionRenderServiceImpl:@23b992e flags=0x4001001}
    All Connections:
      ConnectionRecord{3a06ccf u0 CR FGS CAPS com.google.android.ext.services/android.ext.services.autofill.InlineSuggestionRenderServiceImpl:@23b992e flags=0x4001001}

  * ServiceRecord{1d2d95d u0 com.google.android.dialer/com.google.apps.tiktok.concurrent.AndroidFuturesService}
    intent={cmp=com.google.android.dialer/com.google.apps.tiktok.concurrent.AndroidFuturesService}
    packageName=com.google.android.dialer
    processName=com.google.android.dialer
    baseDir=/product/priv-app/GoogleDialer/GoogleDialer.apk
    dataDir=/data/user/0/com.google.android.dialer
    app=null
    mAllowWhileInUsePermissionInFgsReason=DENIED
    allowUiJobScheduling=false
    recentCallingPackage=com.google.android.dialer
    recentCallingUid=10129
    allowStartForeground=SYSTEM_ALERT_WINDOW_PERMISSION
    startForegroundCount=0
    infoAllowStartForeground=[callingPackage: com.google.android.dialer; callingUid: 10129; uidState: RCVR; uidBFSL: n/a; intent: Intent { cmp=com.google.android.dialer/com.google.apps.tiktok.concurrent.AndroidFuturesService (has extras) }; code:SYSTEM_ALERT_WINDOW_PERMISSION; tempAllowListReason:<null>; targetSdkVersion:33; callerTargetSdkVersion:33; startForegroundCount:0; bindFromPackage:null: isBindService:false]
    createTime=-55m47s696ms startingBgTimeout=--
    lastActivity=-55m47s696ms restartTime=-- createdFromFg=false

  * ServiceRecord{3d9cb78 u0 com.google.android.providers.media.module/com.android.providers.media.fuse.ExternalStorageServiceImpl}
    intent={cmp=com.google.android.providers.media.module/com.android.providers.media.fuse.ExternalStorageServiceImpl}
    packageName=com.google.android.providers.media.module
    processName=com.google.android.providers.media.module
    permission=android.permission.BIND_EXTERNAL_STORAGE_SERVICE
    baseDir=/apex/com.android.mediaprovider/priv-app/MediaProviderGoogle@340818080/MediaProviderGoogle.apk
    dataDir=/data/user/0/com.google.android.providers.media.module
    app=ProcessRecord{caed0ba 1704:com.google.android.providers.media.module/u0a184}
    mAllowWhileInUsePermissionInFgsReason=SYSTEM_UID
    allowUiJobScheduling=false
    recentCallingPackage=android
    recentCallingUid=0
    allowStartForeground=SYSTEM_UID
    startForegroundCount=0
    infoAllowStartForeground=[callingPackage: android; callingUid: 0; uidState: NONE; uidBFSL: n/a; intent: Intent { cmp=com.google.android.providers.media.module/com.android.providers.media.fuse.ExternalStorageServiceImpl }; code:SYSTEM_UID; tempAllowListReason:<null>; targetSdkVersion:34; callerTargetSdkVersion:34; startForegroundCount:0; bindFromPackage:null: isBindService:true]
    createTime=-55m50s282ms startingBgTimeout=--
    lastActivity=-55m50s237ms restartTime=-55m50s237ms createdFromFg=true
    Bindings:
    * IntentBindRecord{fef12d2 CREATE}:
      intent={cmp=com.google.android.providers.media.module/com.android.providers.media.fuse.ExternalStorageServiceImpl}
      binder=android.os.BinderProxy@f32fa3
      requested=true received=true hasBound=true doRebind=false
      * Client AppBindRecord{b2122a0 ProcessRecord{d3c41bf 542:system/1000}}
        Per-process Connections:
          ConnectionRecord{974bde5 u0 CR IMP com.google.android.providers.media.module/com.android.providers.media.fuse.ExternalStorageServiceImpl:@254c8dc flags=0x41}
    All Connections:
      ConnectionRecord{974bde5 u0 CR IMP com.google.android.providers.media.module/com.android.providers.media.fuse.ExternalStorageServiceImpl:@254c8dc flags=0x41}

  * ServiceRecord{5107ae2 u0 com.android.phone/com.android.internal.telephony.data.CellularDataService}
    intent={act=android.telephony.data.DataService pkg=com.android.phone}
    packageName=com.android.phone
    processName=com.android.phone
    permission=android.permission.BIND_TELEPHONY_DATA_SERVICE
    baseDir=/system/priv-app/TeleService/TeleService.apk
    dataDir=/data/user_de/0/com.android.phone
    app=ProcessRecord{d65ea48 1115:com.android.phone/1001}
    mAllowWhileInUsePermissionInFgsReason=PROC_STATE_PERSISTENT
    allowUiJobScheduling=false
    recentCallingPackage=com.android.phone
    recentCallingUid=1001
    allowStartForeground=PROC_STATE_PERSISTENT
    startForegroundCount=0
    infoAllowStartForeground=[callingPackage: com.android.phone; callingUid: 1001; uidState: PER ; uidBFSL: [BFSL]; intent: Intent { act=android.telephony.data.DataService pkg=com.android.phone }; code:PROC_STATE_PERSISTENT; tempAllowListReason:<null>; targetSdkVersion:34; callerTargetSdkVersion:34; startForegroundCount:0; bindFromPackage:null: isBindService:true]
    createTime=-55m51s523ms startingBgTimeout=--
    lastActivity=-55m51s523ms restartTime=-55m51s523ms createdFromFg=true
    Bindings:
    * IntentBindRecord{d68ae59 CREATE}:
      intent={act=android.telephony.data.DataService pkg=com.android.phone}
      binder=android.os.BinderProxy@c878a1e
      requested=true received=true hasBound=true doRebind=false
      * Client AppBindRecord{2ff22ff ProcessRecord{d65ea48 1115:com.android.phone/1001}}
        Per-process Connections:
          ConnectionRecord{61797ad u0 CR com.android.phone/com.android.internal.telephony.data.CellularDataService:@e074cc4 flags=0x1}
    All Connections:
      ConnectionRecord{61797ad u0 CR com.android.phone/com.android.internal.telephony.data.CellularDataService:@e074cc4 flags=0x1}

  * ServiceRecord{2841e43 u0 com.google.android.googlequicksearchbox/com.google.android.apps.gsa.nga.engine.viss.NgaService}
    intent={pkg=com.google.android.googlequicksearchbox cmp=com.google.android.googlequicksearchbox/com.google.android.apps.gsa.nga.engine.viss.NgaService}
    packageName=com.google.android.googlequicksearchbox
    processName=com.google.android.googlequicksearchbox:interactor
    baseDir=/product/priv-app/Velvet/Velvet.apk
    dataDir=/data/user/0/com.google.android.googlequicksearchbox
    app=ProcessRecord{c877e3a 1763:com.google.android.googlequicksearchbox:interactor/u0a132}
    mAllowWhileInUsePermissionInFgsReason=ACTIVITY_STARTER
    allowUiJobScheduling=false
    recentCallingPackage=com.google.android.googlequicksearchbox
    recentCallingUid=10132
    allowStartForeground=ACTIVITY_STARTER
    startForegroundCount=0
    infoAllowStartForeground=[callingPackage: com.google.android.googlequicksearchbox; callingUid: 10132; uidState: BTOP; uidBFSL: [BFSL]; intent: Intent { pkg=com.google.android.googlequicksearchbox cmp=com.google.android.googlequicksearchbox/com.google.android.apps.gsa.nga.engine.viss.NgaService }; code:ACTIVITY_STARTER; tempAllowListReason:<null>; targetSdkVersion:31; callerTargetSdkVersion:31; startForegroundCount:0; bindFromPackage:null: isBindService:true]
    createTime=-55m48s823ms startingBgTimeout=--
    lastActivity=-55m48s823ms restartTime=-55m48s823ms createdFromFg=true
    Bindings:
    * IntentBindRecord{385c8cc CREATE}:
      intent={pkg=com.google.android.googlequicksearchbox cmp=com.google.android.googlequicksearchbox/com.google.android.apps.gsa.nga.engine.viss.NgaService}
      binder=android.os.BinderProxy@cecd715
      requested=true received=true hasBound=true doRebind=false
      * Client AppBindRecord{99e2a2a ProcessRecord{d35f86b 1959:com.google.android.googlequicksearchbox:search/u0a132}}
        Per-process Connections:
          ConnectionRecord{aca17f2 u0 CR com.google.android.googlequicksearchbox/com.google.android.apps.gsa.nga.engine.viss.NgaService:@c103efd flags=0x1}
    All Connections:
      ConnectionRecord{aca17f2 u0 CR com.google.android.googlequicksearchbox/com.google.android.apps.gsa.nga.engine.viss.NgaService:@c103efd flags=0x1}

  * ServiceRecord{c3d856d u0 com.google.android.gms/.thunderbird.EmergencyPersistentService}
    intent={cmp=com.google.android.gms/.thunderbird.EmergencyPersistentService}
    packageName=com.google.android.gms
    processName=com.google.android.gms.persistent
    baseDir=/product/priv-app/PrebuiltGmsCore/PrebuiltGmsCore.apk
    dataDir=/data/user/0/com.google.android.gms
    app=ProcessRecord{d686e4d 5045:com.google.android.gms.persistent/u0a128}
    mAllowWhileInUsePermissionInFgsReason=ACTIVITY_STARTER
    allowUiJobScheduling=false
    recentCallingPackage=com.google.android.gms
    recentCallingUid=10128
    allowStartForeground=ACTIVITY_STARTER
    startForegroundCount=0
    infoAllowStartForeground=[callingPackage: com.google.android.gms; callingUid: 10128; uidState: BTOP; uidBFSL: [BFSL]; intent: Intent { cmp=com.google.android.gms/.thunderbird.EmergencyPersistentService }; code:ACTIVITY_STARTER; tempAllowListReason:<,reasonCode:SYSTEM_ALLOW_LISTED,duration:9223372036854775807,callingUid:-1>; targetSdkVersion:33; callerTargetSdkVersion:33; startForegroundCount:0; bindFromPackage:null: isBindService:false]
    createTime=-55m39s804ms startingBgTimeout=--
    lastActivity=-55m25s701ms restartTime=-55m25s701ms createdFromFg=false
    startRequested=true delayedStop=false stopIfKilled=false callStart=true lastStartId=3
 startCommandResult=1
    restartCount=1 restartDelay=-54m4s739ms nextRestartTime=-53m14s774ms crashCount=0

  * ServiceRecord{b230360 u0 com.google.android.apps.nexuslauncher/com.android.launcher3.notification.NotificationListener}
    intent={act=android.service.notification.NotificationListenerService cmp=com.google.android.apps.nexuslauncher/com.android.launcher3.notification.NotificationListener}
    packageName=com.google.android.apps.nexuslauncher
    processName=com.google.android.apps.nexuslauncher
    permission=android.permission.BIND_NOTIFICATION_LISTENER_SERVICE
    baseDir=/system_ext/priv-app/NexusLauncherRelease/NexusLauncherRelease.apk
    dataDir=/data/user/0/com.google.android.apps.nexuslauncher
    app=ProcessRecord{e299f5d 1156:com.google.android.apps.nexuslauncher/u0a169}
    allowlistManager=true
    mAllowWhileInUsePermissionInFgsReason=PROC_STATE_PERSISTENT
    allowUiJobScheduling=false
    recentCallingPackage=android
    recentCallingUid=1000
    allowStartForeground=PROC_STATE_PERSISTENT
    startForegroundCount=0
    infoAllowStartForeground=[callingPackage: android; callingUid: 1000; uidState: PER ; uidBFSL: [BFSL]; intent: Intent { act=android.service.notification.NotificationListenerService cmp=com.google.android.apps.nexuslauncher/com.android.launcher3.notification.NotificationListener }; code:PROC_STATE_PERSISTENT; tempAllowListReason:<a992e06 android.intent.action.LOCKED_BOOT_COMPLETED/u0,reasonCode:LOCKED_BOOT_COMPLETED,duration:20000,callingUid:1000>; targetSdkVersion:33; callerTargetSdkVersion:34; startForegroundCount:0; bindFromPackage:null: isBindService:true]
    createTime=-55m50s90ms startingBgTimeout=--
    lastActivity=-55m50s89ms restartTime=-55m50s89ms createdFromFg=true
    Bindings:
    * IntentBindRecord{facf01b CREATE}:
      intent={act=android.service.notification.NotificationListenerService cmp=com.google.android.apps.nexuslauncher/com.android.launcher3.notification.NotificationListener}
      binder=android.os.BinderProxy@daca5b8
      requested=true received=true hasBound=true doRebind=false
      * Client AppBindRecord{150cf91 ProcessRecord{d3c41bf 542:system/1000}}
        Per-process Connections:
          ConnectionRecord{5c11b63 u0 CR FGS !PRCP com.google.android.apps.nexuslauncher/com.android.launcher3.notification.NotificationListener:@a565592 flags=0x5000101}
    All Connections:
      ConnectionRecord{5c11b63 u0 CR FGS !PRCP com.google.android.apps.nexuslauncher/com.android.launcher3.notification.NotificationListener:@a565592 flags=0x5000101}

  * ServiceRecord{fd7d09 u0 com.google.android.as/com.google.android.apps.miphone.aiai.common.notification.service.AiAiNotificationListenerService}
    intent={act=android.service.notification.NotificationListenerService cmp=com.google.android.as/com.google.android.apps.miphone.aiai.common.notification.service.AiAiNotificationListenerService}
    packageName=com.google.android.as
    processName=com.google.android.as
    permission=android.permission.BIND_NOTIFICATION_LISTENER_SERVICE
    baseDir=/product/priv-app/DevicePersonalizationPrebuiltPixel2021/DevicePersonalizationPrebuiltPixel2021.apk
    dataDir=/data/user/0/com.google.android.as
    app=ProcessRecord{487a3bd 1703:com.google.android.as/u0a127}
    allowlistManager=true
    mAllowWhileInUsePermissionInFgsReason=PROC_STATE_PERSISTENT
    allowUiJobScheduling=false
    recentCallingPackage=android
    recentCallingUid=1000
    allowStartForeground=PROC_STATE_PERSISTENT
    startForegroundCount=0
    infoAllowStartForeground=[callingPackage: android; callingUid: 1000; uidState: PER ; uidBFSL: [BFSL]; intent: Intent { act=android.service.notification.NotificationListenerService cmp=com.google.android.as/com.google.android.apps.miphone.aiai.common.notification.service.AiAiNotificationListenerService }; code:PROC_STATE_PERSISTENT; tempAllowListReason:<a992e06 android.intent.action.LOCKED_BOOT_COMPLETED/u0,reasonCode:LOCKED_BOOT_COMPLETED,duration:20000,callingUid:1000>; targetSdkVersion:34; callerTargetSdkVersion:34; startForegroundCount:0; bindFromPackage:null: isBindService:true]
    createTime=-55m50s16ms startingBgTimeout=--
    lastActivity=-55m50s16ms restartTime=-55m50s16ms createdFromFg=true
    Bindings:
    * IntentBindRecord{9ccbef6 CREATE}:
      intent={act=android.service.notification.NotificationListenerService cmp=com.google.android.as/com.google.android.apps.miphone.aiai.common.notification.service.AiAiNotificationListenerService}
      binder=android.os.BinderProxy@6a072f7
      requested=true received=true hasBound=true doRebind=false
      * Client AppBindRecord{7626564 ProcessRecord{d3c41bf 542:system/1000}}
        Per-process Connections:
          ConnectionRecord{bc23e10 u0 CR FGS !PRCP com.google.android.as/com.google.android.apps.miphone.aiai.common.notification.service.AiAiNotificationListenerService:@8a2d2d3 flags=0x5000101}
    All Connections:
      ConnectionRecord{bc23e10 u0 CR FGS !PRCP com.google.android.as/com.google.android.apps.miphone.aiai.common.notification.service.AiAiNotificationListenerService:@8a2d2d3 flags=0x5000101}

  * ServiceRecord{af8ba33 u0 com.android.systemui/.SystemUIService}
    intent={cmp=com.android.systemui/.SystemUIService}
    packageName=com.android.systemui
    processName=com.android.systemui
    baseDir=/system_ext/priv-app/SystemUIGoogle/SystemUIGoogle.apk
    dataDir=/data/user_de/0/com.android.systemui
    app=ProcessRecord{baf34ae 885:com.android.systemui/u0a168}
    mAllowWhileInUsePermissionInFgsReason=PROC_STATE_PERSISTENT
    allowUiJobScheduling=false
    recentCallingPackage=android
    recentCallingUid=1000
    allowStartForeground=PROC_STATE_PERSISTENT
    startForegroundCount=0
    infoAllowStartForeground=[callingPackage: android; callingUid: 1000; uidState: PER ; uidBFSL: [BFSL]; intent: Intent { flg=0x100 cmp=com.android.systemui/.SystemUIService }; code:PROC_STATE_PERSISTENT; tempAllowListReason:<null>; targetSdkVersion:34; callerTargetSdkVersion:34; startForegroundCount:0; bindFromPackage:null: isBindService:false]
    createTime=-55m51s992ms startingBgTimeout=--
    lastActivity=-55m51s992ms restartTime=-55m51s992ms createdFromFg=true
    startRequested=true delayedStop=false stopIfKilled=false callStart=true lastStartId=1
 startCommandResult=1

  * ServiceRecord{7c2f69 u0 com.google.android.gms/.nearby.exposurenotification.service.ExposureMatchingService}
    intent={act=com.google.android.gms.nearby.exposurenotification.service.EXPOSURE_MATCHING_START cmp=com.google.android.gms/.nearby.exposurenotification.service.ExposureMatchingService}
    packageName=com.google.android.gms
    processName=com.google.android.gms.persistent
    baseDir=/product/priv-app/PrebuiltGmsCore/PrebuiltGmsCore.apk
    dataDir=/data/user/0/com.google.android.gms
    app=ProcessRecord{d686e4d 5045:com.google.android.gms.persistent/u0a128}
    mAllowWhileInUsePermissionInFgsReason=ACTIVITY_STARTER
    allowUiJobScheduling=false
    recentCallingPackage=com.google.android.gms
    recentCallingUid=10128
    allowStartForeground=ACTIVITY_STARTER
    startForegroundCount=0
    infoAllowStartForeground=[callingPackage: com.google.android.gms; callingUid: 10128; uidState: BTOP; uidBFSL: [BFSL]; intent: Intent { act=com.google.android.gms.nearby.exposurenotification.service.EXPOSURE_MATCHING_START cmp=com.google.android.gms/.nearby.exposurenotification.service.ExposureMatchingService (has extras) }; code:ACTIVITY_STARTER; tempAllowListReason:<,reasonCode:SYSTEM_ALLOW_LISTED,duration:9223372036854775807,callingUid:-1>; targetSdkVersion:33; callerTargetSdkVersion:33; startForegroundCount:0; bindFromPackage:null: isBindService:false]
    createTime=-55m41s67ms startingBgTimeout=--
    lastActivity=-55m25s695ms restartTime=-55m25s695ms createdFromFg=false
    startRequested=true delayedStop=false stopIfKilled=false callStart=true lastStartId=3
 startCommandResult=1
    restartCount=1 restartDelay=-50m44s745ms nextRestartTime=-49m54s774ms crashCount=0

  * ServiceRecord{ce6522c u0 android/.hardware.location.GeofenceHardwareService}
    intent={cmp=android/.hardware.location.GeofenceHardwareService}
    packageName=android
    processName=system
    permission=android.permission.LOCATION_HARDWARE
    baseDir=/system/framework/framework-res.apk
    dataDir=/data/system
    app=ProcessRecord{d3c41bf 542:system/1000}
    mAllowWhileInUsePermissionInFgsReason=PROC_STATE_PERSISTENT
    allowUiJobScheduling=false
    recentCallingPackage=android
    recentCallingUid=1000
    allowStartForeground=PROC_STATE_PERSISTENT
    startForegroundCount=0
    infoAllowStartForeground=[callingPackage: android; callingUid: 1000; uidState: PER ; uidBFSL: [BFSL]; intent: Intent { cmp=android/.hardware.location.GeofenceHardwareService }; code:PROC_STATE_PERSISTENT; tempAllowListReason:<null>; targetSdkVersion:34; callerTargetSdkVersion:34; startForegroundCount:0; bindFromPackage:null: isBindService:true]
    createTime=-55m52s293ms startingBgTimeout=--
    lastActivity=-55m52s292ms restartTime=-55m52s292ms createdFromFg=true
    Bindings:
    * IntentBindRecord{f21d3cd CREATE}:
      intent={cmp=android/.hardware.location.GeofenceHardwareService}
      binder=android.hardware.location.GeofenceHardwareService$1@d7dd482
      requested=true received=true hasBound=true doRebind=false
      * Client AppBindRecord{3df4793 ProcessRecord{d3c41bf 542:system/1000}}
        Per-process Connections:
          ConnectionRecord{a9075df u0 CR android/.hardware.location.GeofenceHardwareService:@3d0dc7e flags=0x1}
    All Connections:
      ConnectionRecord{a9075df u0 CR android/.hardware.location.GeofenceHardwareService:@3d0dc7e flags=0x1}

  * ServiceRecord{b4ac168 u0 com.android.se/.SecureElementService}
    intent={cmp=com.android.se/.SecureElementService}
    packageName=com.android.se
    processName=com.android.se
    baseDir=/system/app/SecureElement/SecureElement.apk
    dataDir=/data/user/0/com.android.se
    app=ProcessRecord{d6d8b18 1088:com.android.se/1068}
    mAllowWhileInUsePermissionInFgsReason=PROC_STATE_PERSISTENT
    allowUiJobScheduling=false
    recentCallingPackage=com.android.se
    recentCallingUid=1068
    allowStartForeground=PROC_STATE_PERSISTENT
    startForegroundCount=0
    infoAllowStartForeground=[callingPackage: com.android.se; callingUid: 1068; uidState: PER ; uidBFSL: [BFSL]; intent: Intent { cmp=com.android.se/.SecureElementService }; code:PROC_STATE_PERSISTENT; tempAllowListReason:<null>; targetSdkVersion:34; callerTargetSdkVersion:34; startForegroundCount:0; bindFromPackage:null: isBindService:false]
    createTime=-55m51s974ms startingBgTimeout=--
    lastActivity=-55m51s974ms restartTime=-55m51s974ms createdFromFg=true
    startRequested=true delayedStop=false stopIfKilled=false callStart=true lastStartId=1
 startCommandResult=1

  * ServiceRecord{d0e7b11 u0 com.google.android.gms/.presencemanager.service.PresenceManagerPresenceReportService}
    intent={cmp=com.google.android.gms/.presencemanager.service.PresenceManagerPresenceReportService}
    packageName=com.google.android.gms
    processName=com.google.android.gms.persistent
    baseDir=/product/priv-app/PrebuiltGmsCore/PrebuiltGmsCore.apk
    dataDir=/data/user/0/com.google.android.gms
    app=ProcessRecord{d686e4d 5045:com.google.android.gms.persistent/u0a128}
    mAllowWhileInUsePermissionInFgsReason=ACTIVITY_STARTER
    allowUiJobScheduling=false
    recentCallingPackage=com.google.android.gms
    recentCallingUid=10128
    allowStartForeground=ACTIVITY_STARTER
    startForegroundCount=0
    infoAllowStartForeground=[callingPackage: com.google.android.gms; callingUid: 10128; uidState: BTOP; uidBFSL: [BFSL]; intent: Intent { cmp=com.google.android.gms/.presencemanager.service.PresenceManagerPresenceReportService }; code:ACTIVITY_STARTER; tempAllowListReason:<,reasonCode:SYSTEM_ALLOW_LISTED,duration:9223372036854775807,callingUid:-1>; targetSdkVersion:33; callerTargetSdkVersion:33; startForegroundCount:0; bindFromPackage:null: isBindService:false]
    createTime=-55m40s154ms startingBgTimeout=--
    lastActivity=-55m25s701ms restartTime=-55m25s701ms createdFromFg=false
    startRequested=true delayedStop=false stopIfKilled=false callStart=true lastStartId=2
 startCommandResult=1
    restartCount=1 restartDelay=-54m14s739ms nextRestartTime=-53m24s774ms crashCount=0

  * ServiceRecord{aa525e8 u0 com.google.android.bluetooth/com.android.bluetooth.hearingaid.HearingAidService}
    intent={cmp=com.google.android.bluetooth/com.android.bluetooth.hearingaid.HearingAidService}
    packageName=com.google.android.bluetooth
    processName=com.google.android.bluetooth
    baseDir=/apex/com.android.btservices/app/BluetoothGoogle@340815010/BluetoothGoogle.apk
    dataDir=/data/user_de/0/com.google.android.bluetooth
    app=ProcessRecord{addf686 10030:com.google.android.bluetooth/1002}
    mAllowWhileInUsePermissionInFgsReason=PROC_STATE_PERSISTENT
    allowUiJobScheduling=false
    recentCallingPackage=android
    recentCallingUid=1000
    allowStartForeground=PROC_STATE_PERSISTENT
    startForegroundCount=0
    infoAllowStartForeground=[callingPackage: com.google.android.bluetooth; callingUid: 1002; uidState: PER ; uidBFSL: [BFSL]; intent: Intent { cmp=com.google.android.bluetooth/com.android.bluetooth.hearingaid.HearingAidService (has extras) }; code:PROC_STATE_PERSISTENT; tempAllowListReason:<886f7ce android.bluetooth.adapter.action.STATE_CHANGED/u-1,reasonCode:BLUETOOTH_BROADCAST,duration:10000,callingUid:1000>; targetSdkVersion:34; callerTargetSdkVersion:34; startForegroundCount:0; bindFromPackage:null: isBindService:false]
    createTime=-6m59s34ms startingBgTimeout=--
    lastActivity=-6m59s34ms restartTime=-6m59s34ms createdFromFg=true
    startRequested=true delayedStop=false stopIfKilled=true callStart=true lastStartId=1
 startCommandResult=2
    Bindings:
    * IntentBindRecord{5e0602f}:
      intent={act=android.bluetooth.IBluetoothHearingAid cmp=com.google.android.bluetooth/com.android.bluetooth.hearingaid.HearingAidService}
      binder=android.os.BinderProxy@131763c
      requested=true received=true hasBound=true doRebind=false
      * Client AppBindRecord{27dcfc5 ProcessRecord{d3c41bf 542:system/1000}}
        Per-process Connections:
          ConnectionRecord{7564cf8 u0 com.google.android.bluetooth/com.android.bluetooth.hearingaid.HearingAidService:@963ac5b flags=0x0}
    All Connections:
      ConnectionRecord{7564cf8 u0 com.google.android.bluetooth/com.android.bluetooth.hearingaid.HearingAidService:@963ac5b flags=0x0}

  * ServiceRecord{7e6eeef u0 com.google.android.youtube/com.google.android.apps.youtube.app.common.notification.FcmMessageListenerService}
    intent={act=com.google.firebase.MESSAGING_EVENT pkg=com.google.android.youtube}
    packageName=com.google.android.youtube
    processName=com.google.android.youtube
    baseDir=/product/app/YouTube/YouTube.apk
    dataDir=/data/user/0/com.google.android.youtube
    app=ProcessRecord{7e2a39d 10116:com.google.android.youtube/u0a139}
    mAllowWhileInUsePermissionInFgsReason=DENIED
    allowUiJobScheduling=false
    recentCallingPackage=com.google.android.youtube
    recentCallingUid=10139
    allowStartForeground=DENIED
    startForegroundCount=0
    infoAllowStartForeground=[callingPackage: com.google.android.youtube; callingUid: 10139; uidState: SVC ; uidBFSL: n/a; intent: Intent { act=com.google.firebase.MESSAGING_EVENT pkg=com.google.android.youtube }; code:DENIED; tempAllowListReason:<null>; targetSdkVersion:34; callerTargetSdkVersion:34; startForegroundCount:0; bindFromPackage:null: isBindService:true]
    createTime=-6m56s12ms startingBgTimeout=--
    lastActivity=-6m56s12ms restartTime=-6m56s12ms createdFromFg=false
    Bindings:
    * IntentBindRecord{c3dad1a CREATE}:
      intent={act=com.google.firebase.MESSAGING_EVENT pkg=com.google.android.youtube}
      binder=android.os.BinderProxy@d1cd04b
      requested=true received=true hasBound=true doRebind=false
      * Client AppBindRecord{1bdba28 ProcessRecord{7e2a39d 10116:com.google.android.youtube/u0a139}}
        Per-process Connections:
          ConnectionRecord{4a04fce u0 CR IMP com.google.android.youtube/com.google.android.apps.youtube.app.common.notification.FcmMessageListenerService:@8d73cc9 flags=0x41}
    All Connections:
      ConnectionRecord{4a04fce u0 CR IMP com.google.android.youtube/com.google.android.apps.youtube.app.common.notification.FcmMessageListenerService:@8d73cc9 flags=0x41}

  * ServiceRecord{33ed699 u0 com.google.android.gms/.chimera.PersistentDirectBootAwareApiService}
    intent={act=com.google.android.gms.clearcut.service.START pkg=com.google.android.gms}
    packageName=com.google.android.gms
    processName=com.google.android.gms.persistent
    baseDir=/product/priv-app/PrebuiltGmsCore/PrebuiltGmsCore.apk
    dataDir=/data/user/0/com.google.android.gms
    app=ProcessRecord{d686e4d 5045:com.google.android.gms.persistent/u0a128}
    mAllowWhileInUsePermissionInFgsReason=BACKGROUND_ACTIVITY_PERMISSION
    allowUiJobScheduling=false
    recentCallingPackage=com.google.android.apps.wellbeing
    recentCallingUid=10118
    allowStartForeground=BACKGROUND_ACTIVITY_PERMISSION
    startForegroundCount=0
    infoAllowStartForeground=[callingPackage: com.google.android.apps.wellbeing; callingUid: 10118; uidState: BFGS; uidBFSL: [BFSL]; intent: Intent { act=com.google.android.gms.clearcut.service.START pkg=com.google.android.gms }; code:BACKGROUND_ACTIVITY_PERMISSION; tempAllowListReason:<null>; targetSdkVersion:33; callerTargetSdkVersion:33; startForegroundCount:0; bindFromPackage:null: isBindService:true]
    createTime=-55m50s455ms startingBgTimeout=--
    lastActivity=-9s531ms restartTime=-- createdFromFg=false
    restartCount=0 restartDelay=-50m54s774ms nextRestartTime=-50m54s774ms crashCount=0
    Bindings:
    * IntentBindRecord{42cc9ef CREATE}:
      intent={act=com.google.android.gms.clearcut.service.START pkg=com.google.android.gms}
      binder=android.os.BinderProxy@a72fcfc
      requested=true received=true hasBound=false doRebind=false
      * Client AppBindRecord{f70a341 ProcessRecord{51fc7c1 10251:com.google.android.contacts/u0a156}}
        Per-process Connections:
          ConnectionRecord{2513b9f u0 CR WACT CAPS com.google.android.gms/.chimera.PersistentDirectBootAwareApiService:@26213e flags=0x1081}
      * Client AppBindRecord{201e839 ProcessRecord{6199b00 8608:com.google.android.apps.messaging/u0a131}}
        Per-process Connections:
          ConnectionRecord{17924c1 u0 CR WACT CAPS com.google.android.gms/.chimera.PersistentDirectBootAwareApiService:@37951a8 flags=0x1081}
      * Client AppBindRecord{9f980e6 ProcessRecord{73dee44 10703:com.google.android.apps.wellbeing/u0a118}}
        Per-process Connections:
          ConnectionRecord{558918f u0 CR WACT CAPS com.google.android.gms/.chimera.PersistentDirectBootAwareApiService:@85e58ee flags=0x1081}
    * IntentBindRecord{326160b CREATE}:
      intent={act=com.google.android.gms.usagereporting.service.START pkg=com.google.android.gms}
      binder=android.os.BinderProxy@970ece8
      requested=true received=true hasBound=true doRebind=false
      * Client AppBindRecord{b3bf01 ProcessRecord{16b54b5 4751:com.google.android.apps.messaging:rcs/u0a131}}
        Per-process Connections:
          ConnectionRecord{7b2c5ab u0 CR WACT CAPS com.google.android.gms/.chimera.PersistentDirectBootAwareApiService:@4069bfa flags=0x1081}
      * Client AppBindRecord{c662627 ProcessRecord{51fc7c1 10251:com.google.android.contacts/u0a156}}
        Per-process Connections:
          ConnectionRecord{857f0f5 u0 CR WACT CAPS com.google.android.gms/.chimera.PersistentDirectBootAwareApiService:@8679e2c flags=0x1081}
      * Client AppBindRecord{2689fdf ProcessRecord{6199b00 8608:com.google.android.apps.messaging/u0a131}}
        Per-process Connections:
          ConnectionRecord{7d51c7f u0 CR WACT CAPS com.google.android.gms/.chimera.PersistentDirectBootAwareApiService:@e7b799e flags=0x1081}
      * Client AppBindRecord{c80d1a6 ProcessRecord{6fea66a 1574:com.google.android.inputmethod.latin/u0a146}}
        Per-process Connections:
          ConnectionRecord{f8d757f u0 CR WACT CAPS com.google.android.gms/.chimera.PersistentDirectBootAwareApiService:@4e9969e flags=0x1081}
      * Client AppBindRecord{4850d4 ProcessRecord{73dee44 10703:com.google.android.apps.wellbeing/u0a118}}
        Per-process Connections:
          ConnectionRecord{35825f0 u0 CR WACT CAPS com.google.android.gms/.chimera.PersistentDirectBootAwareApiService:@381ee33 flags=0x1081}
    * IntentBindRecord{9dbef94}:
      intent={act=com.google.android.chimera.BoundService.START dat=chimera-action:com.google.android.gms.libs.gmscorelogger.service.START cmp=com.google.android.gms/.chimera.PersistentDirectBootAwareApiService}
      binder=android.os.BinderProxy@61c4a3d
      requested=true received=true hasBound=false doRebind=false
    * IntentBindRecord{d86232 CREATE}:
      intent={act=com.google.android.chimera.BoundService.START dat=chimera-action:com.google.android.gms.clearcut.service.START cmp=com.google.android.gms/.chimera.PersistentDirectBootAwareApiService}
      binder=android.os.BinderProxy@eb93b83
      requested=true received=true hasBound=false doRebind=false
      * Client AppBindRecord{cbc342c ProcessRecord{d686e4d 5045:com.google.android.gms.persistent/u0a128}}
        Per-process Connections:
          ConnectionRecord{4d06bfb u0 CR WACT CAPS com.google.android.gms/.chimera.PersistentDirectBootAwareApiService:@834a98a flags=0x1081}
    * IntentBindRecord{6a66f7e CREATE}:
      intent={act=com.google.android.chimera.BoundService.START dat=chimera-action:com.google.android.gms.usagereporting.service.START cmp=com.google.android.gms/.chimera.PersistentDirectBootAwareApiService}
      binder=android.os.BinderProxy@44a0cdf
      requested=true received=true hasBound=true doRebind=false
      * Client AppBindRecord{51783f5 ProcessRecord{8311310 5144:com.google.android.gms/u0a128}}
        Per-process Connections:
          ConnectionRecord{9dbcc6c u0 CR WACT CAPS com.google.android.gms/.chimera.PersistentDirectBootAwareApiService:@6e2711f flags=0x1081}
      * Client AppBindRecord{9b6058a ProcessRecord{d686e4d 5045:com.google.android.gms.persistent/u0a128}}
        Per-process Connections:
          ConnectionRecord{3cdc42f u0 CR WACT CAPS com.google.android.gms/.chimera.PersistentDirectBootAwareApiService:@7b4320e flags=0x1081}
    All Connections:
      ConnectionRecord{2513b9f u0 CR WACT CAPS com.google.android.gms/.chimera.PersistentDirectBootAwareApiService:@26213e flags=0x1081}
      ConnectionRecord{17924c1 u0 CR WACT CAPS com.google.android.gms/.chimera.PersistentDirectBootAwareApiService:@37951a8 flags=0x1081}
      ConnectionRecord{35825f0 u0 CR WACT CAPS com.google.android.gms/.chimera.PersistentDirectBootAwareApiService:@381ee33 flags=0x1081}
      ConnectionRecord{7b2c5ab u0 CR WACT CAPS com.google.android.gms/.chimera.PersistentDirectBootAwareApiService:@4069bfa flags=0x1081}
      ConnectionRecord{f8d757f u0 CR WACT CAPS com.google.android.gms/.chimera.PersistentDirectBootAwareApiService:@4e9969e flags=0x1081}
      ConnectionRecord{9dbcc6c u0 CR WACT CAPS com.google.android.gms/.chimera.PersistentDirectBootAwareApiService:@6e2711f flags=0x1081}
      ConnectionRecord{3cdc42f u0 CR WACT CAPS com.google.android.gms/.chimera.PersistentDirectBootAwareApiService:@7b4320e flags=0x1081}
      ConnectionRecord{4d06bfb u0 CR WACT CAPS com.google.android.gms/.chimera.PersistentDirectBootAwareApiService:@834a98a flags=0x1081}
      ConnectionRecord{558918f u0 CR WACT CAPS com.google.android.gms/.chimera.PersistentDirectBootAwareApiService:@85e58ee flags=0x1081}
      ConnectionRecord{857f0f5 u0 CR WACT CAPS com.google.android.gms/.chimera.PersistentDirectBootAwareApiService:@8679e2c flags=0x1081}
      ConnectionRecord{7d51c7f u0 CR WACT CAPS com.google.android.gms/.chimera.PersistentDirectBootAwareApiService:@e7b799e flags=0x1081}

  * ServiceRecord{ae4ea1a u0 com.google.android.gms/.geotimezone.GeoTimeZoneService}
    intent={act=android.service.timezone.PrimaryLocationTimeZoneProviderService cmp=com.google.android.gms/.geotimezone.GeoTimeZoneService}
    packageName=com.google.android.gms
    processName=com.google.android.gms.persistent
    permission=android.permission.BIND_TIME_ZONE_PROVIDER_SERVICE
    baseDir=/product/priv-app/PrebuiltGmsCore/PrebuiltGmsCore.apk
    dataDir=/data/user/0/com.google.android.gms
    app=ProcessRecord{d686e4d 5045:com.google.android.gms.persistent/u0a128}
    mAllowWhileInUsePermissionInFgsReason=PROC_STATE_PERSISTENT
    allowUiJobScheduling=false
    recentCallingPackage=android
    recentCallingUid=1000
    allowStartForeground=PROC_STATE_PERSISTENT
    startForegroundCount=0
    infoAllowStartForeground=[callingPackage: android; callingUid: 1000; uidState: PER ; uidBFSL: [BFSL]; intent: Intent { act=android.service.timezone.PrimaryLocationTimeZoneProviderService cmp=com.google.android.gms/.geotimezone.GeoTimeZoneService }; code:PROC_STATE_PERSISTENT; tempAllowListReason:<a992e06 android.intent.action.LOCKED_BOOT_COMPLETED/u0,reasonCode:LOCKED_BOOT_COMPLETED,duration:20000,callingUid:1000>; targetSdkVersion:33; callerTargetSdkVersion:34; startForegroundCount:0; bindFromPackage:null: isBindService:true]
    createTime=-55m50s15ms startingBgTimeout=--
    lastActivity=-55m25s700ms restartTime=-55m25s700ms createdFromFg=false
    restartCount=1 restartDelay=-53m34s739ms nextRestartTime=-52m44s774ms crashCount=0
    Bindings:
    * IntentBindRecord{42d6018 CREATE}:
      intent={act=android.service.timezone.PrimaryLocationTimeZoneProviderService cmp=com.google.android.gms/.geotimezone.GeoTimeZoneService}
      binder=android.os.BinderProxy@5296a71
      requested=true received=true hasBound=true doRebind=false
      * Client AppBindRecord{576f056 ProcessRecord{d3c41bf 542:system/1000}}
        Per-process Connections:
          ConnectionRecord{477e0c5 u0 CR !FG !VIS com.google.android.gms/.geotimezone.GeoTimeZoneService:@f752b3c flags=0x40000005}
    All Connections:
      ConnectionRecord{477e0c5 u0 CR !FG !VIS com.google.android.gms/.geotimezone.GeoTimeZoneService:@f752b3c flags=0x40000005}

  * ServiceRecord{9d3b4db u0 com.google.android.gms/.location.persistent.LocationPersistentService}
    intent={cmp=com.google.android.gms/.location.persistent.LocationPersistentService}
    packageName=com.google.android.gms
    processName=com.google.android.gms.persistent
    baseDir=/product/priv-app/PrebuiltGmsCore/PrebuiltGmsCore.apk
    dataDir=/data/user/0/com.google.android.gms
    app=ProcessRecord{d686e4d 5045:com.google.android.gms.persistent/u0a128}
    mAllowWhileInUsePermissionInFgsReason=ACTIVITY_STARTER
    allowUiJobScheduling=false
    recentCallingPackage=com.google.android.gms
    recentCallingUid=10128
    allowStartForeground=ACTIVITY_STARTER
    startForegroundCount=0
    infoAllowStartForeground=[callingPackage: com.google.android.gms; callingUid: 10128; uidState: BTOP; uidBFSL: [BFSL]; intent: Intent { cmp=com.google.android.gms/.location.persistent.LocationPersistentService }; code:ACTIVITY_STARTER; tempAllowListReason:<,reasonCode:SYSTEM_ALLOW_LISTED,duration:9223372036854775807,callingUid:-1>; targetSdkVersion:33; callerTargetSdkVersion:33; startForegroundCount:0; bindFromPackage:null: isBindService:false]
    createTime=-55m33s111ms startingBgTimeout=--
    lastActivity=-55m25s701ms restartTime=-55m25s701ms createdFromFg=false
    startRequested=true delayedStop=false stopIfKilled=false callStart=true lastStartId=3
 startCommandResult=1
    restartCount=1 restartDelay=-53m14s741ms nextRestartTime=-52m24s775ms crashCount=0

  * ServiceRecord{ceaaf0c u0 com.google.android.gms/.nearby.discovery.service.DiscoveryService}
    intent={act=com.google.android.gms.nearby.discovery:ACTION_PERMISSION_CHANGE cmp=com.google.android.gms/.nearby.discovery.service.DiscoveryService}
    packageName=com.google.android.gms
    processName=com.google.android.gms.persistent
    permission=com.google.android.gms.permission.NEARBY_START_DISCOVERER
    baseDir=/product/priv-app/PrebuiltGmsCore/PrebuiltGmsCore.apk
    dataDir=/data/user/0/com.google.android.gms
    app=ProcessRecord{d686e4d 5045:com.google.android.gms.persistent/u0a128}
    mAllowWhileInUsePermissionInFgsReason=ACTIVITY_STARTER
    allowUiJobScheduling=false
    recentCallingPackage=com.google.android.gms
    recentCallingUid=10128
    allowStartForeground=ACTIVITY_STARTER
    startForegroundCount=0
    infoAllowStartForeground=[callingPackage: com.google.android.gms; callingUid: 10128; uidState: BTOP; uidBFSL: [BFSL]; intent: Intent { act=com.google.android.gms.nearby.discovery:ACTION_PERMISSION_CHANGE cmp=com.google.android.gms/.nearby.discovery.service.DiscoveryService }; code:ACTIVITY_STARTER; tempAllowListReason:<,reasonCode:SYSTEM_ALLOW_LISTED,duration:9223372036854775807,callingUid:-1>; targetSdkVersion:33; callerTargetSdkVersion:33; startForegroundCount:0; bindFromPackage:null: isBindService:false]
    createTime=-55m25s341ms startingBgTimeout=--
    lastActivity=-6m58s698ms restartTime=-55m25s341ms createdFromFg=true
    startRequested=true delayedStop=false stopIfKilled=true callStart=true lastStartId=20
 startCommandResult=2

  * ServiceRecord{cb7035 u0 com.google.android.gms/com.google.android.location.internal.PendingIntentCallbackService}
    intent={act=com.google.android.location.internal.action.FLP_LOW_POWER_LOCATION_RESULT pkg=com.google.android.gms cmp=com.google.android.gms/com.google.android.location.internal.PendingIntentCallbackService}
    packageName=com.google.android.gms
    processName=com.google.android.gms.persistent
    baseDir=/product/priv-app/PrebuiltGmsCore/PrebuiltGmsCore.apk
    dataDir=/data/user/0/com.google.android.gms
    app=ProcessRecord{d686e4d 5045:com.google.android.gms.persistent/u0a128}
    mAllowWhileInUsePermissionInFgsReason=ACTIVITY_STARTER
    allowUiJobScheduling=false
    recentCallingPackage=com.google.android.gms
    recentCallingUid=10128
    allowStartForeground=ACTIVITY_STARTER
    startForegroundCount=0
    infoAllowStartForeground=[callingPackage: com.google.android.gms; callingUid: 10128; uidState: BTOP; uidBFSL: [BFSL]; intent: Intent { act=com.google.android.location.internal.action.FLP_LOW_POWER_LOCATION_RESULT pkg=com.google.android.gms cmp=com.google.android.gms/com.google.android.location.internal.PendingIntentCallbackService (has extras) }; code:ACTIVITY_STARTER; tempAllowListReason:<,reasonCode:SYSTEM_ALLOW_LISTED,duration:9223372036854775807,callingUid:-1>; targetSdkVersion:33; callerTargetSdkVersion:33; startForegroundCount:0; bindFromPackage:null: isBindService:false]
    createTime=-55m24s332ms startingBgTimeout=--
    lastActivity=-8m25s917ms restartTime=-55m24s332ms createdFromFg=true
    startRequested=true delayedStop=false stopIfKilled=true callStart=true lastStartId=7
 startCommandResult=2

  * ServiceRecord{2ad673a u0 com.google.android.as/com.google.android.apps.miphone.aiai.app.AiAiPredictionService}
    intent={act=android.service.appprediction.AppPredictionService cmp=com.google.android.as/com.google.android.apps.miphone.aiai.app.AiAiPredictionService}
    packageName=com.google.android.as
    processName=com.google.android.as
    permission=android.permission.MANAGE_APP_PREDICTIONS
    baseDir=/product/priv-app/DevicePersonalizationPrebuiltPixel2021/DevicePersonalizationPrebuiltPixel2021.apk
    dataDir=/data/user/0/com.google.android.as
    app=ProcessRecord{487a3bd 1703:com.google.android.as/u0a127}
    mAllowWhileInUsePermissionInFgsReason=PROC_STATE_PERSISTENT
    allowUiJobScheduling=false
    recentCallingPackage=android
    recentCallingUid=1000
    allowStartForeground=PROC_STATE_PERSISTENT
    startForegroundCount=0
    infoAllowStartForeground=[callingPackage: android; callingUid: 1000; uidState: PER ; uidBFSL: [BFSL]; intent: Intent { act=android.service.appprediction.AppPredictionService cmp=com.google.android.as/com.google.android.apps.miphone.aiai.app.AiAiPredictionService }; code:PROC_STATE_PERSISTENT; tempAllowListReason:<ce5c65e android.intent.action.PRE_BOOT_COMPLETED/u0,reasonCode:PRE_BOOT_COMPLETED,duration:20000,callingUid:1000>; targetSdkVersion:34; callerTargetSdkVersion:34; startForegroundCount:0; bindFromPackage:null: isBindService:true]
    createTime=-55m48s627ms startingBgTimeout=--
    lastActivity=-55m48s627ms restartTime=-55m48s627ms createdFromFg=true
    Bindings:
    * IntentBindRecord{962b8d7 CREATE}:
      intent={act=android.service.appprediction.AppPredictionService cmp=com.google.android.as/com.google.android.apps.miphone.aiai.app.AiAiPredictionService}
      binder=android.os.BinderProxy@a465c4
      requested=true received=true hasBound=true doRebind=false
      * Client AppBindRecord{6993cad ProcessRecord{d3c41bf 542:system/1000}}
        Per-process Connections:
          ConnectionRecord{d8d9e65 u0 CR FGS CAPS com.google.android.as/com.google.android.apps.miphone.aiai.app.AiAiPredictionService:@2badb5c flags=0x4001001}
    All Connections:
      ConnectionRecord{d8d9e65 u0 CR FGS CAPS com.google.android.as/com.google.android.apps.miphone.aiai.app.AiAiPredictionService:@2badb5c flags=0x4001001}

  * ServiceRecord{df8eadf u0 com.google.android.gms/.nearby.messages.service.NearbyMessagesService}
    intent={act=com.google.android.gms.nearby.messages.service.NearbyMessagesService.START pkg=com.google.android.gms}
    packageName=com.google.android.gms
    processName=com.google.android.gms.persistent
    baseDir=/product/priv-app/PrebuiltGmsCore/PrebuiltGmsCore.apk
    dataDir=/data/user/0/com.google.android.gms
    app=ProcessRecord{d686e4d 5045:com.google.android.gms.persistent/u0a128}
    mAllowWhileInUsePermissionInFgsReason=ACTIVITY_STARTER
    allowUiJobScheduling=false
    recentCallingPackage=com.google.android.gms
    recentCallingUid=10128
    allowStartForeground=ACTIVITY_STARTER
    startForegroundCount=0
    infoAllowStartForeground=[callingPackage: com.google.android.gms; callingUid: 10128; uidState: BTOP; uidBFSL: [BFSL]; intent: Intent { act=com.google.android.gms.nearby.messages.service.NearbyMessagesService.START pkg=com.google.android.gms }; code:ACTIVITY_STARTER; tempAllowListReason:<,reasonCode:SYSTEM_ALLOW_LISTED,duration:9223372036854775807,callingUid:-1>; targetSdkVersion:33; callerTargetSdkVersion:33; startForegroundCount:0; bindFromPackage:null: isBindService:true]
    createTime=-55m44s898ms startingBgTimeout=--
    lastActivity=-55m25s269ms restartTime=-55m25s703ms createdFromFg=false
    startRequested=true delayedStop=false stopIfKilled=false callStart=true lastStartId=15
 startCommandResult=1
    restartCount=1 restartDelay=-54m44s740ms nextRestartTime=-53m54s775ms crashCount=0
    Bindings:
    * IntentBindRecord{a89bbe2}:
      intent={act=com.google.android.gms.nearby.messages.service.NearbyMessagesService.START pkg=com.google.android.gms}
      binder=android.os.BinderProxy@6b00b73
      requested=true received=true hasBound=false doRebind=true

  * ServiceRecord{815ecd3 u0 com.google.android.bluetooth/com.android.bluetooth.btservice.AdapterService}
    intent={act=android.bluetooth.IBluetooth cmp=com.google.android.bluetooth/com.android.bluetooth.btservice.AdapterService}
    packageName=com.google.android.bluetooth
    processName=com.google.android.bluetooth
    permission=android.permission.ACCESS_BLUETOOTH_SHARE
    baseDir=/apex/com.android.btservices/app/BluetoothGoogle@340815010/BluetoothGoogle.apk
    dataDir=/data/user_de/0/com.google.android.bluetooth
    app=ProcessRecord{addf686 10030:com.google.android.bluetooth/1002}
    mAllowWhileInUsePermissionInFgsReason=PROC_STATE_PERSISTENT
    allowUiJobScheduling=false
    recentCallingPackage=android
    recentCallingUid=1000
    allowStartForeground=PROC_STATE_PERSISTENT
    startForegroundCount=0
    infoAllowStartForeground=[callingPackage: android; callingUid: 1000; uidState: PER ; uidBFSL: [BFSL]; intent: Intent { act=android.bluetooth.IBluetooth cmp=com.google.android.bluetooth/com.android.bluetooth.btservice.AdapterService }; code:PROC_STATE_PERSISTENT; tempAllowListReason:<7eed822 android.bluetooth.adapter.action.BLE_STATE_CHANGED/u-1,reasonCode:BLUETOOTH_BROADCAST,duration:10000,callingUid:1000>; targetSdkVersion:34; callerTargetSdkVersion:34; startForegroundCount:0; bindFromPackage:null: isBindService:true]
    createTime=-6m59s258ms startingBgTimeout=--
    lastActivity=-6m59s199ms restartTime=-6m59s199ms createdFromFg=true
    Bindings:
    * IntentBindRecord{f63327d CREATE}:
      intent={act=android.bluetooth.IBluetooth cmp=com.google.android.bluetooth/com.android.bluetooth.btservice.AdapterService}
      binder=android.os.BinderProxy@4cc572
      requested=true received=true hasBound=true doRebind=false
      * Client AppBindRecord{d04fdc3 ProcessRecord{d3c41bf 542:system/1000}}
        Per-process Connections:
          ConnectionRecord{22ceb61 u0 CR IMP com.google.android.bluetooth/com.android.bluetooth.btservice.AdapterService:@b5b8ec8 flags=0x41}
    All Connections:
      ConnectionRecord{22ceb61 u0 CR IMP com.google.android.bluetooth/com.android.bluetooth.btservice.AdapterService:@b5b8ec8 flags=0x41}

  * ServiceRecord{935e618 u0 com.google.android.as/com.google.android.apps.miphone.aiai.app.AiAiContentCaptureService}
    intent={act=android.service.contentcapture.ContentCaptureService cmp=com.google.android.as/com.google.android.apps.miphone.aiai.app.AiAiContentCaptureService}
    packageName=com.google.android.as
    processName=com.google.android.as
    permission=android.permission.BIND_CONTENT_CAPTURE_SERVICE
    baseDir=/product/priv-app/DevicePersonalizationPrebuiltPixel2021/DevicePersonalizationPrebuiltPixel2021.apk
    dataDir=/data/user/0/com.google.android.as
    app=ProcessRecord{487a3bd 1703:com.google.android.as/u0a127}
    mAllowWhileInUsePermissionInFgsReason=PROC_STATE_PERSISTENT
    allowUiJobScheduling=false
    recentCallingPackage=android
    recentCallingUid=1000
    allowStartForeground=PROC_STATE_PERSISTENT
    startForegroundCount=0
    infoAllowStartForeground=[callingPackage: android; callingUid: 1000; uidState: PER ; uidBFSL: [BFSL]; intent: Intent { act=android.service.contentcapture.ContentCaptureService cmp=com.google.android.as/com.google.android.apps.miphone.aiai.app.AiAiContentCaptureService }; code:PROC_STATE_PERSISTENT; tempAllowListReason:<a992e06 android.intent.action.LOCKED_BOOT_COMPLETED/u0,reasonCode:LOCKED_BOOT_COMPLETED,duration:20000,callingUid:1000>; targetSdkVersion:34; callerTargetSdkVersion:34; startForegroundCount:0; bindFromPackage:null: isBindService:true]
    createTime=-55m49s195ms startingBgTimeout=--
    lastActivity=-55m49s195ms restartTime=-55m49s195ms createdFromFg=true
    Bindings:
    * IntentBindRecord{c75ebcf CREATE}:
      intent={act=android.service.contentcapture.ContentCaptureService cmp=com.google.android.as/com.google.android.apps.miphone.aiai.app.AiAiContentCaptureService}
      binder=android.os.BinderProxy@d28a95c
      requested=true received=true hasBound=true doRebind=false
      * Client AppBindRecord{7125465 ProcessRecord{d3c41bf 542:system/1000}}
        Per-process Connections:
          ConnectionRecord{4b75fb u0 CR FGS CAPS com.google.android.as/com.google.android.apps.miphone.aiai.app.AiAiContentCaptureService:@bed9b8a flags=0x4001001}
    All Connections:
      ConnectionRecord{4b75fb u0 CR FGS CAPS com.google.android.as/com.google.android.apps.miphone.aiai.app.AiAiContentCaptureService:@bed9b8a flags=0x4001001}

  * ServiceRecord{74991db u0 com.google.android.gms/com.google.android.location.internal.server.GoogleLocationService}
    intent={act=com.google.android.location.internal.GMS_NLP pkg=com.google.android.gms}
    packageName=com.google.android.gms
    processName=com.google.android.gms.persistent
    permission=android.permission.ACCESS_COARSE_LOCATION
    baseDir=/product/priv-app/PrebuiltGmsCore/PrebuiltGmsCore.apk
    dataDir=/data/user/0/com.google.android.gms
    app=ProcessRecord{d686e4d 5045:com.google.android.gms.persistent/u0a128}
    mAllowWhileInUsePermissionInFgsReason=BACKGROUND_ACTIVITY_PERMISSION
    allowUiJobScheduling=false
    recentCallingPackage=com.google.android.gms
    recentCallingUid=10128
    allowStartForeground=BACKGROUND_ACTIVITY_PERMISSION
    startForegroundCount=0
    infoAllowStartForeground=[callingPackage: com.google.android.gms; callingUid: 10128; uidState: BFGS; uidBFSL: [BFSL]; intent: Intent { act=com.google.android.location.internal.GMS_NLP pkg=com.google.android.gms (has extras) }; code:BACKGROUND_ACTIVITY_PERMISSION; tempAllowListReason:<,reasonCode:SYSTEM_ALLOW_LISTED,duration:9223372036854775807,callingUid:-1>; targetSdkVersion:33; callerTargetSdkVersion:33; startForegroundCount:0; bindFromPackage:null: isBindService:false]
    createTime=-55m49s917ms startingBgTimeout=--
    lastActivity=-55m9s458ms restartTime=-55m25s700ms createdFromFg=false
    startRequested=true delayedStop=false stopIfKilled=false callStart=true lastStartId=65
 startCommandResult=1
    restartCount=1 restartDelay=-52m34s742ms nextRestartTime=-51m44s775ms crashCount=0

  * ServiceRecord{5599e62 u0 com.google.android.gms/com.google.android.contextmanager.service.ContextManagerService}
    intent={cmp=com.google.android.gms/com.google.android.contextmanager.service.ContextManagerService}
    packageName=com.google.android.gms
    processName=com.google.android.gms.persistent
    baseDir=/product/priv-app/PrebuiltGmsCore/PrebuiltGmsCore.apk
    dataDir=/data/user/0/com.google.android.gms
    app=ProcessRecord{d686e4d 5045:com.google.android.gms.persistent/u0a128}
    mAllowWhileInUsePermissionInFgsReason=BACKGROUND_ACTIVITY_PERMISSION
    allowUiJobScheduling=false
    recentCallingPackage=com.google.android.gms
    recentCallingUid=10128
    allowStartForeground=BACKGROUND_ACTIVITY_PERMISSION
    startForegroundCount=0
    infoAllowStartForeground=[callingPackage: com.google.android.gms; callingUid: 10128; uidState: BTOP; uidBFSL: [BFSL]; intent: Intent { cmp=com.google.android.gms/com.google.android.contextmanager.service.ContextManagerService (has extras) }; code:BACKGROUND_ACTIVITY_PERMISSION; tempAllowListReason:<,reasonCode:SYSTEM_ALLOW_LISTED,duration:9223372036854775807,callingUid:-1>; targetSdkVersion:33; callerTargetSdkVersion:33; startForegroundCount:0; bindFromPackage:null: isBindService:false]
    createTime=-55m49s565ms startingBgTimeout=--
    lastActivity=-55m25s494ms restartTime=-55m25s699ms createdFromFg=false
    startRequested=true delayedStop=false stopIfKilled=false callStart=true lastStartId=4
 startCommandResult=1
    restartCount=1 restartDelay=-52m14s746ms nextRestartTime=-51m24s775ms crashCount=0

  * ServiceRecord{c4a2a4d u0 com.android.systemui/.dump.SystemUIAuxiliaryDumpService}
    intent={cmp=com.android.systemui/.dump.SystemUIAuxiliaryDumpService}
    packageName=com.android.systemui
    processName=com.android.systemui
    permission=com.android.systemui.permission.SELF
    baseDir=/system_ext/priv-app/SystemUIGoogle/SystemUIGoogle.apk
    dataDir=/data/user_de/0/com.android.systemui
    app=ProcessRecord{baf34ae 885:com.android.systemui/u0a168}
    mAllowWhileInUsePermissionInFgsReason=PROC_STATE_PERSISTENT
    allowUiJobScheduling=false
    recentCallingPackage=com.android.systemui
    recentCallingUid=10168
    allowStartForeground=PROC_STATE_PERSISTENT
    startForegroundCount=0
    infoAllowStartForeground=[callingPackage: com.android.systemui; callingUid: 10168; uidState: PER ; uidBFSL: [BFSL]; intent: Intent { cmp=com.android.systemui/.dump.SystemUIAuxiliaryDumpService }; code:PROC_STATE_PERSISTENT; tempAllowListReason:<72cf6cb android.bluetooth.adapter.action.STATE_CHANGED/u-1,reasonCode:BLUETOOTH_BROADCAST,duration:10000,callingUid:1000>; targetSdkVersion:34; callerTargetSdkVersion:34; startForegroundCount:0; bindFromPackage:null: isBindService:false]
    createTime=-55m51s283ms startingBgTimeout=--
    lastActivity=-55m51s283ms restartTime=-55m51s283ms createdFromFg=true
    startRequested=true delayedStop=false stopIfKilled=false callStart=true lastStartId=1
 startCommandResult=1

  * ServiceRecord{ad58fcf u0 com.google.android.gms/com.google.android.location.network.NetworkLocationService}
    intent={act=com.android.location.service.v3.NetworkLocationProvider cmp=com.google.android.gms/com.google.android.location.network.NetworkLocationService}
    packageName=com.google.android.gms
    processName=com.google.android.gms.persistent
    permission=android.permission.WRITE_SECURE_SETTINGS
    baseDir=/product/priv-app/PrebuiltGmsCore/PrebuiltGmsCore.apk
    dataDir=/data/user/0/com.google.android.gms
    app=ProcessRecord{d686e4d 5045:com.google.android.gms.persistent/u0a128}
    mAllowWhileInUsePermissionInFgsReason=PROC_STATE_PERSISTENT
    allowUiJobScheduling=false
    recentCallingPackage=com.google.android.gms
    recentCallingUid=10128
    allowStartForeground=PROC_STATE_PERSISTENT
    startForegroundCount=0
    infoAllowStartForeground=[callingPackage: android; callingUid: 1000; uidState: PER ; uidBFSL: [BFSL]; intent: Intent { act=com.android.location.service.v3.NetworkLocationProvider cmp=com.google.android.gms/com.google.android.location.network.NetworkLocationService }; code:PROC_STATE_PERSISTENT; tempAllowListReason:<a992e06 android.intent.action.LOCKED_BOOT_COMPLETED/u0,reasonCode:LOCKED_BOOT_COMPLETED,duration:20000,callingUid:1000>; targetSdkVersion:33; callerTargetSdkVersion:34; startForegroundCount:0; bindFromPackage:null: isBindService:true]
    createTime=-55m50s94ms startingBgTimeout=--
    lastActivity=-55m24s328ms restartTime=-55m25s701ms createdFromFg=false
    startRequested=false delayedStop=false stopIfKilled=true callStart=true lastStartId=4
 startCommandResult=2
    restartCount=1 restartDelay=-53m24s740ms nextRestartTime=-52m34s775ms crashCount=0
    Bindings:
    * IntentBindRecord{3a2e53a CREATE}:
      intent={act=com.android.location.service.v3.NetworkLocationProvider cmp=com.google.android.gms/com.google.android.location.network.NetworkLocationService}
      binder=android.os.BinderProxy@30f75eb
      requested=true received=true hasBound=true doRebind=false
      * Client AppBindRecord{244ff48 ProcessRecord{d3c41bf 542:system/1000}}
        Per-process Connections:
          ConnectionRecord{c53682e u0 CR !FG !VIS com.google.android.gms/com.google.android.location.network.NetworkLocationService:@73ffaa9 flags=0x40000005}
    All Connections:
      ConnectionRecord{c53682e u0 CR !FG !VIS com.google.android.gms/com.google.android.location.network.NetworkLocationService:@73ffaa9 flags=0x40000005}

  * ServiceRecord{c2045ee u0 com.android.stk/.StkAppService}
    intent={cmp=com.android.stk/.StkAppService}
    packageName=com.android.stk
    processName=com.android.phone
    baseDir=/system/app/Stk/Stk.apk
    dataDir=/data/user_de/0/com.android.stk
    app=ProcessRecord{d65ea48 1115:com.android.phone/1001}
    mAllowWhileInUsePermissionInFgsReason=PROC_STATE_PERSISTENT
    allowUiJobScheduling=false
    recentCallingPackage=com.android.stk
    recentCallingUid=1001
    allowStartForeground=PROC_STATE_PERSISTENT
    startForegroundCount=0
    infoAllowStartForeground=[callingPackage: com.android.stk; callingUid: 1001; uidState: PER ; uidBFSL: [BFSL]; intent: Intent { cmp=com.android.stk/.StkAppService (has extras) }; code:PROC_STATE_PERSISTENT; tempAllowListReason:<null>; targetSdkVersion:34; callerTargetSdkVersion:34; startForegroundCount:0; bindFromPackage:null: isBindService:false]
    createTime=-55m51s287ms startingBgTimeout=--
    lastActivity=-55m43s748ms restartTime=-55m51s287ms createdFromFg=true
    startRequested=true delayedStop=false stopIfKilled=false callStart=true lastStartId=3
 startCommandResult=1

  * ServiceRecord{eeb8933 u0 com.google.android.gms/com.google.android.location.internal.GoogleLocationManagerService}
    intent={act=com.google.android.location.internal.GoogleLocationManagerService.START pkg=com.google.android.gms}
    packageName=com.google.android.gms
    processName=com.google.android.gms.persistent
    baseDir=/product/priv-app/PrebuiltGmsCore/PrebuiltGmsCore.apk
    dataDir=/data/user/0/com.google.android.gms
    app=ProcessRecord{d686e4d 5045:com.google.android.gms.persistent/u0a128}
    mAllowWhileInUsePermissionInFgsReason=BACKGROUND_ACTIVITY_PERMISSION
    allowUiJobScheduling=false
    recentCallingPackage=com.google.android.apps.messaging
    recentCallingUid=10131
    allowStartForeground=BACKGROUND_ACTIVITY_PERMISSION
    startForegroundCount=0
    infoAllowStartForeground=[callingPackage: com.google.android.apps.wellbeing; callingUid: 10118; uidState: BFGS; uidBFSL: [BFSL]; intent: Intent { act=com.google.android.location.internal.GoogleLocationManagerService.START pkg=com.google.android.gms }; code:BACKGROUND_ACTIVITY_PERMISSION; tempAllowListReason:<a992e06 android.intent.action.LOCKED_BOOT_COMPLETED/u0,reasonCode:LOCKED_BOOT_COMPLETED,duration:20000,callingUid:1000>; targetSdkVersion:33; callerTargetSdkVersion:33; startForegroundCount:0; bindFromPackage:null: isBindService:true]
    createTime=-55m50s319ms startingBgTimeout=--
    lastActivity=-21m29s860ms restartTime=-- createdFromFg=false
    startRequested=true delayedStop=false stopIfKilled=false callStart=true lastStartId=9
 startCommandResult=1
    restartCount=0 restartDelay=-54m4s775ms nextRestartTime=-54m4s775ms crashCount=0
    Bindings:
    * IntentBindRecord{6d8d1e1 CREATE}:
      intent={act=com.google.android.location.internal.GoogleLocationManagerService.START pkg=com.google.android.gms}
      binder=android.os.BinderProxy@f4a1b06
      requested=true received=true hasBound=true doRebind=false
      * Client AppBindRecord{36d85c7 ProcessRecord{d686e4d 5045:com.google.android.gms.persistent/u0a128}}
        Per-process Connections:
          ConnectionRecord{f03d3c5 u0 CR WACT CAPS com.google.android.gms/com.google.android.location.internal.GoogleLocationManagerService:@bbd0a3c flags=0x1081}
    * IntentBindRecord{34ec7f4 CREATE}:
      intent={act=com.android.location.service.GeofenceProvider cmp=com.google.android.gms/com.google.android.location.internal.GoogleLocationManagerService}
      binder=android.os.BinderProxy@42fab1d
      requested=true received=true hasBound=true doRebind=false
      * Client AppBindRecord{3dce192 ProcessRecord{d3c41bf 542:system/1000}}
        Per-process Connections:
          ConnectionRecord{527804e u0 CR !FG !VIS com.google.android.gms/com.google.android.location.internal.GoogleLocationManagerService:@432df49 flags=0x40000005}
    All Connections:
      ConnectionRecord{527804e u0 CR !FG !VIS com.google.android.gms/com.google.android.location.internal.GoogleLocationManagerService:@432df49 flags=0x40000005}
      ConnectionRecord{f03d3c5 u0 CR WACT CAPS com.google.android.gms/com.google.android.location.internal.GoogleLocationManagerService:@bbd0a3c flags=0x1081}

  * ServiceRecord{baf50c6 u0 com.google.android.inputmethod.latin/com.android.inputmethod.latin.LatinIME}
    intent={act=android.view.InputMethod cmp=com.google.android.inputmethod.latin/com.android.inputmethod.latin.LatinIME}
    packageName=com.google.android.inputmethod.latin
    processName=com.google.android.inputmethod.latin
    permission=android.permission.BIND_INPUT_METHOD
    baseDir=/product/app/LatinIMEGooglePrebuilt/LatinIMEGooglePrebuilt.apk
    dataDir=/data/user/0/com.google.android.inputmethod.latin
    app=ProcessRecord{6fea66a 1574:com.google.android.inputmethod.latin/u0a146}
    mAllowWhileInUsePermissionInFgsReason=PROC_STATE_PERSISTENT
    allowUiJobScheduling=false
    recentCallingPackage=android
    recentCallingUid=1000
    allowStartForeground=PROC_STATE_PERSISTENT
    startForegroundCount=0
    infoAllowStartForeground=[callingPackage: android; callingUid: 1000; uidState: PER ; uidBFSL: [BFSL]; intent: Intent { act=android.view.InputMethod cmp=com.google.android.inputmethod.latin/com.android.inputmethod.latin.LatinIME }; code:PROC_STATE_PERSISTENT; tempAllowListReason:<80f84f7 android.bluetooth.adapter.action.BLUETOOTH_ADDRESS_CHANGED/u-1,reasonCode:BLUETOOTH_BROADCAST,duration:20000,callingUid:1002>; targetSdkVersion:33; callerTargetSdkVersion:34; startForegroundCount:0; bindFromPackage:null: isBindService:true]
    createTime=-55m50s630ms startingBgTimeout=--
    lastActivity=-55m50s561ms restartTime=-55m50s561ms createdFromFg=true
    Bindings:
    * IntentBindRecord{ab2b763 CREATE}:
      intent={act=android.view.InputMethod cmp=com.google.android.inputmethod.latin/com.android.inputmethod.latin.LatinIME}
      binder=android.os.BinderProxy@b8a6f60
      requested=true received=true hasBound=true doRebind=false
      * Client AppBindRecord{c20dc19 ProcessRecord{d3c41bf 542:system/1000}}
        Per-process Connections:
          ConnectionRecord{4c9c55 u0 CR !FG IMPB SLTA !VIS com.google.android.inputmethod.latin/com.android.inputmethod.latin.LatinIME:@da05b0c flags=0x40880005}
    All Connections:
      ConnectionRecord{4c9c55 u0 CR !FG IMPB SLTA !VIS com.google.android.inputmethod.latin/com.android.inputmethod.latin.LatinIME:@da05b0c flags=0x40880005}

  * ServiceRecord{424b53e u0 com.android.server.telecom/.components.TelecomService}
    intent={act=com.android.ITelecomService cmp=com.android.server.telecom/.components.TelecomService}
    packageName=com.android.server.telecom
    processName=system
    baseDir=/system/priv-app/Telecom/Telecom.apk
    dataDir=/data/user_de/0/com.android.server.telecom
    app=ProcessRecord{d3c41bf 542:system/1000}
    mAllowWhileInUsePermissionInFgsReason=PROC_STATE_PERSISTENT
    allowUiJobScheduling=false
    recentCallingPackage=android
    recentCallingUid=1000
    allowStartForeground=PROC_STATE_PERSISTENT
    startForegroundCount=0
    infoAllowStartForeground=[callingPackage: android; callingUid: 1000; uidState: PER ; uidBFSL: [BFSL]; intent: Intent { act=com.android.ITelecomService cmp=com.android.server.telecom/.components.TelecomService }; code:PROC_STATE_PERSISTENT; tempAllowListReason:<null>; targetSdkVersion:34; callerTargetSdkVersion:34; startForegroundCount:0; bindFromPackage:null: isBindService:true]
    createTime=-55m52s817ms startingBgTimeout=--
    lastActivity=-55m52s817ms restartTime=-55m52s817ms createdFromFg=true
    Bindings:
    * IntentBindRecord{16384de CREATE}:
      intent={act=com.android.ITelecomService cmp=com.android.server.telecom/.components.TelecomService}
      binder=com.android.server.telecom.components.TelecomService$1@b8f66bf
      requested=true received=true hasBound=true doRebind=false
      * Client AppBindRecord{417218c ProcessRecord{d3c41bf 542:system/1000}}
        Per-process Connections:
          ConnectionRecord{f2111f9 u0 CR IMP FGS com.android.server.telecom/.components.TelecomService:@af450c0 flags=0x4000041}
    All Connections:
      ConnectionRecord{f2111f9 u0 CR IMP FGS com.android.server.telecom/.components.TelecomService:@af450c0 flags=0x4000041}

  * ServiceRecord{1deed04 u0 com.android.chrome/org.chromium.chrome.browser.customtabs.CustomTabsConnectionService}
    intent={act=android.support.customtabs.action.CustomTabsService pkg=com.android.chrome}
    packageName=com.android.chrome
    processName=com.android.chrome
    baseDir=/data/app/~~JUginFJKxisUejQ7zXBjJw==/com.android.chrome-5LkGetRkePXGx0muujK18w==/Chrome.apk
    dataDir=/data/user/0/com.android.chrome
    app=ProcessRecord{f3aa7a 9271:com.android.chrome/u0a149}
    mAllowWhileInUsePermissionInFgsReason=DENIED
    allowUiJobScheduling=false
    recentCallingPackage=com.google.android.youtube
    recentCallingUid=10139
    allowStartForeground=DENIED
    startForegroundCount=0
    infoAllowStartForeground=[callingPackage: com.google.android.youtube; callingUid: 10139; uidState: CEM ; uidBFSL: n/a; intent: Intent { act=android.support.customtabs.action.CustomTabsService pkg=com.android.chrome }; code:DENIED; tempAllowListReason:<null>; targetSdkVersion:34; callerTargetSdkVersion:34; startForegroundCount:0; bindFromPackage:null: isBindService:true]
    createTime=-6m56s743ms startingBgTimeout=--
    lastActivity=-6m56s743ms restartTime=-6m56s743ms createdFromFg=false
    Bindings:
    * IntentBindRecord{843a640 CREATE}:
      intent={act=android.support.customtabs.action.CustomTabsService pkg=com.android.chrome}
      binder=android.os.BinderProxy@6f57979
      requested=true received=true hasBound=true doRebind=false
      * Client AppBindRecord{e1dc6be ProcessRecord{7e2a39d 10116:com.google.android.youtube/u0a139}}
        Per-process Connections:
          ConnectionRecord{ce1d517 u0 CR WPRI com.android.chrome/org.chromium.chrome.browser.customtabs.CustomTabsConnectionService:@fcbd596 flags=0x21}
    All Connections:
      ConnectionRecord{ce1d517 u0 CR WPRI com.android.chrome/org.chromium.chrome.browser.customtabs.CustomTabsConnectionService:@fcbd596 flags=0x21}

  * ServiceRecord{2d67cd8 u0 com.google.android.networkstack/com.android.server.NetworkStackService}
    intent={act=android.net.INetworkStackConnector cmp=com.google.android.networkstack/com.android.server.NetworkStackService}
    packageName=com.google.android.networkstack
    processName=com.android.networkstack.process
    permission=android.permission.MAINLINE_NETWORK_STACK
    baseDir=/system/priv-app/NetworkStackGoogle/NetworkStackGoogle.apk
    dataDir=/data/user_de/0/com.google.android.networkstack
    app=ProcessRecord{9482e98 1059:com.android.networkstack.process/1073}
    mAllowWhileInUsePermissionInFgsReason=PROC_STATE_PERSISTENT
    allowUiJobScheduling=false
    recentCallingPackage=android
    recentCallingUid=1000
    allowStartForeground=PROC_STATE_PERSISTENT
    startForegroundCount=0
    infoAllowStartForeground=[callingPackage: android; callingUid: 1000; uidState: PER ; uidBFSL: [BFSL]; intent: Intent { act=android.net.INetworkStackConnector cmp=com.google.android.networkstack/com.android.server.NetworkStackService }; code:PROC_STATE_PERSISTENT; tempAllowListReason:<null>; targetSdkVersion:34; callerTargetSdkVersion:34; startForegroundCount:0; bindFromPackage:null: isBindService:true]
    createTime=-55m52s271ms startingBgTimeout=--
    lastActivity=-55m52s248ms restartTime=-55m52s248ms createdFromFg=true
    Bindings:
    * IntentBindRecord{6daca78 CREATE}:
      intent={act=android.net.INetworkStackConnector cmp=com.google.android.networkstack/com.android.server.NetworkStackService}
      binder=android.os.BinderProxy@5a8f551
      requested=true received=true hasBound=true doRebind=false
      * Client AppBindRecord{15551b6 ProcessRecord{d3c41bf 542:system/1000}}
        Per-process Connections:
          ConnectionRecord{48f907b u0 CR IMP com.google.android.networkstack/com.android.server.NetworkStackService:@59f900a flags=0x41}
    All Connections:
      ConnectionRecord{48f907b u0 CR IMP com.google.android.networkstack/com.android.server.NetworkStackService:@59f900a flags=0x41}

  * ServiceRecord{c6badac u0 com.google.android.googlequicksearchbox/com.google.android.apps.search.googleapp.search.suggest.plugins.onesearch.server.OneSearchSuggestService}
    intent={act=grpc.io.action.BIND cmp=com.google.android.googlequicksearchbox/com.google.android.apps.search.googleapp.search.suggest.plugins.onesearch.server.OneSearchSuggestService}
    packageName=com.google.android.googlequicksearchbox
    processName=com.google.android.googlequicksearchbox:search
    permission=com.google.android.apps.nexuslauncher.permission.QSB
    baseDir=/product/priv-app/Velvet/Velvet.apk
    dataDir=/data/user/0/com.google.android.googlequicksearchbox
    app=ProcessRecord{d35f86b 1959:com.google.android.googlequicksearchbox:search/u0a132}
    mAllowWhileInUsePermissionInFgsReason=PROC_STATE_TOP
    allowUiJobScheduling=false
    recentCallingPackage=com.google.android.apps.nexuslauncher
    recentCallingUid=10169
    allowStartForeground=PROC_STATE_TOP
    startForegroundCount=0
    infoAllowStartForeground=[callingPackage: com.google.android.apps.nexuslauncher; callingUid: 10169; uidState: TOP ; uidBFSL: [BFSL]; intent: Intent { act=grpc.io.action.BIND cmp=com.google.android.googlequicksearchbox/com.google.android.apps.search.googleapp.search.suggest.plugins.onesearch.server.OneSearchSuggestService }; code:PROC_STATE_TOP; tempAllowListReason:<null>; targetSdkVersion:31; callerTargetSdkVersion:33; startForegroundCount:0; bindFromPackage:null: isBindService:true]
    createTime=-2s29ms startingBgTimeout=--
    lastActivity=-2s29ms restartTime=-2s29ms createdFromFg=true
    Bindings:
    * IntentBindRecord{a2fb31f CREATE}:
      intent={act=grpc.io.action.BIND cmp=com.google.android.googlequicksearchbox/com.google.android.apps.search.googleapp.search.suggest.plugins.onesearch.server.OneSearchSuggestService}
      binder=android.os.BinderProxy@7dce66c
      requested=true received=true hasBound=true doRebind=false
      * Client AppBindRecord{acb3435 ProcessRecord{e299f5d 1156:com.google.android.apps.nexuslauncher/u0a169}}
        Per-process Connections:
          ConnectionRecord{4ac0f5f u0 CR com.google.android.googlequicksearchbox/com.google.android.apps.search.googleapp.search.suggest.plugins.onesearch.server.OneSearchSuggestService:@41cebfe flags=0x1}
    All Connections:
      ConnectionRecord{4ac0f5f u0 CR com.google.android.googlequicksearchbox/com.google.android.apps.search.googleapp.search.suggest.plugins.onesearch.server.OneSearchSuggestService:@41cebfe flags=0x1}

  * ServiceRecord{ed84986 u0 com.google.android.googlequicksearchbox/com.google.android.voiceinteraction.GsaVoiceInteractionService}
    intent={act=android.service.voice.VoiceInteractionService cmp=com.google.android.googlequicksearchbox/com.google.android.voiceinteraction.GsaVoiceInteractionService}
    packageName=com.google.android.googlequicksearchbox
    processName=com.google.android.googlequicksearchbox:interactor
    permission=android.permission.BIND_VOICE_INTERACTION
    baseDir=/product/priv-app/Velvet/Velvet.apk
    dataDir=/data/user/0/com.google.android.googlequicksearchbox
    app=ProcessRecord{c877e3a 1763:com.google.android.googlequicksearchbox:interactor/u0a132}
    mIsAllowedBgActivityStartsByBinding=true
    mAllowWhileInUsePermissionInFgsReason=PROC_STATE_PERSISTENT
    allowUiJobScheduling=false
    recentCallingPackage=com.google.android.googlequicksearchbox
    recentCallingUid=10132
    allowStartForeground=PROC_STATE_PERSISTENT
    startForegroundCount=0
    infoAllowStartForeground=[callingPackage: android; callingUid: 1000; uidState: PER ; uidBFSL: [BFSL]; intent: Intent { act=android.service.voice.VoiceInteractionService cmp=com.google.android.googlequicksearchbox/com.google.android.voiceinteraction.GsaVoiceInteractionService }; code:PROC_STATE_PERSISTENT; tempAllowListReason:<a992e06 android.intent.action.LOCKED_BOOT_COMPLETED/u0,reasonCode:LOCKED_BOOT_COMPLETED,duration:20000,callingUid:1000>; targetSdkVersion:31; callerTargetSdkVersion:34; startForegroundCount:0; bindFromPackage:null: isBindService:true]
    createTime=-55m50s245ms startingBgTimeout=--
    lastActivity=-55m32s454ms restartTime=-55m50s193ms createdFromFg=true
    Bindings:
    * IntentBindRecord{edcd342 CREATE}:
      intent={act=android.voiceinteraction.GsaVoiceInteractionService cmp=com.google.android.googlequicksearchbox/com.google.android.voiceinteraction.GsaVoiceInteractionService}
      binder=android.os.BinderProxy@3703f53
      requested=true received=true hasBound=true doRebind=false
      * Client AppBindRecord{7487090 ProcessRecord{c877e3a 1763:com.google.android.googlequicksearchbox:interactor/u0a132}}
        Per-process Connections:
          ConnectionRecord{4f0d96b u0 CR CAPS com.google.android.googlequicksearchbox/com.google.android.voiceinteraction.GsaVoiceInteractionService:@f65a6ba flags=0x1001}
    * IntentBindRecord{b83fd89 CREATE}:
      intent={act=android.service.voice.VoiceInteractionService cmp=com.google.android.googlequicksearchbox/com.google.android.voiceinteraction.GsaVoiceInteractionService}
      binder=android.os.BinderProxy@f68e18e
      requested=true received=true hasBound=true doRebind=false
      * Client AppBindRecord{6357daf ProcessRecord{d3c41bf 542:system/1000}}
        Per-process Connections:
          ConnectionRecord{f81f9ad u0 CR FGS CAPS com.google.android.googlequicksearchbox/com.google.android.voiceinteraction.GsaVoiceInteractionService:@ef5f6c4 flags=0x4101001}
    All Connections:
      ConnectionRecord{f81f9ad u0 CR FGS CAPS com.google.android.googlequicksearchbox/com.google.android.voiceinteraction.GsaVoiceInteractionService:@ef5f6c4 flags=0x4101001}
      ConnectionRecord{4f0d96b u0 CR CAPS com.google.android.googlequicksearchbox/com.google.android.voiceinteraction.GsaVoiceInteractionService:@f65a6ba flags=0x1001}

  * ServiceRecord{3fd5a0e u0 com.android.emulator.multidisplay/.MultiDisplayService}
    intent={cmp=com.android.emulator.multidisplay/.MultiDisplayService}
    packageName=com.android.emulator.multidisplay
    processName=com.android.emulator.multidisplay
    baseDir=/system_ext/priv-app/MultiDisplayProvider/MultiDisplayProvider.apk
    dataDir=/data/user/0/com.android.emulator.multidisplay
    app=ProcessRecord{6aeec28 1797:com.android.emulator.multidisplay/1000}
    mAllowWhileInUsePermissionInFgsReason=PROC_STATE_PERSISTENT
    allowUiJobScheduling=false
    recentCallingPackage=com.android.emulator.multidisplay
    recentCallingUid=1000
    allowStartForeground=PROC_STATE_PERSISTENT
    startForegroundCount=0
    infoAllowStartForeground=[callingPackage: com.android.emulator.multidisplay; callingUid: 1000; uidState: PER ; uidBFSL: [BFSL]; intent: Intent { cmp=com.android.emulator.multidisplay/.MultiDisplayService }; code:PROC_STATE_PERSISTENT; tempAllowListReason:<ce5c65e android.intent.action.PRE_BOOT_COMPLETED/u0,reasonCode:PRE_BOOT_COMPLETED,duration:20000,callingUid:1000>; targetSdkVersion:34; callerTargetSdkVersion:34; startForegroundCount:0; bindFromPackage:null: isBindService:false]
    createTime=-55m47s798ms startingBgTimeout=--
    lastActivity=-55m47s798ms restartTime=-55m47s798ms createdFromFg=true
    startRequested=true delayedStop=false stopIfKilled=false callStart=true lastStartId=1
 startCommandResult=1

  * ServiceRecord{b1dee5d u0 com.google.android.bluetooth/com.android.bluetooth.gatt.GattService}
    intent={cmp=com.google.android.bluetooth/com.android.bluetooth.gatt.GattService}
    packageName=com.google.android.bluetooth
    processName=com.google.android.bluetooth
    permission=android.permission.ACCESS_BLUETOOTH_SHARE
    baseDir=/apex/com.android.btservices/app/BluetoothGoogle@340815010/BluetoothGoogle.apk
    dataDir=/data/user_de/0/com.google.android.bluetooth
    app=ProcessRecord{addf686 10030:com.google.android.bluetooth/1002}
    mAllowWhileInUsePermissionInFgsReason=PROC_STATE_PERSISTENT
    allowUiJobScheduling=false
    recentCallingPackage=android
    recentCallingUid=1000
    allowStartForeground=PROC_STATE_PERSISTENT
    startForegroundCount=0
    infoAllowStartForeground=[callingPackage: com.google.android.bluetooth; callingUid: 1002; uidState: PER ; uidBFSL: [BFSL]; intent: Intent { cmp=com.google.android.bluetooth/com.android.bluetooth.gatt.GattService (has extras) }; code:PROC_STATE_PERSISTENT; tempAllowListReason:<null>; targetSdkVersion:34; callerTargetSdkVersion:34; startForegroundCount:0; bindFromPackage:null: isBindService:false]
    createTime=-6m59s55ms startingBgTimeout=--
    lastActivity=-6m59s40ms restartTime=-6m59s55ms createdFromFg=true
    startRequested=true delayedStop=false stopIfKilled=true callStart=true lastStartId=1
 startCommandResult=2
    Bindings:
    * IntentBindRecord{86b90ca CREATE}:
      intent={act=android.bluetooth.IBluetoothGatt cmp=com.google.android.bluetooth/com.android.bluetooth.gatt.GattService}
      binder=android.os.BinderProxy@226623b
      requested=true received=true hasBound=true doRebind=false
      * Client AppBindRecord{e7fd58 ProcessRecord{d3c41bf 542:system/1000}}
        Per-process Connections:
          ConnectionRecord{fdc28cd u0 CR IMP com.google.android.bluetooth/com.android.bluetooth.gatt.GattService:@b5b8ec8 flags=0x41}
    All Connections:
      ConnectionRecord{fdc28cd u0 CR IMP com.google.android.bluetooth/com.android.bluetooth.gatt.GattService:@b5b8ec8 flags=0x41}

  * ServiceRecord{d544f06 u0 com.google.android.as/com.google.android.apps.miphone.aiai.common.notification.service.AiAiNotificationAssistantService}
    intent={act=android.service.notification.NotificationAssistantService cmp=com.google.android.as/com.google.android.apps.miphone.aiai.common.notification.service.AiAiNotificationAssistantService}
    packageName=com.google.android.as
    processName=com.google.android.as
    permission=android.permission.BIND_NOTIFICATION_ASSISTANT_SERVICE
    baseDir=/product/priv-app/DevicePersonalizationPrebuiltPixel2021/DevicePersonalizationPrebuiltPixel2021.apk
    dataDir=/data/user/0/com.google.android.as
    app=ProcessRecord{487a3bd 1703:com.google.android.as/u0a127}
    allowlistManager=true
    mAllowWhileInUsePermissionInFgsReason=PROC_STATE_PERSISTENT
    allowUiJobScheduling=false
    recentCallingPackage=android
    recentCallingUid=1000
    allowStartForeground=PROC_STATE_PERSISTENT
    startForegroundCount=0
    infoAllowStartForeground=[callingPackage: android; callingUid: 1000; uidState: PER ; uidBFSL: [BFSL]; intent: Intent { act=android.service.notification.NotificationAssistantService cmp=com.google.android.as/com.google.android.apps.miphone.aiai.common.notification.service.AiAiNotificationAssistantService }; code:PROC_STATE_PERSISTENT; tempAllowListReason:<a992e06 android.intent.action.LOCKED_BOOT_COMPLETED/u0,reasonCode:LOCKED_BOOT_COMPLETED,duration:20000,callingUid:1000>; targetSdkVersion:34; callerTargetSdkVersion:34; startForegroundCount:0; bindFromPackage:null: isBindService:true]
    createTime=-55m50s92ms startingBgTimeout=--
    lastActivity=-55m50s92ms restartTime=-55m50s92ms createdFromFg=true
    Bindings:
    * IntentBindRecord{fb39466 CREATE}:
      intent={act=android.service.notification.NotificationAssistantService cmp=com.google.android.as/com.google.android.apps.miphone.aiai.common.notification.service.AiAiNotificationAssistantService}
      binder=android.os.BinderProxy@39173a7
      requested=true received=true hasBound=true doRebind=false
      * Client AppBindRecord{555054 ProcessRecord{d3c41bf 542:system/1000}}
        Per-process Connections:
          ConnectionRecord{29b55e1 u0 CR FGS com.google.android.as/com.google.android.apps.miphone.aiai.common.notification.service.AiAiNotificationAssistantService:@92f1348 flags=0x5000001}
    All Connections:
      ConnectionRecord{29b55e1 u0 CR FGS com.google.android.as/com.google.android.apps.miphone.aiai.common.notification.service.AiAiNotificationAssistantService:@92f1348 flags=0x5000001}

  * ServiceRecord{4cb7705 u0 com.google.android.gms/.lockbox.service.LockboxBrokerService}
    intent={act=com.google.android.gms.lockbox.service.START pkg=com.google.android.gms}
    packageName=com.google.android.gms
    processName=com.google.android.gms.persistent
    baseDir=/product/priv-app/PrebuiltGmsCore/PrebuiltGmsCore.apk
    dataDir=/data/user/0/com.google.android.gms
    app=ProcessRecord{d686e4d 5045:com.google.android.gms.persistent/u0a128}
    mAllowWhileInUsePermissionInFgsReason=BACKGROUND_ACTIVITY_PERMISSION
    allowUiJobScheduling=false
    recentCallingPackage=com.google.android.gms
    recentCallingUid=10128
    allowStartForeground=BACKGROUND_ACTIVITY_PERMISSION
    startForegroundCount=0
    infoAllowStartForeground=[callingPackage: com.google.android.gms; callingUid: 10128; uidState: BTOP; uidBFSL: [BFSL]; intent: Intent { act=com.google.android.gms.lockbox.service.START pkg=com.google.android.gms }; code:BACKGROUND_ACTIVITY_PERMISSION; tempAllowListReason:<,reasonCode:SYSTEM_ALLOW_LISTED,duration:9223372036854775807,callingUid:-1>; targetSdkVersion:33; callerTargetSdkVersion:33; startForegroundCount:0; bindFromPackage:null: isBindService:true]
    createTime=-2m6s95ms startingBgTimeout=--
    lastActivity=-2m6s95ms restartTime=-2m6s95ms createdFromFg=true
    Bindings:
    * IntentBindRecord{c07deb1 CREATE}:
      intent={act=com.google.android.gms.lockbox.service.START pkg=com.google.android.gms}
      binder=android.os.BinderProxy@319ef96
      requested=true received=true hasBound=true doRebind=false
      * Client AppBindRecord{d0ee717 ProcessRecord{d686e4d 5045:com.google.android.gms.persistent/u0a128}}
        Per-process Connections:
          ConnectionRecord{f9c327c u0 CR WACT CAPS com.google.android.gms/.lockbox.service.LockboxBrokerService:@b0b656f flags=0x1081}
    All Connections:
      ConnectionRecord{f9c327c u0 CR WACT CAPS com.google.android.gms/.lockbox.service.LockboxBrokerService:@b0b656f flags=0x1081}

  * ServiceRecord{c9ab894 u0 com.google.android.bluetooth/com.android.bluetooth.mcp.McpService}
    intent={cmp=com.google.android.bluetooth/com.android.bluetooth.mcp.McpService}
    packageName=com.google.android.bluetooth
    processName=com.google.android.bluetooth
    baseDir=/apex/com.android.btservices/app/BluetoothGoogle@340815010/BluetoothGoogle.apk
    dataDir=/data/user_de/0/com.google.android.bluetooth
    app=ProcessRecord{addf686 10030:com.google.android.bluetooth/1002}
    mAllowWhileInUsePermissionInFgsReason=PROC_STATE_PERSISTENT
    allowUiJobScheduling=false
    recentCallingPackage=com.google.android.bluetooth
    recentCallingUid=1002
    allowStartForeground=PROC_STATE_PERSISTENT
    startForegroundCount=0
    infoAllowStartForeground=[callingPackage: com.google.android.bluetooth; callingUid: 1002; uidState: PER ; uidBFSL: [BFSL]; intent: Intent { cmp=com.google.android.bluetooth/com.android.bluetooth.mcp.McpService (has extras) }; code:PROC_STATE_PERSISTENT; tempAllowListReason:<886f7ce android.bluetooth.adapter.action.STATE_CHANGED/u-1,reasonCode:BLUETOOTH_BROADCAST,duration:10000,callingUid:1000>; targetSdkVersion:34; callerTargetSdkVersion:34; startForegroundCount:0; bindFromPackage:null: isBindService:false]
    createTime=-6m59s33ms startingBgTimeout=--
    lastActivity=-6m59s33ms restartTime=-6m59s33ms createdFromFg=true
    startRequested=true delayedStop=false stopIfKilled=true callStart=true lastStartId=1
 startCommandResult=2

  * ServiceRecord{88e555b u0 com.android.ons/.OpportunisticNetworkService}
    intent={cmp=com.android.ons/.OpportunisticNetworkService}
    packageName=com.android.ons
    processName=com.android.phone
    baseDir=/system/priv-app/ONS/ONS.apk
    dataDir=/data/user/0/com.android.ons
    app=ProcessRecord{d65ea48 1115:com.android.phone/1001}
    mAllowWhileInUsePermissionInFgsReason=PROC_STATE_PERSISTENT
    allowUiJobScheduling=false
    recentCallingPackage=com.android.ons
    recentCallingUid=1001
    allowStartForeground=PROC_STATE_PERSISTENT
    startForegroundCount=0
    infoAllowStartForeground=[callingPackage: com.android.ons; callingUid: 1001; uidState: PER ; uidBFSL: [BFSL]; intent: Intent { cmp=com.android.ons/.OpportunisticNetworkService }; code:PROC_STATE_PERSISTENT; tempAllowListReason:<a992e06 android.intent.action.LOCKED_BOOT_COMPLETED/u0,reasonCode:LOCKED_BOOT_COMPLETED,duration:20000,callingUid:1000>; targetSdkVersion:34; callerTargetSdkVersion:34; startForegroundCount:0; bindFromPackage:null: isBindService:false]
    createTime=-55m50s282ms startingBgTimeout=--
    lastActivity=-55m42s390ms restartTime=-55m50s282ms createdFromFg=true
    startRequested=true delayedStop=false stopIfKilled=false callStart=true lastStartId=4
 startCommandResult=1

  * ServiceRecord{2298ee9 u0 com.google.android.gms/.common.stats.GmsCoreStatsService}
    intent={act=com.google.android.gms.common.stats.START cmp=com.google.android.gms/.common.stats.GmsCoreStatsService}
    packageName=com.google.android.gms
    processName=com.google.android.gms.persistent
    baseDir=/product/priv-app/PrebuiltGmsCore/PrebuiltGmsCore.apk
    dataDir=/data/user/0/com.google.android.gms
    app=ProcessRecord{d686e4d 5045:com.google.android.gms.persistent/u0a128}
    mAllowWhileInUsePermissionInFgsReason=ACTIVITY_STARTER
    allowUiJobScheduling=false
    recentCallingPackage=com.google.android.gms
    recentCallingUid=10128
    allowStartForeground=ACTIVITY_STARTER
    startForegroundCount=0
    infoAllowStartForeground=[callingPackage: com.google.android.gms; callingUid: 10128; uidState: BTOP; uidBFSL: [BFSL]; intent: Intent { act=com.google.android.gms.common.stats.START cmp=com.google.android.gms/.common.stats.GmsCoreStatsService }; code:ACTIVITY_STARTER; tempAllowListReason:<,reasonCode:SYSTEM_ALLOW_LISTED,duration:9223372036854775807,callingUid:-1>; targetSdkVersion:33; callerTargetSdkVersion:33; startForegroundCount:0; bindFromPackage:null: isBindService:false]
    createTime=-55m42s150ms startingBgTimeout=--
    lastActivity=-55m25s698ms restartTime=-55m25s698ms createdFromFg=false
    startRequested=true delayedStop=false stopIfKilled=false callStart=true lastStartId=3
 startCommandResult=1
    restartCount=1 restartDelay=-51m34s746ms nextRestartTime=-50m44s775ms crashCount=0

  * ServiceRecord{853b1c0 u0 com.google.android.gms/com.google.android.location.internal.server.HardwareArProviderService}
    intent={act=com.android.location.service.ActivityRecognitionProvider cmp=com.google.android.gms/com.google.android.location.internal.server.HardwareArProviderService}
    packageName=com.google.android.gms
    processName=com.google.android.gms.persistent
    baseDir=/product/priv-app/PrebuiltGmsCore/PrebuiltGmsCore.apk
    dataDir=/data/user/0/com.google.android.gms
    app=ProcessRecord{d686e4d 5045:com.google.android.gms.persistent/u0a128}
    mAllowWhileInUsePermissionInFgsReason=PROC_STATE_PERSISTENT
    allowUiJobScheduling=false
    recentCallingPackage=android
    recentCallingUid=1000
    allowStartForeground=PROC_STATE_PERSISTENT
    startForegroundCount=0
    infoAllowStartForeground=[callingPackage: android; callingUid: 1000; uidState: PER ; uidBFSL: [BFSL]; intent: Intent { act=com.android.location.service.ActivityRecognitionProvider cmp=com.google.android.gms/com.google.android.location.internal.server.HardwareArProviderService }; code:PROC_STATE_PERSISTENT; tempAllowListReason:<a992e06 android.intent.action.LOCKED_BOOT_COMPLETED/u0,reasonCode:LOCKED_BOOT_COMPLETED,duration:20000,callingUid:1000>; targetSdkVersion:33; callerTargetSdkVersion:34; startForegroundCount:0; bindFromPackage:null: isBindService:true]
    createTime=-55m50s81ms startingBgTimeout=--
    lastActivity=-55m25s701ms restartTime=-55m25s701ms createdFromFg=false
    restartCount=1 restartDelay=-52m54s741ms nextRestartTime=-52m4s775ms crashCount=0
    Bindings:
    * IntentBindRecord{8e11dc0 CREATE}:
      intent={act=com.android.location.service.ActivityRecognitionProvider cmp=com.google.android.gms/com.google.android.location.internal.server.HardwareArProviderService}
      binder=android.os.BinderProxy@16a5af9
      requested=true received=true hasBound=true doRebind=false
      * Client AppBindRecord{796ca3e ProcessRecord{d3c41bf 542:system/1000}}
        Per-process Connections:
          ConnectionRecord{d680743 u0 CR !FG !VIS com.google.android.gms/com.google.android.location.internal.server.HardwareArProviderService:@e9804f2 flags=0x40000005}
    All Connections:
      ConnectionRecord{d680743 u0 CR !FG !VIS com.google.android.gms/com.google.android.location.internal.server.HardwareArProviderService:@e9804f2 flags=0x40000005}

  * ServiceRecord{395883 u0 com.google.android.bluetooth/com.android.bluetooth.pbap.BluetoothPbapService}
    intent={cmp=com.google.android.bluetooth/com.android.bluetooth.pbap.BluetoothPbapService}
    packageName=com.google.android.bluetooth
    processName=com.google.android.bluetooth
    permission=android.permission.BLUETOOTH_PRIVILEGED
    baseDir=/apex/com.android.btservices/app/BluetoothGoogle@340815010/BluetoothGoogle.apk
    dataDir=/data/user_de/0/com.google.android.bluetooth
    app=ProcessRecord{addf686 10030:com.google.android.bluetooth/1002}
    mAllowWhileInUsePermissionInFgsReason=PROC_STATE_PERSISTENT
    allowUiJobScheduling=false
    recentCallingPackage=android
    recentCallingUid=1000
    allowStartForeground=PROC_STATE_PERSISTENT
    startForegroundCount=0
    infoAllowStartForeground=[callingPackage: com.google.android.bluetooth; callingUid: 1002; uidState: PER ; uidBFSL: [BFSL]; intent: Intent { cmp=com.google.android.bluetooth/com.android.bluetooth.pbap.BluetoothPbapService (has extras) }; code:PROC_STATE_PERSISTENT; tempAllowListReason:<886f7ce android.bluetooth.adapter.action.STATE_CHANGED/u-1,reasonCode:BLUETOOTH_BROADCAST,duration:10000,callingUid:1000>; targetSdkVersion:34; callerTargetSdkVersion:34; startForegroundCount:0; bindFromPackage:null: isBindService:false]
    createTime=-6m59s31ms startingBgTimeout=--
    lastActivity=-6m59s31ms restartTime=-6m59s31ms createdFromFg=true
    startRequested=true delayedStop=false stopIfKilled=true callStart=true lastStartId=1
 startCommandResult=2
    Bindings:
    * IntentBindRecord{c8b9704}:
      intent={act=android.bluetooth.IBluetoothPbap cmp=com.google.android.bluetooth/com.android.bluetooth.pbap.BluetoothPbapService}
      binder=android.os.BinderProxy@8ab4ed
      requested=true received=true hasBound=true doRebind=false
      * Client AppBindRecord{a7d6f22 ProcessRecord{d3c41bf 542:system/1000}}
        Per-process Connections:
          ConnectionRecord{22054e9 u0 com.google.android.bluetooth/com.android.bluetooth.pbap.BluetoothPbapService:@b8c0970 flags=0x0}
    All Connections:
      ConnectionRecord{22054e9 u0 com.google.android.bluetooth/com.android.bluetooth.pbap.BluetoothPbapService:@b8c0970 flags=0x0}

  * ServiceRecord{b7ecfe6 u0 com.google.android.as/com.google.android.apps.miphone.aiai.app.AiAiContentSuggestionsService}
    intent={act=android.service.contentsuggestions.ContentSuggestionsService cmp=com.google.android.as/com.google.android.apps.miphone.aiai.app.AiAiContentSuggestionsService}
    packageName=com.google.android.as
    processName=com.google.android.as
    permission=android.permission.BIND_CONTENT_SUGGESTIONS_SERVICE
    baseDir=/product/priv-app/DevicePersonalizationPrebuiltPixel2021/DevicePersonalizationPrebuiltPixel2021.apk
    dataDir=/data/user/0/com.google.android.as
    app=ProcessRecord{487a3bd 1703:com.google.android.as/u0a127}
    mAllowWhileInUsePermissionInFgsReason=PROC_STATE_PERSISTENT
    allowUiJobScheduling=false
    recentCallingPackage=android
    recentCallingUid=1000
    allowStartForeground=PROC_STATE_PERSISTENT
    startForegroundCount=0
    infoAllowStartForeground=[callingPackage: android; callingUid: 1000; uidState: PER ; uidBFSL: [BFSL]; intent: Intent { act=android.service.contentsuggestions.ContentSuggestionsService cmp=com.google.android.as/com.google.android.apps.miphone.aiai.app.AiAiContentSuggestionsService }; code:PROC_STATE_PERSISTENT; tempAllowListReason:<a992e06 android.intent.action.LOCKED_BOOT_COMPLETED/u0,reasonCode:LOCKED_BOOT_COMPLETED,duration:20000,callingUid:1000>; targetSdkVersion:34; callerTargetSdkVersion:34; startForegroundCount:0; bindFromPackage:null: isBindService:true]
    createTime=-55m49s159ms startingBgTimeout=--
    lastActivity=-55m49s159ms restartTime=-55m49s159ms createdFromFg=true
    Bindings:
    * IntentBindRecord{7314c4a CREATE}:
      intent={act=android.service.contentsuggestions.ContentSuggestionsService cmp=com.google.android.as/com.google.android.apps.miphone.aiai.app.AiAiContentSuggestionsService}
      binder=android.os.BinderProxy@7837bb
      requested=true received=true hasBound=true doRebind=false
      * Client AppBindRecord{9cce4d8 ProcessRecord{d3c41bf 542:system/1000}}
        Per-process Connections:
          ConnectionRecord{f8dce41 u0 CR FGS CAPS com.google.android.as/com.google.android.apps.miphone.aiai.app.AiAiContentSuggestionsService:@6b8b128 flags=0x4001001}
    All Connections:
      ConnectionRecord{f8dce41 u0 CR FGS CAPS com.google.android.as/com.google.android.apps.miphone.aiai.app.AiAiContentSuggestionsService:@6b8b128 flags=0x4001001}

  * ServiceRecord{9518c07 u0 com.android.phone/.TelephonyDebugService}
    intent={cmp=com.android.phone/.TelephonyDebugService}
    packageName=com.android.phone
    processName=com.android.phone
    permission=android.permission.DUMP
    baseDir=/system/priv-app/TeleService/TeleService.apk
    dataDir=/data/user_de/0/com.android.phone
    app=ProcessRecord{d65ea48 1115:com.android.phone/1001}
    mAllowWhileInUsePermissionInFgsReason=PROC_STATE_PERSISTENT
    allowUiJobScheduling=false
    recentCallingPackage=com.android.phone
    recentCallingUid=1001
    allowStartForeground=PROC_STATE_PERSISTENT
    startForegroundCount=0
    infoAllowStartForeground=[callingPackage: com.android.phone; callingUid: 1001; uidState: PER ; uidBFSL: [BFSL]; intent: Intent { cmp=com.android.phone/.TelephonyDebugService }; code:PROC_STATE_PERSISTENT; tempAllowListReason:<null>; targetSdkVersion:34; callerTargetSdkVersion:34; startForegroundCount:0; bindFromPackage:null: isBindService:false]
    createTime=-55m51s461ms startingBgTimeout=--
    lastActivity=-55m51s460ms restartTime=-55m51s460ms createdFromFg=true
    startRequested=true delayedStop=false stopIfKilled=false callStart=true lastStartId=1
 startCommandResult=1

  * ServiceRecord{16e2493 u0 com.google.android.bluetooth/com.android.bluetooth.a2dp.A2dpService}
    intent={cmp=com.google.android.bluetooth/com.android.bluetooth.a2dp.A2dpService}
    packageName=com.google.android.bluetooth
    processName=com.google.android.bluetooth
    baseDir=/apex/com.android.btservices/app/BluetoothGoogle@340815010/BluetoothGoogle.apk
    dataDir=/data/user_de/0/com.google.android.bluetooth
    app=ProcessRecord{addf686 10030:com.google.android.bluetooth/1002}
    mAllowWhileInUsePermissionInFgsReason=PROC_STATE_PERSISTENT
    allowUiJobScheduling=false
    recentCallingPackage=android
    recentCallingUid=1000
    allowStartForeground=PROC_STATE_PERSISTENT
    startForegroundCount=0
    infoAllowStartForeground=[callingPackage: com.google.android.bluetooth; callingUid: 1002; uidState: PER ; uidBFSL: [BFSL]; intent: Intent { cmp=com.google.android.bluetooth/com.android.bluetooth.a2dp.A2dpService (has extras) }; code:PROC_STATE_PERSISTENT; tempAllowListReason:<null>; targetSdkVersion:34; callerTargetSdkVersion:34; startForegroundCount:0; bindFromPackage:null: isBindService:false]
    createTime=-6m59s37ms startingBgTimeout=--
    lastActivity=-6m59s37ms restartTime=-6m59s37ms createdFromFg=true
    startRequested=true delayedStop=false stopIfKilled=true callStart=true lastStartId=1
 startCommandResult=2
    Bindings:
    * IntentBindRecord{590ddb3}:
      intent={act=android.bluetooth.IBluetoothA2dp cmp=com.google.android.bluetooth/com.android.bluetooth.a2dp.A2dpService}
      binder=android.os.BinderProxy@dad1f70
      requested=true received=true hasBound=true doRebind=false
      * Client AppBindRecord{2eab2e9 ProcessRecord{d3c41bf 542:system/1000}}
        Per-process Connections:
          ConnectionRecord{ee291c5 u0 com.google.android.bluetooth/com.android.bluetooth.a2dp.A2dpService:@508003c flags=0x0}
    All Connections:
      ConnectionRecord{ee291c5 u0 com.google.android.bluetooth/com.android.bluetooth.a2dp.A2dpService:@508003c flags=0x0}

  * ServiceRecord{a12f452 u0 com.google.android.gms/.icing.service.IndexService}
    intent={act=com.google.android.gms.icing.INDEX_SERVICE pkg=com.google.android.gms}
    packageName=com.google.android.gms
    processName=com.google.android.gms
    baseDir=/product/priv-app/PrebuiltGmsCore/PrebuiltGmsCore.apk
    dataDir=/data/user/0/com.google.android.gms
    app=ProcessRecord{8311310 5144:com.google.android.gms/u0a128}
    mAllowWhileInUsePermissionInFgsReason=ACTIVITY_STARTER
    allowUiJobScheduling=false
    recentCallingPackage=com.google.android.gms
    recentCallingUid=10128
    allowStartForeground=ACTIVITY_STARTER
    startForegroundCount=0
    infoAllowStartForeground=[callingPackage: com.google.android.googlequicksearchbox; callingUid: 10132; uidState: BTOP; uidBFSL: [BFSL]; intent: Intent { act=com.google.android.gms.icing.INDEX_SERVICE pkg=com.google.android.gms }; code:ACTIVITY_STARTER; tempAllowListReason:<null>; targetSdkVersion:33; callerTargetSdkVersion:31; startForegroundCount:0; bindFromPackage:null: isBindService:true]
    createTime=-2m6s121ms startingBgTimeout=--
    lastActivity=-16s606ms restartTime=-2m6s120ms createdFromFg=true
    Bindings:
    * IntentBindRecord{9a75b6e CREATE}:
      intent={act=com.google.android.gms.icing.INDEX_SERVICE pkg=com.google.android.gms}
      binder=android.os.BinderProxy@f31a20f
      requested=true received=true hasBound=true doRebind=false
      * Client AppBindRecord{e1cc29c ProcessRecord{d686e4d 5045:com.google.android.gms.persistent/u0a128}}
        Per-process Connections:
          ConnectionRecord{8c49367 u0 CR WACT CAPS com.google.android.gms/.icing.service.IndexService:@cc45b26 flags=0x1081}
    All Connections:
      ConnectionRecord{8c49367 u0 CR WACT CAPS com.google.android.gms/.icing.service.IndexService:@cc45b26 flags=0x1081}

  * ServiceRecord{a8bed63 u0 com.google.android.apps.nexuslauncher/com.android.quickstep.TouchInteractionService}
    intent={act=android.intent.action.QUICKSTEP_SERVICE pkg=com.google.android.apps.nexuslauncher}
    packageName=com.google.android.apps.nexuslauncher
    processName=com.google.android.apps.nexuslauncher
    permission=android.permission.STATUS_BAR_SERVICE
    baseDir=/system_ext/priv-app/NexusLauncherRelease/NexusLauncherRelease.apk
    dataDir=/data/user/0/com.google.android.apps.nexuslauncher
    app=ProcessRecord{e299f5d 1156:com.google.android.apps.nexuslauncher/u0a169}
    mAllowWhileInUsePermissionInFgsReason=PROC_STATE_PERSISTENT
    allowUiJobScheduling=false
    recentCallingPackage=com.google.android.apps.nexuslauncher
    recentCallingUid=10169
    allowStartForeground=PROC_STATE_PERSISTENT
    startForegroundCount=0
    infoAllowStartForeground=[callingPackage: com.android.systemui; callingUid: 10168; uidState: PER ; uidBFSL: [BFSL]; intent: Intent { act=android.intent.action.QUICKSTEP_SERVICE pkg=com.google.android.apps.nexuslauncher }; code:PROC_STATE_PERSISTENT; tempAllowListReason:<null>; targetSdkVersion:33; callerTargetSdkVersion:34; startForegroundCount:0; bindFromPackage:null: isBindService:true]
    createTime=-55m51s955ms startingBgTimeout=--
    lastActivity=-55m51s937ms restartTime=-55m51s937ms createdFromFg=true
    Bindings:
    * IntentBindRecord{25776f0 CREATE}:
      intent={act=android.intent.action.QUICKSTEP_SERVICE pkg=com.google.android.apps.nexuslauncher}
      binder=android.os.BinderProxy@31af469
      requested=true received=true hasBound=true doRebind=false
      * Client AppBindRecord{b283eee ProcessRecord{baf34ae 885:com.android.systemui/u0a168}}
        Per-process Connections:
          ConnectionRecord{862e534 u0 CR FGSA com.google.android.apps.nexuslauncher/com.android.quickstep.TouchInteractionService:@e76d007 flags=0x2000001}
    * IntentBindRecord{d637f8f}:
      intent={cmp=com.google.android.apps.nexuslauncher/com.android.quickstep.TouchInteractionService}
      binder=android.os.BinderProxy@31af469
      requested=true received=true hasBound=false doRebind=false
      * Client AppBindRecord{bd5121c ProcessRecord{e299f5d 1156:com.google.android.apps.nexuslauncher/u0a169}}
        Per-process Connections:
          ConnectionRecord{a13a934 u0 com.google.android.apps.nexuslauncher/com.android.quickstep.TouchInteractionService:@1202407 flags=0x0}
    All Connections:
      ConnectionRecord{a13a934 u0 com.google.android.apps.nexuslauncher/com.android.quickstep.TouchInteractionService:@1202407 flags=0x0}
      ConnectionRecord{862e534 u0 CR FGSA com.google.android.apps.nexuslauncher/com.android.quickstep.TouchInteractionService:@e76d007 flags=0x2000001}

  * ServiceRecord{63f6b44 u0 com.google.android.cellbroadcastservice/com.android.cellbroadcastservice.DefaultCellBroadcastService}
    intent={act=android.telephony.CellBroadcastService pkg=com.google.android.cellbroadcastservice}
    packageName=com.google.android.cellbroadcastservice
    processName=com.android.networkstack.process
    permission=android.permission.BIND_CELL_BROADCAST_SERVICE
    baseDir=/apex/com.android.cellbroadcast/priv-app/GoogleCellBroadcastServiceModule@340818080/GoogleCellBroadcastServiceModule.apk
    dataDir=/data/user_de/0/com.google.android.cellbroadcastservice
    app=ProcessRecord{9482e98 1059:com.android.networkstack.process/1073}
    mAllowWhileInUsePermissionInFgsReason=PROC_STATE_PERSISTENT
    allowUiJobScheduling=false
    recentCallingPackage=com.android.phone
    recentCallingUid=1001
    allowStartForeground=PROC_STATE_PERSISTENT
    startForegroundCount=0
    infoAllowStartForeground=[callingPackage: com.android.phone; callingUid: 1001; uidState: PER ; uidBFSL: [BFSL]; intent: Intent { act=android.telephony.CellBroadcastService pkg=com.google.android.cellbroadcastservice }; code:PROC_STATE_PERSISTENT; tempAllowListReason:<null>; targetSdkVersion:34; callerTargetSdkVersion:34; startForegroundCount:0; bindFromPackage:null: isBindService:true]
    createTime=-55m51s588ms startingBgTimeout=--
    lastActivity=-55m51s585ms restartTime=-55m51s587ms createdFromFg=true
    Bindings:
    * IntentBindRecord{2e56e25 CREATE}:
      intent={act=android.telephony.CellBroadcastService pkg=com.google.android.cellbroadcastservice}
      binder=android.os.BinderProxy@8dd5bfa
      requested=true received=true hasBound=true doRebind=false
      * Client AppBindRecord{5a285ab ProcessRecord{d65ea48 1115:com.android.phone/1001}}
        Per-process Connections:
          ConnectionRecord{7186457 u0 CR com.google.android.cellbroadcastservice/com.android.cellbroadcastservice.DefaultCellBroadcastService:@21219d6 flags=0x1}
          ConnectionRecord{f6ededc u0 CR com.google.android.cellbroadcastservice/com.android.cellbroadcastservice.DefaultCellBroadcastService:@21219d6 flags=0x1}
    All Connections:
      ConnectionRecord{7186457 u0 CR com.google.android.cellbroadcastservice/com.android.cellbroadcastservice.DefaultCellBroadcastService:@21219d6 flags=0x1}
      ConnectionRecord{f6ededc u0 CR com.google.android.cellbroadcastservice/com.android.cellbroadcastservice.DefaultCellBroadcastService:@21219d6 flags=0x1}

  * ServiceRecord{21a6d37 u0 com.google.android.as/com.google.android.apps.miphone.aiai.app.AiAiSearchUiService}
    intent={act=android.service.search.SearchUiService cmp=com.google.android.as/com.google.android.apps.miphone.aiai.app.AiAiSearchUiService}
    packageName=com.google.android.as
    processName=com.google.android.as
    permission=android.permission.MANAGE_SEARCH_UI
    baseDir=/product/priv-app/DevicePersonalizationPrebuiltPixel2021/DevicePersonalizationPrebuiltPixel2021.apk
    dataDir=/data/user/0/com.google.android.as
    app=ProcessRecord{487a3bd 1703:com.google.android.as/u0a127}
    mAllowWhileInUsePermissionInFgsReason=PROC_STATE_PERSISTENT
    allowUiJobScheduling=false
    recentCallingPackage=android
    recentCallingUid=1000
    allowStartForeground=PROC_STATE_PERSISTENT
    startForegroundCount=0
    infoAllowStartForeground=[callingPackage: android; callingUid: 1000; uidState: PER ; uidBFSL: [BFSL]; intent: Intent { act=android.service.search.SearchUiService cmp=com.google.android.as/com.google.android.apps.miphone.aiai.app.AiAiSearchUiService }; code:PROC_STATE_PERSISTENT; tempAllowListReason:<ce5c65e android.intent.action.PRE_BOOT_COMPLETED/u0,reasonCode:PRE_BOOT_COMPLETED,duration:20000,callingUid:1000>; targetSdkVersion:34; callerTargetSdkVersion:34; startForegroundCount:0; bindFromPackage:null: isBindService:true]
    createTime=-55m47s806ms startingBgTimeout=--
    lastActivity=-55m47s806ms restartTime=-55m47s806ms createdFromFg=true
    Bindings:
    * IntentBindRecord{82f3408 CREATE}:
      intent={act=android.service.search.SearchUiService cmp=com.google.android.as/com.google.android.apps.miphone.aiai.app.AiAiSearchUiService}
      binder=android.os.BinderProxy@423c7a1
      requested=true received=true hasBound=true doRebind=false
      * Client AppBindRecord{1953dc6 ProcessRecord{d3c41bf 542:system/1000}}
        Per-process Connections:
          ConnectionRecord{1e53a36 u0 CR FGS CAPS com.google.android.as/com.google.android.apps.miphone.aiai.app.AiAiSearchUiService:@d5d2fd1 flags=0x4001001}
    All Connections:
      ConnectionRecord{1e53a36 u0 CR FGS CAPS com.google.android.as/com.google.android.apps.miphone.aiai.app.AiAiSearchUiService:@d5d2fd1 flags=0x4001001}

  Connection bindings to services:
  * ConnectionRecord{2513b9f u0 CR WACT CAPS com.google.android.gms/.chimera.PersistentDirectBootAwareApiService:@26213e flags=0x1081}
    binding=AppBindRecord{f70a341 com.google.android.gms/.chimera.PersistentDirectBootAwareApiService:com.google.android.contacts}
    conn=android.os.BinderProxy@26213e flags=0x1081
  * ConnectionRecord{62e7c9a u0 CR !FG !VIS com.google.android.gms/.location.geocode.GeocodeService:@7a2d45 flags=0x40000005}
    binding=AppBindRecord{102036a com.google.android.gms/.location.geocode.GeocodeService:system}
    conn=android.app.LoadedApk$ServiceDispatcher$InnerConnection@7a2d45 flags=0x40000005
  * ConnectionRecord{5387980 u0 CR IMP com.google.android.googlequicksearchbox/com.google.android.apps.gsa.nowoverlayservice.DrawerOverlayService:@c81603 flags=0x41}
    binding=AppBindRecord{c7ebd96 com.google.android.googlequicksearchbox/com.google.android.apps.gsa.nowoverlayservice.DrawerOverlayService:com.google.android.apps.nexuslauncher}
    activity=ActivityRecord{54ca9d9 u0 com.google.android.apps.nexuslauncher/.NexusLauncherActivity t7}
    conn=android.os.BinderProxy@c81603 flags=0x41
  * ConnectionRecord{2a67b88 u0 CR com.google.android.as/com.google.android.apps.miphone.aiai.common.superpacks.impl.AiAiSuperpacksService:@d43b2b flags=0x1}
    binding=AppBindRecord{872a14e com.google.android.as/com.google.android.apps.miphone.aiai.common.superpacks.impl.AiAiSuperpacksService:com.google.android.as}
    conn=android.os.BinderProxy@d43b2b flags=0x1
  * ConnectionRecord{2d8ae0d u0 com.google.android.bluetooth/com.android.bluetooth.hfp.HeadsetService:@11f40a4 flags=0x0}
    binding=AppBindRecord{ad2415e com.google.android.bluetooth/com.android.bluetooth.hfp.HeadsetService:system}
    conn=android.app.LoadedApk$ServiceDispatcher$InnerConnection@11f40a4 flags=0x0
  * ConnectionRecord{a13a934 u0 com.google.android.apps.nexuslauncher/com.android.quickstep.TouchInteractionService:@1202407 flags=0x0}
    binding=AppBindRecord{bd5121c com.google.android.apps.nexuslauncher/com.android.quickstep.TouchInteractionService:com.google.android.apps.nexuslauncher}
    activity=ActivityRecord{54ca9d9 u0 com.google.android.apps.nexuslauncher/.NexusLauncherActivity t7}
    conn=android.os.BinderProxy@1202407 flags=0x0
  * ConnectionRecord{ab69d0 u0 CR com.google.android.gms/com.google.location.nearby.direct.service.NearbyDirectService:@18a5593 flags=0x1}
    binding=AppBindRecord{95574a4 com.google.android.gms/com.google.location.nearby.direct.service.NearbyDirectService:com.google.android.gms.persistent}
    conn=android.os.BinderProxy@18a5593 flags=0x1
  * ConnectionRecord{8cd43eb u0 CR WACT CAPS com.google.android.gms/.chimera.PersistentApiServiceNoInstantApps:@19f2b3a flags=0x1081}
    binding=AppBindRecord{19b7c05 com.google.android.gms/.chimera.PersistentApiServiceNoInstantApps:com.google.android.gms.persistent}
    conn=android.os.BinderProxy@19f2b3a flags=0x1081
  * ConnectionRecord{973c29f u0 CR WACT CAPS com.google.android.gms/.chimera.PersistentApiService:@1b2643e flags=0x1081}
    binding=AppBindRecord{824a93f com.google.android.gms/.chimera.PersistentApiService:com.google.android.apps.wellbeing}
    conn=android.os.BinderProxy@1b2643e flags=0x1081
  * ConnectionRecord{7186457 u0 CR com.google.android.cellbroadcastservice/com.android.cellbroadcastservice.DefaultCellBroadcastService:@21219d6 flags=0x1}
    binding=AppBindRecord{5a285ab com.google.android.cellbroadcastservice/com.android.cellbroadcastservice.DefaultCellBroadcastService:com.android.phone}
    conn=android.os.BinderProxy@21219d6 flags=0x1
  * ConnectionRecord{f6ededc u0 CR com.google.android.cellbroadcastservice/com.android.cellbroadcastservice.DefaultCellBroadcastService:@21219d6 flags=0x1}
    binding=AppBindRecord{5a285ab com.google.android.cellbroadcastservice/com.android.cellbroadcastservice.DefaultCellBroadcastService:com.android.phone}
    conn=android.os.BinderProxy@21219d6 flags=0x1
  * ConnectionRecord{3a06ccf u0 CR FGS CAPS com.google.android.ext.services/android.ext.services.autofill.InlineSuggestionRenderServiceImpl:@23b992e flags=0x4001001}
    binding=AppBindRecord{c64c734 com.google.android.ext.services/android.ext.services.autofill.InlineSuggestionRenderServiceImpl:system}
    conn=android.app.LoadedApk$ServiceDispatcher$InnerConnection@23b992e flags=0x4001001
  * ConnectionRecord{974bde5 u0 CR IMP com.google.android.providers.media.module/com.android.providers.media.fuse.ExternalStorageServiceImpl:@254c8dc flags=0x41}
    binding=AppBindRecord{b2122a0 com.google.android.providers.media.module/com.android.providers.media.fuse.ExternalStorageServiceImpl:system}
    conn=android.app.LoadedApk$ServiceDispatcher$InnerConnection@254c8dc flags=0x41
  * ConnectionRecord{31ca2af u0 CR com.google.android.gms/.ads.identifier.service.AdvertisingIdService:@2917a8e flags=0x1}
    binding=AppBindRecord{b9f6061 com.google.android.gms/.ads.identifier.service.AdvertisingIdService:com.google.android.apps.youtube.music}
    conn=android.os.BinderProxy@2917a8e flags=0x1
  * ConnectionRecord{d8d9e65 u0 CR FGS CAPS com.google.android.as/com.google.android.apps.miphone.aiai.app.AiAiPredictionService:@2badb5c flags=0x4001001}
    binding=AppBindRecord{6993cad com.google.android.as/com.google.android.apps.miphone.aiai.app.AiAiPredictionService:system}
    conn=android.app.LoadedApk$ServiceDispatcher$InnerConnection@2badb5c flags=0x4001001
  * ConnectionRecord{6a4f58c u0 CR !FG !VIS com.google.android.gms/com.google.android.location.fused.FusedLocationService:@3200abf flags=0x40000005}
    binding=AppBindRecord{65d2e7a com.google.android.gms/com.google.android.location.fused.FusedLocationService:system}
    conn=android.app.LoadedApk$ServiceDispatcher$InnerConnection@3200abf flags=0x40000005
  * ConnectionRecord{75e347d u0 com.google.android.bluetooth/com.android.bluetooth.pan.PanService:@3261ad4 flags=0x0}
    binding=AppBindRecord{a3fbe0e com.google.android.bluetooth/com.android.bluetooth.pan.PanService:system}
    conn=android.app.LoadedApk$ServiceDispatcher$InnerConnection@3261ad4 flags=0x0
  * ConnectionRecord{17924c1 u0 CR WACT CAPS com.google.android.gms/.chimera.PersistentDirectBootAwareApiService:@37951a8 flags=0x1081}
    binding=AppBindRecord{201e839 com.google.android.gms/.chimera.PersistentDirectBootAwareApiService:com.google.android.apps.messaging}
    conn=android.os.BinderProxy@37951a8 flags=0x1081
  * ConnectionRecord{35825f0 u0 CR WACT CAPS com.google.android.gms/.chimera.PersistentDirectBootAwareApiService:@381ee33 flags=0x1081}
    binding=AppBindRecord{4850d4 com.google.android.gms/.chimera.PersistentDirectBootAwareApiService:com.google.android.apps.wellbeing}
    conn=android.os.BinderProxy@381ee33 flags=0x1081
  * ConnectionRecord{f89a45e u0 CR WACT CAPS com.google.android.gms/.chimera.PersistentBoundBrokerService:@395c999 flags=0x1081}
    binding=AppBindRecord{8fd156a com.google.android.gms/.chimera.PersistentBoundBrokerService:com.google.android.gms.persistent}
    conn=android.os.BinderProxy@395c999 flags=0x1081
  * ConnectionRecord{a9075df u0 CR android/.hardware.location.GeofenceHardwareService:@3d0dc7e flags=0x1}
    binding=AppBindRecord{3df4793 android/.hardware.location.GeofenceHardwareService:system}
    conn=android.app.LoadedApk$ServiceDispatcher$InnerConnection@3d0dc7e flags=0x1
  * ConnectionRecord{828173c u0 CR FGS com.google.android.gms/.chimera.PersistentBoundBrokerService:@3f8e52f flags=0x4000001}
    binding=AppBindRecord{eaf35c5 com.google.android.gms/.chimera.PersistentBoundBrokerService:system}
    conn=android.app.LoadedApk$ServiceDispatcher$InnerConnection@3f8e52f flags=0x4000001
  * ConnectionRecord{f90d9e4 u0 CR FGS com.google.android.gms/.chimera.PersistentBoundBrokerService:@3f8e52f flags=0x4000001}
    binding=AppBindRecord{eaf35c5 com.google.android.gms/.chimera.PersistentBoundBrokerService:system}
    conn=android.app.LoadedApk$ServiceDispatcher$InnerConnection@3f8e52f flags=0x4000001
  * ConnectionRecord{7b2c5ab u0 CR WACT CAPS com.google.android.gms/.chimera.PersistentDirectBootAwareApiService:@4069bfa flags=0x1081}
    binding=AppBindRecord{b3bf01 com.google.android.gms/.chimera.PersistentDirectBootAwareApiService:com.google.android.apps.messaging:rcs}
    conn=android.os.BinderProxy@4069bfa flags=0x1081
  * ConnectionRecord{4ac0f5f u0 CR com.google.android.googlequicksearchbox/com.google.android.apps.search.googleapp.search.suggest.plugins.onesearch.server.OneSearchSuggestService:@41cebfe flags=0x1}
    binding=AppBindRecord{acb3435 com.google.android.googlequicksearchbox/com.google.android.apps.search.googleapp.search.suggest.plugins.onesearch.server.OneSearchSuggestService:com.google.android.apps.nexuslauncher}
    conn=android.os.BinderProxy@41cebfe flags=0x1
  * ConnectionRecord{527804e u0 CR !FG !VIS com.google.android.gms/com.google.android.location.internal.GoogleLocationManagerService:@432df49 flags=0x40000005}
    binding=AppBindRecord{3dce192 com.google.android.gms/com.google.android.location.internal.GoogleLocationManagerService:system}
    conn=android.app.LoadedApk$ServiceDispatcher$InnerConnection@432df49 flags=0x40000005
  * ConnectionRecord{d136d86 u0 CR IMP com.google.android.networkstack.tethering/com.android.networkstack.tethering.TetheringService:@481de61 flags=0x41}
    binding=AppBindRecord{c6d32c6 com.google.android.networkstack.tethering/com.android.networkstack.tethering.TetheringService:system}
    conn=android.app.LoadedApk$ServiceDispatcher$InnerConnection@481de61 flags=0x41
  * ConnectionRecord{3523167 u0 CR com.android.phone/com.android.internal.telephony.CellularNetworkService:@4adb126 flags=0x1}
    binding=AppBindRecord{2b469d1 com.android.phone/com.android.internal.telephony.CellularNetworkService:com.android.phone}
    conn=android.os.BinderProxy@4adb126 flags=0x1
  * ConnectionRecord{f8d757f u0 CR WACT CAPS com.google.android.gms/.chimera.PersistentDirectBootAwareApiService:@4e9969e flags=0x1081}
    binding=AppBindRecord{c80d1a6 com.google.android.gms/.chimera.PersistentDirectBootAwareApiService:com.google.android.inputmethod.latin}
    conn=android.os.BinderProxy@4e9969e flags=0x1081
  * ConnectionRecord{ee291c5 u0 com.google.android.bluetooth/com.android.bluetooth.a2dp.A2dpService:@508003c flags=0x0}
    binding=AppBindRecord{2eab2e9 com.google.android.bluetooth/com.android.bluetooth.a2dp.A2dpService:system}
    conn=android.app.LoadedApk$ServiceDispatcher$InnerConnection@508003c flags=0x0
  * ConnectionRecord{48f907b u0 CR IMP com.google.android.networkstack/com.android.server.NetworkStackService:@59f900a flags=0x41}
    binding=AppBindRecord{15551b6 com.google.android.networkstack/com.android.server.NetworkStackService:system}
    conn=android.app.LoadedApk$ServiceDispatcher$InnerConnection@59f900a flags=0x41
  * ConnectionRecord{bfb73a2 u0 CR FGS !VIS com.google.android.apps.messaging/com.google.android.ims.binding.SystemBindingService:@5e3fb6d flags=0x44000001}
    binding=AppBindRecord{7c55780 com.google.android.apps.messaging/com.google.android.ims.binding.SystemBindingService:system}
    conn=android.app.LoadedApk$ServiceDispatcher$InnerConnection@5e3fb6d flags=0x44000001
  * ConnectionRecord{c341040 u0 com.google.android.bluetooth/com.android.bluetooth.map.BluetoothMapService:@62ccfc3 flags=0x0}
    binding=AppBindRecord{7a7f6a4 com.google.android.bluetooth/com.android.bluetooth.map.BluetoothMapService:system}
    conn=android.app.LoadedApk$ServiceDispatcher$InnerConnection@62ccfc3 flags=0x0
  * ConnectionRecord{f8dce41 u0 CR FGS CAPS com.google.android.as/com.google.android.apps.miphone.aiai.app.AiAiContentSuggestionsService:@6b8b128 flags=0x4001001}
    binding=AppBindRecord{9cce4d8 com.google.android.as/com.google.android.apps.miphone.aiai.app.AiAiContentSuggestionsService:system}
    conn=android.app.LoadedApk$ServiceDispatcher$InnerConnection@6b8b128 flags=0x4001001
  * ConnectionRecord{9dbcc6c u0 CR WACT CAPS com.google.android.gms/.chimera.PersistentDirectBootAwareApiService:@6e2711f flags=0x1081}
    binding=AppBindRecord{51783f5 com.google.android.gms/.chimera.PersistentDirectBootAwareApiService:com.google.android.gms}
    conn=android.os.BinderProxy@6e2711f flags=0x1081
  * ConnectionRecord{c53682e u0 CR !FG !VIS com.google.android.gms/com.google.android.location.network.NetworkLocationService:@73ffaa9 flags=0x40000005}
    binding=AppBindRecord{244ff48 com.google.android.gms/com.google.android.location.network.NetworkLocationService:system}
    conn=android.app.LoadedApk$ServiceDispatcher$InnerConnection@73ffaa9 flags=0x40000005
  * ConnectionRecord{3cdc42f u0 CR WACT CAPS com.google.android.gms/.chimera.PersistentDirectBootAwareApiService:@7b4320e flags=0x1081}
    binding=AppBindRecord{9b6058a com.google.android.gms/.chimera.PersistentDirectBootAwareApiService:com.google.android.gms.persistent}
    conn=android.os.BinderProxy@7b4320e flags=0x1081
  * ConnectionRecord{4d06bfb u0 CR WACT CAPS com.google.android.gms/.chimera.PersistentDirectBootAwareApiService:@834a98a flags=0x1081}
    binding=AppBindRecord{cbc342c com.google.android.gms/.chimera.PersistentDirectBootAwareApiService:com.google.android.gms.persistent}
    conn=android.os.BinderProxy@834a98a flags=0x1081
  * ConnectionRecord{558918f u0 CR WACT CAPS com.google.android.gms/.chimera.PersistentDirectBootAwareApiService:@85e58ee flags=0x1081}
    binding=AppBindRecord{9f980e6 com.google.android.gms/.chimera.PersistentDirectBootAwareApiService:com.google.android.apps.wellbeing}
    conn=android.os.BinderProxy@85e58ee flags=0x1081
  * ConnectionRecord{857f0f5 u0 CR WACT CAPS com.google.android.gms/.chimera.PersistentDirectBootAwareApiService:@8679e2c flags=0x1081}
    binding=AppBindRecord{c662627 com.google.android.gms/.chimera.PersistentDirectBootAwareApiService:com.google.android.contacts}
    conn=android.os.BinderProxy@8679e2c flags=0x1081
  * ConnectionRecord{bc23e10 u0 CR FGS !PRCP com.google.android.as/com.google.android.apps.miphone.aiai.common.notification.service.AiAiNotificationListenerService:@8a2d2d3 flags=0x5000101}
    binding=AppBindRecord{7626564 com.google.android.as/com.google.android.apps.miphone.aiai.common.notification.service.AiAiNotificationListenerService:system}
    conn=android.app.LoadedApk$ServiceDispatcher$InnerConnection@8a2d2d3 flags=0x5000101
  * ConnectionRecord{4a04fce u0 CR IMP com.google.android.youtube/com.google.android.apps.youtube.app.common.notification.FcmMessageListenerService:@8d73cc9 flags=0x41}
    binding=AppBindRecord{1bdba28 com.google.android.youtube/com.google.android.apps.youtube.app.common.notification.FcmMessageListenerService:com.google.android.youtube}
    conn=android.os.BinderProxy@8d73cc9 flags=0x41
  * ConnectionRecord{29b55e1 u0 CR FGS com.google.android.as/com.google.android.apps.miphone.aiai.common.notification.service.AiAiNotificationAssistantService:@92f1348 flags=0x5000001}
    binding=AppBindRecord{555054 com.google.android.as/com.google.android.apps.miphone.aiai.common.notification.service.AiAiNotificationAssistantService:system}
    conn=android.app.LoadedApk$ServiceDispatcher$InnerConnection@92f1348 flags=0x5000001
  * ConnectionRecord{7564cf8 u0 com.google.android.bluetooth/com.android.bluetooth.hearingaid.HearingAidService:@963ac5b flags=0x0}
    binding=AppBindRecord{27dcfc5 com.google.android.bluetooth/com.android.bluetooth.hearingaid.HearingAidService:system}
    conn=android.app.LoadedApk$ServiceDispatcher$InnerConnection@963ac5b flags=0x0
  * ConnectionRecord{daea996 u0 com.google.android.bluetooth/com.android.bluetooth.hid.HidHostService:@97340b1 flags=0x0}
    binding=AppBindRecord{7f9f9d3 com.google.android.bluetooth/com.android.bluetooth.hid.HidHostService:system}
    conn=android.app.LoadedApk$ServiceDispatcher$InnerConnection@97340b1 flags=0x0
  * ConnectionRecord{9548b71 u0 CR FGSA UI CAPS com.android.systemui/.wallpapers.ImageWallpaper:@97c6518 flags=0x22001001}
    binding=AppBindRecord{6789f3f com.android.systemui/.wallpapers.ImageWallpaper:system}
    conn=android.app.LoadedApk$ServiceDispatcher$InnerConnection@97c6518 flags=0x22001001
  * ConnectionRecord{5efae30 u0 CR FGS com.google.android.gms/.chimera.PersistentBoundBrokerService:@99d6f73 flags=0x4000001}
    binding=AppBindRecord{62c0fd3 com.google.android.gms/.chimera.PersistentBoundBrokerService:system}
    conn=android.app.LoadedApk$ServiceDispatcher$InnerConnection@99d6f73 flags=0x4000001
  * ConnectionRecord{4283700 u0 CR com.google.android.as/com.google.android.apps.miphone.aiai.common.superpacks.impl.AiAiSuperpacksService:@9d25983 flags=0x1}
    binding=AppBindRecord{872a14e com.google.android.as/com.google.android.apps.miphone.aiai.common.superpacks.impl.AiAiSuperpacksService:com.google.android.as}
    conn=android.os.BinderProxy@9d25983 flags=0x1
  * ConnectionRecord{5c11b63 u0 CR FGS !PRCP com.google.android.apps.nexuslauncher/com.android.launcher3.notification.NotificationListener:@a565592 flags=0x5000101}
    binding=AppBindRecord{150cf91 com.google.android.apps.nexuslauncher/com.android.launcher3.notification.NotificationListener:system}
    conn=android.app.
