$ logcat after bonded
[exit=0]
--------- beginning of system
W/ActivityTaskManager(  542): callingPackage for (uid=2000, pid=11504) has no WPC
D/CompatibilityChangeReporter(  542): Compat change id reported: 265464455; UID 10196; state: DISABLED
D/CompatibilityChangeReporter(  542): Compat change id reported: 265452344; UID 10196; state: DISABLED
D/CompatibilityChangeReporter(  542): Compat change id reported: 266124927; UID 10196; state: DISABLED
D/CompatibilityChangeReporter(  542): Compat change id reported: 265451093; UID 10196; state: DISABLED
D/CompatibilityChangeReporter(  542): Compat change id reported: 265456536; UID 10196; state: DISABLED
D/CompatibilityChangeReporter(  542): Compat change id reported: 255940284; UID 10196; state: DISABLED
D/CompatibilityChangeReporter(  542): Compat change id reported: 236283604; UID 10196; state: DISABLED
D/CompatibilityChangeReporter(  542): Compat change id reported: 263959004; UID 10196; state: DISABLED
D/CompatibilityChangeReporter(  542): Compat change id reported: 264304459; UID 10196; state: DISABLED
D/CompatibilityChangeReporter(  542): Compat change id reported: 264301586; UID 10196; state: DISABLED
D/CompatibilityChangeReporter(  542): Compat change id reported: 254631730; UID 10196; state: DISABLED
D/CompatibilityChangeReporter(  542): Compat change id reported: 273509367; UID 10196; state: DISABLED
D/CompatibilityChangeReporter(  542): Compat change id reported: 263259275; UID 10196; state: DISABLED
D/CompatibilityChangeReporter(  542): Compat change id reported: 174042980; UID 10196; state: DISABLED
D/CompatibilityChangeReporter(  542): Compat change id reported: 174042936; UID 10196; state: DISABLED
D/CompatibilityChangeReporter(  542): Compat change id reported: 181136395; UID 10196; state: DISABLED
D/CompatibilityChangeReporter(  542): Compat change id reported: 194480991; UID 10196; state: ENABLED
D/CompatibilityChangeReporter(  542): Compat change id reported: 184838306; UID 10196; state: DISABLED
D/CompatibilityChangeReporter(  542): Compat change id reported: 185004937; UID 10196; state: DISABLED
D/CompatibilityChangeReporter(  542): Compat change id reported: 197654537; UID 10196; state: ENABLED
D/CompatibilityChangeReporter(  542): Compat change id reported: 205907456; UID 10196; state: ENABLED
V/WindowManagerShell(  885): Transition requested: android.os.BinderProxy@dd0122f TransitionRequestInfo { type = OPEN, triggerTask = TaskInfo{userId=0 taskId=44 displayId=0 isRunning=true baseIntent=Intent { flg=0x10000000 cmp=com.ubmprobe/.MainActivity } baseActivity=ComponentInfo{com.ubmprobe/com.ubmprobe.MainActivity} topActivity=ComponentInfo{com.ubmprobe/com.ubmprobe.MainActivity} origActivity=null realActivity=ComponentInfo{com.ubmprobe/com.ubmprobe.MainActivity} numActivities=1 lastActiveTime=3587770 supportsMultiWindow=true resizeMode=1 isResizeable=true minWidth=-1 minHeight=-1 defaultMinSize=220 token=WCT{android.window.IWindowContainerToken$Stub$Proxy@67c403c} topActivityType=1 pictureInPictureParams=null shouldDockBigOverlays=false launchIntoPipHostTaskId=-1 lastParentTaskIdBeforePip=-1 displayCutoutSafeInsets=null topActivityInfo=ActivityInfo{8e1d1c5 com.ubmprobe.MainActivity} launchCookies=[] positionInParent=Point(0, 0) parentTaskId=-1 isFocused=false isVisible=false isVisibleRequested=false isSleeping=false topActivityInSizeCompat=false topActivityEligibleForLetterboxEducation= false topActivityLetterboxed= false isFromDoubleTap= false topActivityLetterboxVerticalPosition= -1 topActivityLetterboxHorizontalPosition= -1 topActivityLetterboxWidth=-1 topActivityLetterboxHeight=-1 locusId=null displayAreaFeatureId=1 cameraCompatControlState=hidden}, remoteTransition = null, displayChange = null }
I/ActivityTaskManager(  542): START u0 {flg=0x10000000 cmp=com.ubmprobe/.MainActivity} with LAUNCH_SINGLE_TASK from uid 2000 (BAL_ALLOW_PERMISSION) result code=0
D/CompatibilityChangeReporter(  542): Compat change id reported: 168419799; UID 10196; state: DISABLED
D/CompatibilityChangeReporter(  542): Compat change id reported: 273564678; UID 10196; state: DISABLED
D/CompatibilityChangeReporter(  542): Compat change id reported: 135634846; UID 10196; state: DISABLED
D/CompatibilityChangeReporter(  542): Compat change id reported: 143937733; UID 10196; state: ENABLED
--------- beginning of main
D/SplashScreenView(  885): Build android.window.SplashScreenView{a05747d V.E...... ......ID 0,0-0,0}
D/SplashScreenView(  885): Icon: view: android.widget.ImageView{37edf72 V.ED..... ......I. 0,0-0,0 #10204f0 android:id/splashscreen_icon_view} drawable: com.android.wm.shell.startingsurface.SplashscreenIconDrawableFactory$ImmobileIconDrawable@9460fc3 size: 160
D/SplashScreenView(  885): Branding: view: android.view.View{f745040 G.ED..... ......I. 0,0-0,0 #10204ef android:id/splashscreen_branding_view} drawable: null size w: 0 h: 0
D/Zygote  (  359): Forked child process 11507
I/ActivityManager(  542): Start proc 11507:com.ubmprobe/u0a196 for next-top-activity {com.ubmprobe/com.ubmprobe.MainActivity}
D/CompatibilityChangeReporter(  542): Compat change id reported: 265195908; UID 10196; state: ENABLED
I/BpBinder(  423): onLastStrongRef automatically unlinking death recipients: 
D/CoreBackPreview(  542): Window{cdafbd9 u0 Splash Screen com.ubmprobe}: Setting back callback OnBackInvokedCallbackInfo{mCallback=android.window.IOnBackInvokedCallback$Stub$Proxy@8f67c95, mPriority=0, mIsAnimationCallback=false}
V/WindowManager(  542): Sent Transition #99 createdAt=09-15 16:31:47.705 via request=TransitionRequestInfo { type = OPEN, triggerTask = TaskInfo{userId=0 taskId=44 displayId=0 isRunning=true baseIntent=Intent { flg=0x10000000 cmp=com.ubmprobe/.MainActivity } baseActivity=ComponentInfo{com.ubmprobe/com.ubmprobe.MainActivity} topActivity=ComponentInfo{com.ubmprobe/com.ubmprobe.MainActivity} origActivity=null realActivity=ComponentInfo{com.ubmprobe/com.ubmprobe.MainActivity} numActivities=1 lastActiveTime=3587770 supportsMultiWindow=true resizeMode=1 isResizeable=true minWidth=-1 minHeight=-1 defaultMinSize=220 token=WCT{RemoteToken{588a938 Task{c8e1a52 #44 type=standard A=10196:com.ubmprobe}}} topActivityType=1 pictureInPictureParams=null shouldDockBigOverlays=false launchIntoPipHostTaskId=-1 lastParentTaskIdBeforePip=-1 displayCutoutSafeInsets=null topActivityInfo=ActivityInfo{80f4d11 com.ubmprobe.MainActivity} launchCookies=[] positionInParent=Point(0, 0) parentTaskId=-1 isFocused=false isVisible=false isVisibleRequested=false isSleeping=false topActivityInSizeCompat=false topActivityEligibleForLetterboxEducation= false topActivityLetterboxed= false isFromDoubleTap= false topActivityLetterboxVerticalPosition= -1 topActivityLetterboxHorizontalPosition= -1 topActivityLetterboxWidth=-1 topActivityLetterboxHeight=-1 locusId=null displayAreaFeatureId=1 cameraCompatControlState=hidden}, remoteTransition = null, displayChange = null }
V/WindowManager(  542):     startWCT=WindowContainerTransaction { changes = {} hops = [] errorCallbackToken=null taskFragmentOrganizer=null }
V/WindowManager(  542):     info={id=99 t=OPEN f=0x0 trk=0 r=[0@Point(0, 0)] c=[{WCT{RemoteToken{588a938 Task{c8e1a52 #44 type=standard A=10196:com.ubmprobe}}} m=OPEN f=NONE leash=Surface(name=Task=44)/@0xb26a1aa sb=Rect(0, 0 - 320, 640) eb=Rect(0, 0 - 320, 640) d=0},{WCT{RemoteToken{c3e5e8f Task{138c2a5 #1 type=home}}} m=TO_BACK f=SHOW_WALLPAPER leash=Surface(name=Task=1)/@0xd4f8ee1 sb=Rect(0, 0 - 320, 640) eb=Rect(0, 0 - 320, 640) d=0}]}
V/WindowManagerShell(  885): onTransitionReady android.os.BinderProxy@dd0122f: {id=99 t=OPEN f=0x0 trk=0 r=[0@Point(0, 0)] c=[{WCT{android.window.IWindowContainerToken$Stub$Proxy@77680b1} m=OPEN f=NONE leash=Surface(name=Task=44)/@0x886eaca sb=Rect(0, 0 - 320, 640) eb=Rect(0, 0 - 320, 640) d=0},{WCT{android.window.IWindowContainerToken$Stub$Proxy@290e996} m=TO_BACK f=SHOW_WALLPAPER leash=Surface(name=Task=1)/@0xf37b43b sb=Rect(0, 0 - 320, 640) eb=Rect(0, 0 - 320, 640) d=0}]}
V/WindowManagerShell(  885): Playing animation for (#99)android.os.BinderProxy@dd0122f@0
V/WindowManagerShell(  885):  try handler com.android.wm.shell.transition.DefaultMixedHandler@582048e
V/WindowManagerShell(  885):  try handler com.android.wm.shell.keyguard.KeyguardTransitionHandler@99364af
V/WindowManagerShell(  885):  try handler com.android.wm.shell.activityembedding.ActivityEmbeddingController@ac960bc
V/WindowManagerShell(  885):  try handler com.android.wm.shell.recents.RecentsTransitionHandler@9fa845
V/ShellRecents(  885): RecentsTransitionHandler.startAnimation: no controller found
V/WindowManagerShell(  885):  try handler com.android.wm.shell.pip.PipTransition@39ddb9a
V/WindowManagerShell(  885):  try handler com.android.wm.shell.splitscreen.StageCoordinator@63b9ccb
V/WindowManagerShell(  885):  try handler com.android.wm.shell.transition.RemoteTransitionHandler@129cca8
V/WindowManagerShell(  885): Transition doesn't have explicit remote, search filters for match for {id=99 t=OPEN f=0x0 trk=0 r=[0@Point(0, 0)] c=[{WCT{android.window.IWindowContainerToken$Stub$Proxy@77680b1} m=OPEN f=NONE leash=Surface(name=Task=44)/@0x886eaca sb=Rect(0, 0 - 320, 640) eb=Rect(0, 0 - 320, 640) d=0},{WCT{android.window.IWindowContainerToken$Stub$Proxy@290e996} m=TO_BACK f=SHOW_WALLPAPER leash=Surface(name=Task=1)/@0xf37b43b sb=Rect(0, 0 - 320, 640) eb=Rect(0, 0 - 320, 640) d=0}]}
V/WindowManagerShell(  885):  Checking filter Pair{{types=[] flags=0x0] notFlags=0x0 checks=[{atype=dream independent=true modes=[OPEN,TO_FRONT] flags=NONE mustBeTask=false order=ANY topActivity=null},{atype=home independent=true modes=[CLOSE,TO_BACK] flags=NONE mustBeTask=false order=ANY topActivity=null}]} RemoteTransition { remoteTransition = android.window.IRemoteTransition$Stub$Proxy@ab78f79, appThread = android.app.IApplicationThread$Stub$Proxy@e7524be, debugName = LauncherToDream }}
V/WindowManagerShell(  885):  Checking filter Pair{{types=[] flags=0x0] notFlags=0x100 checks=[{atype=home independent=true modes=[OPEN,TO_FRONT] flags=NONE mustBeTask=false order=TOP topActivity=ComponentInfo{com.google.android.apps.nexuslauncher/com.google.android.apps.nexuslauncher.NexusLauncherActivity}},{atype=standard independent=true modes=[CLOSE,TO_BACK] flags=NONE mustBeTask=false order=ANY topActivity=null}]} RemoteTransition { remoteTransition = android.window.IRemoteTransition$Stub$Proxy@206b91f, appThread = android.app.IApplicationThread$Stub$Proxy@63e746c, debugName = QuickstepLaunchHome }}
V/WindowManagerShell(  885):  Delegate animation for #99 to null
V/WindowManagerShell(  885):  try handler com.android.wm.shell.transition.DefaultTransitionHandler@3d79afd
V/WindowManagerShell(  885): start default transition animation, info = {id=99 t=OPEN f=0x0 trk=0 r=[0@Point(0, 0)] c=[{WCT{android.window.IWindowContainerToken$Stub$Proxy@77680b1} m=OPEN f=NONE leash=Surface(name=Task=44)/@0x886eaca sb=Rect(0, 0 - 320, 640) eb=Rect(0, 0 - 320, 640) d=0},{WCT{android.window.IWindowContainerToken$Stub$Proxy@290e996} m=TO_BACK f=SHOW_WALLPAPER leash=Surface(name=Task=1)/@0xf37b43b sb=Rect(0, 0 - 320, 640) eb=Rect(0, 0 - 320, 640) d=0}]}
V/WindowManagerShell(  885): loadAnimation: anim=android.view.animation.AnimationSet@abc2104 animAttr=0x13 type=OPEN isEntrance=false
V/WindowManagerShell(  885): loadAnimation: anim=android.view.animation.AnimationSet@dc3956e animAttr=0x12 type=OPEN isEntrance=true
V/WindowManagerShell(  885):  animated by com.android.wm.shell.transition.DefaultTransitionHandler@3d79afd
D/EGL_emulation(  885): app_time_stats: avg=1250.51ms min=1250.51ms max=1250.51ms count=1
D/EGL_emulation( 1156): app_time_stats: avg=260.13ms min=13.93ms max=1931.29ms count=8
I/com.ubmprobe(11507): Late-enabling -Xcheck:jni
I/com.ubmprobe(11507): Using CollectorTypeCC GC.
W/com.ubmprobe(11507): Unexpected CPU variant for x86: x86_64.
W/com.ubmprobe(11507): Known variants: atom, sandybridge, silvermont, goldmont, goldmont-plus, tremont, kabylake, default
I/adbd    (  434): jdwp connection from 11507
D/CompatibilityChangeReporter(11507): Compat change id reported: 171979766; UID 10196; state: ENABLED
D/CompatibilityChangeReporter(11507): Compat change id reported: 242716250; UID 10196; state: ENABLED
D/CompatibilityChangeReporter(  542): Compat change id reported: 170503758; UID 10196; state: ENABLED
D/ApplicationLoaders(11507): Returning zygote-cached class loader: /system_ext/framework/androidx.window.extensions.jar
D/ApplicationLoaders(11507): Returning zygote-cached class loader: /system_ext/framework/androidx.window.sidecar.jar
W/ziparchive(11507): Unable to open '/data/app/~~OVA5MXGJe0NpolzK_Qgm0A==/com.ubmprobe-WdfAGJyKfNCl7uoG6kgGOg==/base.dm': No such file or directory
W/ziparchive(11507): Unable to open '/data/app/~~OVA5MXGJe0NpolzK_Qgm0A==/com.ubmprobe-WdfAGJyKfNCl7uoG6kgGOg==/base.dm': No such file or directory
D/nativeloader(11507): Configuring clns-6 for other apk /data/app/~~OVA5MXGJe0NpolzK_Qgm0A==/com.ubmprobe-WdfAGJyKfNCl7uoG6kgGOg==/base.apk. target_sdk_version=36, uses_libraries=, library_path=/data/app/~~OVA5MXGJe0NpolzK_Qgm0A==/com.ubmprobe-WdfAGJyKfNCl7uoG6kgGOg==/lib/x86_64:/data/app/~~OVA5MXGJe0NpolzK_Qgm0A==/com.ubmprobe-WdfAGJyKfNCl7uoG6kgGOg==/base.apk!/lib/x86_64, permitted_path=/data:/mnt/expand:/data/user/0/com.ubmprobe
V/GraphicsEnvironment(11507): Currently set values for:
V/GraphicsEnvironment(11507):   angle_gl_driver_selection_pkgs=[]
V/GraphicsEnvironment(11507):   angle_gl_driver_selection_values=[]
V/GraphicsEnvironment(11507): ANGLE GameManagerService for com.ubmprobe: false
V/GraphicsEnvironment(11507): com.ubmprobe is not listed in per-application setting
V/GraphicsEnvironment(11507): Neither updatable production driver nor prerelease driver is supported.
W/SoLoader(11507): Initializing SoLoader: 0
W/SoLoader(11507): Recording new base apk path: /data/app/~~OVA5MXGJe0NpolzK_Qgm0A==/com.ubmprobe-WdfAGJyKfNCl7uoG6kgGOg==/base.apk
W/SoLoader(11507): Previously recorded 0 base apk paths.
I/SoLoader(11507): Preparing SO source: DirectorySoSource[root = /vendor/lib64 flags = 2]
I/SoLoader(11507): Preparing SO source: DirectorySoSource[root = /system/lib64 flags = 2]
I/SoLoader(11507): Preparing SO source: DirectApkSoSource[root = [/data/app/~~OVA5MXGJe0NpolzK_Qgm0A==/com.ubmprobe-WdfAGJyKfNCl7uoG6kgGOg==/base.apk!/lib/x86_64]]
I/SoLoader(11507): Preparing SO source: ApplicationSoSource[DirectorySoSource[root = /data/app/~~OVA5MXGJe0NpolzK_Qgm0A==/com.ubmprobe-WdfAGJyKfNCl7uoG6kgGOg==/lib/x86_64 flags = 0]]
I/SoLoader(11507): init finish: 4 SO sources prepared
W/SoLoader(11507): SoLoader initialized: 8
V/WindowManagerShell(  885): Transition animation finished (aborted=false), notifying core (#99)android.os.BinderProxy@dd0122f@0
V/WindowManager(  542): Finish Transition #99: created at 09-15 16:31:47.705 collect-started=0.023ms request-sent=2.873ms started=4.591ms ready=18.824ms sent=19.657ms finished=315.338ms
V/WindowManagerShell(  885): Track 0 became idle
V/WindowManagerShell(  885): All active transition animations finished
I/A       ( 1959): onApplyWindowInsets: systemWindowInsets=Insets{left=0, top=24, right=0, bottom=0}
I/A       ( 1959): onApplyWindowInsets: systemWindowInsets=Insets{left=0, top=24, right=0, bottom=0}
D/jni_lib_merge(11507): Entering merged library JNI_OnLoad.
D/jni_lib_merge(11507): Preparing 13 pre-merged libs (including stub)
D/jni_lib_merge(11507): Preparing to register libfabricjni_so.  onload_func: 0x73b376650530
D/jni_lib_merge(11507): Preparing to register libreact_devsupportjni_so.  onload_func: 0x73b37689c110
D/jni_lib_merge(11507): Preparing to register libreact_featureflagsjni_so.  onload_func: 0x73b3768ae9a0
D/jni_lib_merge(11507): Preparing to register libreact_newarchdefaults_so.  onload_func: 0x73b376957560
D/jni_lib_merge(11507): Preparing to register libreact_tracingjni_so.  onload_func: 0x73b376c59bb0
D/jni_lib_merge(11507): Preparing to register libreactnativeblob_so.  onload_func: 0x73b376c6cb00
D/jni_lib_merge(11507): Preparing to register libreactnativejni_so.  onload_func: 0x73b376c8fd70
D/jni_lib_merge(11507): Preparing to register libreactnativejni_common_so.  onload_func: 0x73b376c95860
D/jni_lib_merge(11507): Preparing to register librninstance_so.  onload_func: 0x73b376d12590
D/jni_lib_merge(11507): Preparing to register libturbomodulejsijni_so.  onload_func: 0x73b376e753b0
D/jni_lib_merge(11507): Preparing to register libuimanagerjni_so.  onload_func: 0x73b376e8b780
D/jni_lib_merge(11507): Preparing to register libyoga_so.  onload_func: 0x73b376e9a780
D/jni_lib_merge(11507): About to register 12 actual methods.
I/ActivityManager(  542): Flag disabled. Ignoring finishAttachApplication from uid: 10196. pid: 11507
D/libEGL  (11507): loaded /vendor/lib64/egl/libEGL_emulation.so
D/libEGL  (11507): loaded /vendor/lib64/egl/libGLESv1_CM_emulation.so
D/libEGL  (11507): loaded /vendor/lib64/egl/libGLESv2_emulation.so
D/AppCompatDelegate(11507): Checking for metadata for AppLocalesMetadataHolderService : Service not found
D/jni_lib_merge(11507): Entering merged library JNI_OnLoad.
D/jni_lib_merge(11507): Preparing 4 pre-merged libs (including stub)
D/jni_lib_merge(11507): Preparing to register libhermes_executor_so.  onload_func: 0x73b36f27d6e0
D/jni_lib_merge(11507): Preparing to register libhermesinstancejni_so.  onload_func: 0x73b36f2a9b60
D/jni_lib_merge(11507): Preparing to register libjsijniprofiler_so.  onload_func: 0x73b36f2ab900
D/jni_lib_merge(11507): About to register 3 actual methods.
D/CompatibilityChangeReporter(  542): Compat change id reported: 161145287; UID 10196; state: ENABLED
D/TrafficStats(11507): tagSocket(79) with statsTag=0xffffffff, statsUid=-1
W/unknown:BridgelessReact(11507): ReactHost{0}.startSurface(surfaceId = 0): Schedule
W/unknown:BridgelessReact(11507): ReactHost{0}.attachSurface(surfaceId = 0)
W/unknown:BridgelessReact(11507): ReactHost{0}.getOrCreateReactInstanceTask()
W/unknown:BridgelessReact(11507): ReactHost{0}.getOrCreateReactInstanceTask(): Start
W/unknown:BridgelessReact(11507): ReactHost{0}.getJSBundleLoader()
W/unknown:BridgelessReact(11507): ReactHost{0}.isMetroRunning()
D/TrafficStats(11507): tagSocket(81) with statsTag=0xffffffff, statsUid=-1
W/com.ubmprobe(11507): Accessing hidden method Landroid/view/ViewGroup;->makeOptionalFitsSystemWindows()V (unsupported, reflection, allowed)
W/unknown:BridgelessReact(11507): ReactHost{0}.onHostResume(activity)
W/unknown:ReactNative(11507): Packager connection already open, nooping.
D/CompatibilityChangeReporter(11507): Compat change id reported: 237531167; UID 10196; state: DISABLED
W/OpenGLRenderer(11507): Unknown dataspace 0
D/CoreBackPreview(  542): Window{98fe167 u0 com.ubmprobe/com.ubmprobe.MainActivity}: Setting back callback OnBackInvokedCallbackInfo{mCallback=android.window.IOnBackInvokedCallback$Stub$Proxy@29129b2, mPriority=0, mIsAnimationCallback=false}
W/OpenGLRenderer(11507): Failed to initialize 101010-2 format, error = EGL_SUCCESS
I/hwservicemanager(  154): getTransport: Cannot find entry android.hardware.graphics.mapper@4.0::IMapper/default in either framework or device VINTF manifest.
I/Gralloc4(11507): mapper 4.x is not supported
--------- beginning of kernel
I/servicemanager(    0): Could not find android.hardware.graphics.allocator.IAllocator/default in the VINTF manifest.
W/ziparchive(  542): Unable to open '/data/app/~~OVA5MXGJe0NpolzK_Qgm0A==/com.ubmprobe-WdfAGJyKfNCl7uoG6kgGOg==/base.dm': No such file or directory
I/ActivityTaskManager(  542): Displayed com.ubmprobe/.MainActivity for user 0: +675ms
D/OneSearchSuggestProvider( 1156): Shut down the binder channel
I/ImeTracker( 1156): com.google.android.apps.nexuslauncher:72b5d411: onRequestHide at ORIGIN_CLIENT_HIDE_SOFT_INPUT reason HIDE_SOFT_INPUT
I/IPCThreadState( 1156): oneway function results for code 2 on binder at 0x73b52af55150 will be dropped but finished with status UNKNOWN_TRANSACTION
I/ImeTracker(  542): com.google.android.apps.nexuslauncher:72b5d411: onCancelled at PHASE_SERVER_SHOULD_HIDE
D/BtGatt.ScanManager(11402): uid 10128 isForeground true scanMode 2
D/BtGatt.ScanManager(11402): uid 10128 isForeground true scanMode -1
W/unknown:BridgelessReact(11507): ReactHost{0}.raiseSoftException(onWindowFocusChange(hasFocus = "true")): Tried to access onWindowFocusChange while context is not ready
I/PBSessionCacheImpl( 1959): Deleted sessionId[8617562626799798] from persistence.
E/unknown:ReactHost(11507): Unhandled SoftException
E/unknown:ReactHost(11507): com.facebook.react.bridge.ReactNoCrashSoftException: raiseSoftException(onWindowFocusChange(hasFocus = "true")): Tried to access onWindowFocusChange while context is not ready
E/unknown:ReactHost(11507): 	at com.facebook.react.runtime.ReactHostImpl.raiseSoftException(ReactHostImpl.kt:919)
E/unknown:ReactHost(11507): 	at com.facebook.react.runtime.ReactHostImpl.raiseSoftException$default(ReactHostImpl.kt:910)
E/unknown:ReactHost(11507): 	at com.facebook.react.runtime.ReactHostImpl.onWindowFocusChange(ReactHostImpl.kt:682)
E/unknown:ReactHost(11507): 	at com.facebook.react.ReactDelegate.onWindowFocusChanged(ReactDelegate.kt:229)
E/unknown:ReactHost(11507): 	at com.facebook.react.ReactActivityDelegate.onWindowFocusChanged(ReactActivityDelegate.java:235)
E/unknown:ReactHost(11507): 	at com.facebook.react.ReactActivity.onWindowFocusChanged(ReactActivity.java:161)
E/unknown:ReactHost(11507): 	at androidx.appcompat.view.WindowCallbackWrapper.onWindowFocusChanged(WindowCallbackWrapper.java:124)
E/unknown:ReactHost(11507): 	at com.android.internal.policy.DecorView.onWindowFocusChanged(DecorView.java:1788)
E/unknown:ReactHost(11507): 	at android.view.View.dispatchWindowFocusChanged(View.java:15933)
E/unknown:ReactHost(11507): 	at android.view.ViewGroup.dispatchWindowFocusChanged(ViewGroup.java:1509)
E/unknown:ReactHost(11507): 	at android.view.ViewRootImpl.dispatchFocusEvent(ViewRootImpl.java:4059)
E/unknown:ReactHost(11507): 	at android.view.ViewRootImpl.handleWindowFocusChanged(ViewRootImpl.java:3963)
E/unknown:ReactHost(11507): 	at android.view.ViewRootImpl.-$$Nest$mhandleWindowFocusChanged(Unknown Source:0)
E/unknown:ReactHost(11507): 	at android.view.ViewRootImpl$ViewRootHandler.handleMessageImpl(ViewRootImpl.java:5954)
E/unknown:ReactHost(11507): 	at android.view.ViewRootImpl$ViewRootHandler.handleMessage(ViewRootImpl.java:5862)
E/unknown:ReactHost(11507): 	at android.os.Handler.dispatchMessage(Handler.java:106)
E/unknown:ReactHost(11507): 	at android.os.Looper.loopOnce(Looper.java:205)
E/unknown:ReactHost(11507): 	at android.os.Looper.loop(Looper.java:294)
E/unknown:ReactHost(11507): 	at android.app.ActivityThread.main(ActivityThread.java:8177)
E/unknown:ReactHost(11507): 	at java.lang.reflect.Method.invoke(Native Method)
E/unknown:ReactHost(11507): 	at com.android.internal.os.RuntimeInit$MethodAndArgsCaller.run(RuntimeInit.java:552)
E/unknown:ReactHost(11507): 	at com.android.internal.os.ZygoteInit.main(ZygoteInit.java:971)
D/CompatibilityChangeReporter(  542): Compat change id reported: 214016041; UID 10196; state: ENABLED
I/ImeTracker(  542): com.ubmprobe:a15cdaba: onRequestHide at ORIGIN_SERVER_HIDE_INPUT reason HIDE_UNSPECIFIED_WINDOW
I/ImeTracker(  542): com.ubmprobe:a15cdaba: onCancelled at PHASE_SERVER_SHOULD_HIDE
I/GoogleInputMethodService( 1574): GoogleInputMethodService.onFinishInput():3227 
W/SearchServiceCore( 1959): Abort, client detached.
I/GoogleInputMethodService( 1574): GoogleInputMethodService.updateDeviceLockedStatus():2087 repeatCheckTimes = 0, unlocked = true
I/GoogleInputMethodService( 1574): GoogleInputMethodService.onStartInput():1877 onStartInput(EditorInfo{inputType=0x0(NULL) imeOptions=0x0 privateImeOptions=null actionName=UNSPECIFIED actionLabel=null actionId=0 initialSelStart=-1 initialSelEnd=-1 initialCapsMode=0x0 hintText=null label=null packageName=com.ubmprobe fieldId=0 fieldName=null extras=null}, false)
I/GoogleInputMethodService( 1574): GoogleInputMethodService.shouldHideHeaderOnInitialState():4008 ShouldHideHeaderOnInitialState = false
I/GoogleInputMethodService( 1574): GoogleInputMethodService.updateDeviceLockedStatus():2087 repeatCheckTimes = 2, unlocked = true
W/WindowOnBackDispatcher(  885): sendCancelIfRunning: isInProgress=falsecallback=android.view.ViewRootImpl$$ExternalSyntheticLambda17@679db79
D/CoreBackPreview(  542): Window{cdafbd9 u0 Splash Screen com.ubmprobe EXITING}: Setting back callback null
W/InputManager-JNI(  542): Input channel object 'cdafbd9 Splash Screen com.ubmprobe (client)' was disposed without first being removed with the input manager!
D/BtGatt.ScanManager(11402): uid 10128 isForeground true scanMode 2
D/BtGatt.ScanManager(11402): uid 10128 isForeground true scanMode -1
I/FontLog ( 5045): Received query Noto Color Emoji Compat, URI content://com.google.android.gms.fonts [CONTEXT service_id=132 ]
I/FontLog ( 5045): Query [emojicompat-emoji-font] resolved to {Noto Color Emoji Compat, wdth 100.0, wght 400, ital 0.0, bestEffort false} [CONTEXT service_id=132 ]
I/FontLog ( 5045): Fetch {Noto Color Emoji Compat, wdth 100.0, wght 400, ital 0.0, bestEffort false} end status Status{statusCode=SUCCESS, resolution=null} [CONTEXT service_id=132 ]
I/FontLog ( 5045): Pulling font file for id = 45, cache size = 6 [CONTEXT service_id=132 ]
I/FontLog ( 5045): Pulling font file for id = 45, cache size = 6 [CONTEXT service_id=132 ]
W/unknown:BridgelessReact(11507): ReactHost{0}.isMetroRunning(): Async result = true
W/unknown:BridgelessReact(11507): ReactHost{0}.loadJSBundleFromMetro()
D/CompatibilityChangeReporter(11507): Compat change id reported: 210923482; UID 10196; state: ENABLED
D/CoreBackPreview(  542): Window{7ced54f u0 PopupWindow:b8f4ade}: Setting back callback OnBackInvokedCallbackInfo{mCallback=android.window.IOnBackInvokedCallback$Stub$Proxy@e0119e5, mPriority=0, mIsAnimationCallback=false}
W/WindowOnBackDispatcher(11507): sendCancelIfRunning: isInProgress=falsecallback=android.view.ViewRootImpl$$ExternalSyntheticLambda17@b7bdddb
D/CoreBackPreview(  542): Window{7ced54f u0 PopupWindow:b8f4ade}: Setting back callback null
W/unknown:BridgelessReact(11507): ReactHost{0}.loadJSBundleFromMetro(): Creating BundleLoader
W/unknown:BridgelessReact(11507): ReactHost{0}.getOrCreateReactInstanceTask(): Creating BridgelessReactContext
W/InputManager-JNI(  542): Input channel object '7ced54f PopupWindow:b8f4ade (client)' was disposed without first being removed with the input manager!
W/unknown:BridgelessReact(11507): ReactHost{0}.getOrCreateReactInstanceTask(): Creating ReactInstance
D/TrafficStats(11507): tagSocket(104) with statsTag=0xffffffff, statsUid=-1
W/unknown:BridgelessReact(11507): ReactHost{0}.getOrCreateReactInstanceTask(): Loading JS Bundle
W/unknown:BridgelessReact(11507): ReactHost{0}.getOrCreateReactInstanceTask(): DevSupportManager.onNewReactContextCreated()
W/unknown:ReactNative(11507): Packager connection already open, nooping.
W/unknown:BridgelessReact(11507): ReactHost{0}.startSurface(surfaceId = 0): Execute
W/unknown:BridgelessReact(11507): ReactHost{0}.ReactContext.onHostResume()
W/unknown:BridgelessReact(11507): ReactHost{0}.getOrCreateReactInstanceTask(): Executing ReactInstanceEventListeners
I/WebViewFactory(11507): Loading com.google.android.webview version 113.0.5672.136 (code 567263637)
W/ziparchive(11507): Unable to open '/data/app/~~IellNjAFWLjWOkSUQVzFeg==/com.google.android.trichromelibrary_567263637-Z8mqHYxrAT3lx_MTQJ8-ug==/TrichromeLibrary.dm': No such file or directory
W/ziparchive(11507): Unable to open '/data/app/~~IellNjAFWLjWOkSUQVzFeg==/com.google.android.trichromelibrary_567263637-Z8mqHYxrAT3lx_MTQJ8-ug==/TrichromeLibrary.dm': No such file or directory
W/com.ubmprobe(11507): Entry not found
D/nativeloader(11507): Configuring clns-7 for other apk /data/app/~~IellNjAFWLjWOkSUQVzFeg==/com.google.android.trichromelibrary_567263637-Z8mqHYxrAT3lx_MTQJ8-ug==/TrichromeLibrary.apk. target_sdk_version=34, uses_libraries=ALL, library_path=/data/app/~~mkNtqLJYzCYyc16CXNdzdg==/com.google.android.webview-47U80BhOb9CpiO5AOVbQAg==/lib/x86_64:/data/app/~~mkNtqLJYzCYyc16CXNdzdg==/com.google.android.webview-47U80BhOb9CpiO5AOVbQAg==/WebViewGoogle.apk!/lib/x86_64:/data/app/~~IellNjAFWLjWOkSUQVzFeg==/com.google.android.trichromelibrary_567263637-Z8mqHYxrAT3lx_MTQJ8-ug==/TrichromeLibrary.apk!/lib/x86_64, permitted_path=/data:/mnt/expand
D/nativeloader(11507): Configuring clns-8 for other apk /data/app/~~mkNtqLJYzCYyc16CXNdzdg==/com.google.android.webview-47U80BhOb9CpiO5AOVbQAg==/WebViewGoogle.apk. target_sdk_version=34, uses_libraries=, library_path=/data/app/~~mkNtqLJYzCYyc16CXNdzdg==/com.google.android.webview-47U80BhOb9CpiO5AOVbQAg==/lib/x86_64:/data/app/~~mkNtqLJYzCYyc16CXNdzdg==/com.google.android.webview-47U80BhOb9CpiO5AOVbQAg==/WebViewGoogle.apk!/lib/x86_64:/data/app/~~IellNjAFWLjWOkSUQVzFeg==/com.google.android.trichromelibrary_567263637-Z8mqHYxrAT3lx_MTQJ8-ug==/TrichromeLibrary.apk!/lib/x86_64, permitted_path=/data:/mnt/expand
I/AppsFilter(  542): interaction: PackageSetting{a8f6912 com.ubmprobe/10196} -> PackageSetting{cfda2e7 com.android.cts.priv.ctsshim/10185} BLOCKED
I/AppsFilter(  542): interaction: PackageSetting{a8f6912 com.ubmprobe/10196} -> PackageSetting{54aee94 com.google.android.youtube/10139} BLOCKED
I/AppsFilter(  542): interaction: PackageSetting{a8f6912 com.ubmprobe/10196} -> PackageSetting{536dd93 com.android.internal.display.cutout.emulation.corner/10022} BLOCKED
I/AppsFilter(  542): interaction: PackageSetting{a8f6912 com.ubmprobe/10196} -> PackageSetting{29151d0 com.android.internal.display.cutout.emulation.double/10045} BLOCKED
I/AppsFilter(  542): interaction: PackageSetting{a8f6912 com.ubmprobe/10196} -> PackageSetting{10dd3d com.google.android.googlequicksearchbox/10132} BLOCKED
I/AppsFilter(  542): interaction: PackageSetting{a8f6912 com.ubmprobe/10196} -> PackageSetting{4c4f932 com.google.android.onetimeinitializer/10125} BLOCKED
I/AppsFilter(  542): interaction: PackageSetting{a8f6912 com.ubmprobe/10196} -> PackageSetting{a778683 com.google.android.ext.shared/10101} BLOCKED
I/AppsFilter(  542): interaction: PackageSetting{a8f6912 com.ubmprobe/10196} -> PackageSetting{481bafc com.android.internal.systemui.navbar.gestural_wide_back/10004} BLOCKED
I/AppsFilter(  542): interaction: PackageSetting{a8f6912 com.ubmprobe/10196} -> PackageSetting{c326000 com.android.virtualmachine.res/10183} BLOCKED
I/AppsFilter(  542): interaction: PackageSetting{a8f6912 com.ubmprobe/10196} -> PackageSetting{ab31039 com.google.android.federatedcompute/10187} BLOCKED
I/AppsFilter(  542): interaction: PackageSetting{a8f6912 com.ubmprobe/10196} -> PackageSetting{91a6c0b com.android.managedprovisioning.auto_generated_rro_product__/10021} BLOCKED
I/AppsFilter(  542): interaction: PackageSetting{a8f6912 com.ubmprobe/10196} -> PackageSetting{8ad8ae8 com.android.carrierconfig.auto_generated_rro_vendor__/10076} BLOCKED
I/AppsFilter(  542): interaction: PackageSetting{a8f6912 com.ubmprobe/10196} -> PackageSetting{9a70501 com.android.systemui.emulation.pixel_3_xl/10037} BLOCKED
I/AppsFilter(  542): interaction: PackageSetting{a8f6912 com.ubmprobe/10196} -> PackageSetting{f699fa6 com.android.systemui.emulation.pixel_4_xl/10062} BLOCKED
I/AppsFilter(  542): interaction: PackageSetting{a8f6912 com.ubmprobe/10196} -> PackageSetting{f01bde7 com.android.systemui.emulation.pixel_fold/10006} BLOCKED
I/AppsFilter(  542): interaction: PackageSetting{a8f6912 com.ubmprobe/10196} -> PackageSetting{3446d94 com.android.simappdialog.auto_generated_rro_product__/10027} BLOCKED
I/AppsFilter(  542): interaction: PackageSetting{a8f6912 com.ubmprobe/10196} -> PackageSetting{245767e com.android.htmlviewer/10115} BLOCKED
I/AppsFilter(  542): interaction: PackageSetting{a8f6912 com.ubmprobe/10196} -> PackageSetting{52207df com.google.android.health.connect.backuprestore/10182} BLOCKED
I/AppsFilter(  542): interaction: PackageSetting{a8f6912 com.ubmprobe/10196} -> PackageSetting{8225183 com.android.systemui.auto_generated_rro_product__/10028} BLOCKED
I/AppsFilter(  542): interaction: PackageSetting{a8f6912 com.ubmprobe/10196} -> PackageSetting{35d7c2c com.google.android.apps.messaging/10131} BLOCKED
I/AppsFilter(  542): interaction: PackageSetting{a8f6912 com.ubmprobe/10196} -> PackageSetting{ab76f5 com.google.android.soundpicker/10137} BLOCKED
I/AppsFilter(  542): interaction: PackageSetting{a8f6912 com.ubmprobe/10196} -> PackageSetting{81afd7e com.google.android.marvin.talkbackoverlay/10081} BLOCKED
I/AppsFilter(  542): interaction: PackageSetting{a8f6912 com.ubmprobe/10196} -> PackageSetting{dbe7c8a com.google.android.configupdater/10130} BLOCKED
I/AppsFilter(  542): interaction: PackageSetting{a8f6912 com.ubmprobe/10196} -> PackageSetting{927db2c com.android.internal.emulation.pixel_3a_xl/10044} BLOCKED
I/AppsFilter(  542): interaction: PackageSetting{a8f6912 com.ubmprobe/10196} -> PackageSetting{ac7e9f5 com.android.internal.emulation.pixel_6_pro/10031} BLOCKED
I/AppsFilter(  542): interaction: PackageSetting{a8f6912 com.ubmprobe/10196} -> PackageSetting{8e5738a com.android.internal.emulation.pixel_7_pro/10002} BLOCKED
I/AppsFilter(  542): interaction: PackageSetting{a8f6912 com.ubmprobe/10196} -> PackageSetting{9a26dfb com.android.internal.emulation.pixel_8_pro/10055} BLOCKED
I/AppsFilter(  542): interaction: PackageSetting{a8f6912 com.ubmprobe/10196} -> PackageSetting{2cd7e18 com.android.internal.emulation.pixel_3a/10050} BLOCKED
I/AppsFilter(  542): interaction: PackageSetting{a8f6912 com.ubmprobe/10196} -> PackageSetting{c7a3071 com.android.internal.emulation.pixel_4a/10009} BLOCKED
I/AppsFilter(  542): interaction: PackageSetting{a8f6912 com.ubmprobe/10196} -> PackageSetting{32f3e56 com.android.internal.emulation.pixel_6a/10020} BLOCKED
I/AppsFilter(  542): interaction: PackageSetting{a8f6912 com.ubmprobe/10196} -> PackageSetting{c9feed7 com.android.internal.emulation.pixel_7a/10036} BLOCKED
I/AppsFilter(  542): interaction: PackageSetting{a8f6912 com.ubmprobe/10196} -> PackageSetting{c2863c4 com.google.android.overlay.googlewebview/10052} BLOCKED
I/AppsFilter(  542): interaction: PackageSetting{a8f6912 com.ubmprobe/10196} -> PackageSetting{c942fb com.google.android.hotspot2.osulogin/10172} BLOCKED
I/AppsFilter(  542): interaction: PackageSetting{a8f6912 com.ubmprobe/10196} -> PackageSetting{13c2f18 com.android.simappdialog/10112} BLOCKED
I/AppsFilter(  542): interaction: PackageSetting{a8f6912 com.ubmprobe/10196} -> PackageSetting{f8aa173 com.android.internal.display.cutout.emulation.hole/10073} BLOCKED
I/AppsFilter(  542): interaction: PackageSetting{a8f6912 com.ubmprobe/10196} -> PackageSetting{d29f830 com.android.internal.display.cutout.emulation.tall/10068} BLOCKED
I/AppsFilter(  542): interaction: PackageSetting{a8f6912 com.ubmprobe/10196} -> PackageSetting{99d7ca9 com.android.internal.systemui.navbar.threebutton/10065} BLOCKED
I/AppsFilter(  542): interaction: PackageSetting{a8f6912 com.ubmprobe/10196} -> PackageSetting{1898d71 com.android.camera2/10143} BLOCKED
I/AppsFilter(  542): interaction: PackageSetting{a8f6912 com.ubmprobe/10196} -> PackageSetting{763e1cf com.android.systemui.auto_generated_rro_vendor__/10075} BLOCKED
I/AppsFilter(  542): interaction: PackageSetting{a8f6912 com.ubmprobe/10196} -> PackageSetting{70fd756 com.google.android.deskclock/10152} BLOCKED
I/AppsFilter(  542): interaction: PackageSetting{a8f6912 com.ubmprobe/10196} -> PackageSetting{4a83a65 com.android.internal.systemui.navbar.twobutton/10018} BLOCKED
I/AppsFilter(  542): interaction: PackageSetting{a8f6912 com.ubmprobe/10196} -> PackageSetting{7df13d7 com.google.android.as/10127} BLOCKED
I/AppsFilter(  542): interaction: PackageSetting{a8f6912 com.ubmprobe/10196} -> PackageSetting{15124c4 com.google.android.gm/10142} BLOCKED
I/AppsFilter(  542): interaction: PackageSetting{a8f6912 com.ubmprobe/10196} -> PackageSetting{289d48 com.android.internal.systemui.navbar.gestural_extra_wide_back/10051} BLOCKED
I/AppsFilter(  542): interaction: PackageSetting{a8f6912 com.ubmprobe/10196} -> PackageSetting{ee717e1 com.android.systemui.emulation.pixel_3/10012} BLOCKED
I/AppsFilter(  542): interaction: PackageSetting{a8f6912 com.ubmprobe/10196} -> PackageSetting{ab1e906 com.android.systemui.emulation.pixel_4/10034} BLOCKED
I/AppsFilter(  542): interaction: PackageSetting{a8f6912 com.ubmprobe/10196} -> PackageSetting{3643bc7 com.android.systemui.emulation.pixel_5/10071} BLOCKED
I/AppsFilter(  542): interaction: PackageSetting{a8f6912 com.ubmprobe/10196} -> PackageSetting{ece45f4 com.android.systemui.emulation.pixel_6/10074} BLOCKED
I/AppsFilter(  542): interaction: PackageSetting{a8f6912 com.ubmprobe/10196} -> PackageSetting{5dc511d com.android.systemui.emulation.pixel_7/10072} BLOCKED
I/AppsFilter(  542): interaction: PackageSetting{a8f6912 com.ubmprobe/10196} -> PackageSetting{8f38f92 com.android.systemui.emulation.pixel_8/10070} BLOCKED
I/AppsFilter(  542): interaction: PackageSetting{a8f6912 com.ubmprobe/10196} -> PackageSetting{25ecd63 com.android.nfc.auto_generated_rro_product__/10024} BLOCKED
I/AppsFilter(  542): interaction: PackageSetting{a8f6912 com.ubmprobe/10196} -> PackageSetting{c588fad com.android.printspooler/10104} BLOCKED
I/AppsFilter(  542): interaction: PackageSetting{a8f6912 com.ubmprobe/10196} -> PackageSetting{2f1e219 com.android.emergency.auto_generated_rro_product__/10041} BLOCKED
I/AppsFilter(  542): interaction: PackageSetting{a8f6912 com.ubmprobe/10196} -> PackageSetting{c3712de com.google.android.connectivity.resources.goldfish.overlay/10080} BLOCKED
I/AppsFilter(  542): interaction: PackageSetting{a8f6912 com.ubmprobe/10196} -> PackageSetting{a4a12e2 com.android.dreams.basic/10102} BLOCKED
I/AppsFilter(  542): interaction: PackageSetting{a8f6912 com.ubmprobe/10196} -> PackageSetting{7d8fc26 com.bleplxexample/10193} BLOCKED
I/AppsFilter(  542): interaction: PackageSetting{a8f6912 com.ubmprobe/10196} -> PackageSetting{4485f8c com.google.android.networkstack.tethering.emulator/10038} BLOCKED
I/AppsFilter(  542): interaction: PackageSetting{a8f6912 com.ubmprobe/10196} -> PackageSetting{23586d5 com.android.providers.settings.auto_generated_rro_product__/10001} BLOCKED
I/AppsFilter(  542): interaction: PackageSetting{a8f6912 com.ubmprobe/10196} -> PackageSetting{171673 com.google.android.as.oss/10120} BLOCKED
I/AppsFilter(  542): interaction: PackageSetting{a8f6912 com.ubmprobe/10196} -> PackageSetting{bb685db com.android.traceur.auto_generated_rro_product__/10013} BLOCKED
I/AppsFilter(  542): interaction: PackageSetting{a8f6912 com.ubmprobe/10196} -> PackageSetting{29dc930 com.google.android.devicelockcontroller/10170} BLOCKED
I/AppsFilter(  542): interaction: PackageSetting{a8f6912 com.ubmprobe/10196} -> PackageSetting{b9b79a9 com.google.android.dialer/10129} BLOCKED
I/AppsFilter(  542): interaction: PackageSetting{a8f6912 com.ubmprobe/10196} -> PackageSetting{54c9fb6 com.android.internal.emulation.pixel_3/10046} BLOCKED
I/AppsFilter(  542): interaction: PackageSetting{a8f6912 com.ubmprobe/10196} -> PackageSetting{70da4b7 com.android.internal.emulation.pixel_4/10060} BLOCKED
I/AppsFilter(  542): interaction: PackageSetting{a8f6912 com.ubmprobe/10196} -> PackageSetting{5891424 com.android.internal.emulation.pixel_5/10015} BLOCKED
I/AppsFilter(  542): interaction: PackageSetting{a8f6912 com.ubmprobe/10196} -> PackageSetting{758bb8d com.android.internal.emulation.pixel_6/10035} BLOCKED
I/AppsFilter(  542): interaction: PackageSetting{a8f6912 com.ubmprobe/10196} -> PackageSetting{5fb0142 com.android.internal.emulation.pixel_7/10067} BLOCKED
I/AppsFilter(  542): interaction: PackageSetting{a8f6912 com.ubmprobe/10196} -> PackageSetting{14dd553 com.android.internal.emulation.pixel_8/10039} BLOCKED
I/AppsFilter(  542): interaction: PackageSetting{a8f6912 com.ubmprobe/10196} -> PackageSetting{1fa7b2e com.google.android.captiveportallogin/10113} BLOCKED
I/AppsFilter(  542): interaction: PackageSetting{a8f6912 com.ubmprobe/10196} -> PackageSetting{cc2a6cf com.android.musicfx/10088} BLOCKED
I/AppsFilter(  542): interaction: PackageSetting{a8f6912 com.ubmprobe/10196} -> PackageSetting{ce485c com.google.android.apps.docs/10153} BLOCKED
I/AppsFilter(  542): interaction: PackageSetting{a8f6912 com.ubmprobe/10196} -> PackageSetting{5e80816 com.google.android.apps.maps/10154} BLOCKED
I/AppsFilter(  542): interaction: PackageSetting{a8f6912 com.ubmprobe/10196} -> PackageSetting{5090765 com.google.android.modulemetadata/10147} BLOCKED
I/AppsFilter(  542): interaction: PackageSetting{a8f6912 com.ubmprobe/10196} -> PackageSetting{2371c3a com.google.android.markup/10135} BLOCKED
I/AppsFilter(  542): interaction: PackageSetting{a8f6912 com.ubmprobe/10196} -> PackageSetting{6a6cf45 com.android.providers.settings.auto_generated_rro_vendor__/10077} BLOCKED
I/AppsFilter(  542): interaction: PackageSetting{a8f6912 com.ubmprobe/10196} -> PackageSetting{aece0eb com.google.android.rkpdapp/10178} BLOCKED
I/AppsFilter(  542): interaction: PackageSetting{a8f6912 com.ubmprobe/10196} -> PackageSetting{4258e48 com.google.android.contacts/10156} BLOCKED
I/AppsFilter(  542): interaction: PackageSetting{a8f6912 com.ubmprobe/10196} -> PackageSetting{fdc5fa8 com.android.server.telecom.auto_generated_rro_product__/10029} BLOCKED
I/AppsFilter(  542): interaction: PackageSetting{a8f6912 com.ubmprobe/10196} -> PackageSetting{9ea1ac1 com.google.android.overlay.googleconfig/10061} BLOCKED
I/AppsFilter(  542): interaction: PackageSetting{a8f6912 com.ubmprobe/10196} -> PackageSetting{907b4e1 com.android.chrome/10149} BLOCKED
I/AppsFilter(  542): interaction: PackageSetting{a8f6912 com.ubmprobe/10196} -> PackageSetting{91b29a7 com.android.bips.auto_generated_rro_product__/10032} BLOCKED
I/AppsFilter(  542): interaction: PackageSetting{a8f6912 com.ubmprobe/10196} -> PackageSetting{86ac206 com.google.android.apps.customization.pixel/10144} BLOCKED
I/AppsFilter(  542): interaction: PackageSetting{a8f6912 com.ubmprobe/10196} -> PackageSetting{336a0c7 com.google.android.tag/10083} BLOCKED
I/AppsFilter(  542): interaction: PackageSetting{a8f6912 com.ubmprobe/10196} -> PackageSetting{5a3ef2 com.google.android.overlay.permissioncontroller/10003} BLOCKED
I/AppsFilter(  542): interaction: PackageSetting{a8f6912 com.ubmprobe/10196} -> PackageSetting{42946f4 com.google.android.partnersetup/10124} BLOCKED
I/AppsFilter(  542): interaction: PackageSetting{a8f6912 com.ubmprobe/10196} -> PackageSetting{de9be1d com.google.android.apps.wallpaper.nexus/10141} BLOCKED
I/AppsFilter(  542): interaction: PackageSetting{a8f6912 com.ubmprobe/10196} -> PackageSetting{be0f892 com.google.android.apps.nexuslauncher/10169} BLOCKED
I/AppsFilter(  542): interaction: PackageSetting{a8f6912 com.ubmprobe/10196} -> PackageSetting{d728263 com.google.android.nearby.halfsheet/10191} BLOCKED
I/AppsFilter(  542): interaction: PackageSetting{a8f6912 com.ubmprobe/10196} -> PackageSetting{111a69f com.android.theme.font.notoserifsource/10066} BLOCKED
I/AppsFilter(  542): interaction: PackageSetting{a8f6912 com.ubmprobe/10196} -> PackageSetting{90dde60 com.google.android.safetycenter.resources/10179} BLOCKED
I/AppsFilter(  542): interaction: PackageSetting{a8f6912 com.ubmprobe/10196} -> PackageSetting{f313b5 com.android.internal.display.cutout.emulation.waterfall/10040} BLOCKED
I/AppsFilter(  542): interaction: PackageSetting{a8f6912 com.ubmprobe/10196} -> PackageSetting{a7eba4a com.android.internal.systemui.navbar.transparent/10026} BLOCKED
I/AppsFilter(  542): interaction: PackageSetting{a8f6912 com.ubmprobe/10196} -> PackageSetting{2e91f19 com.google.android.connectivity.resources/10190} BLOCKED
I/AppsFilter(  542): interaction: PackageSetting{a8f6912 com.ubmprobe/10196} -> PackageSetting{4bb02d8 com.android.providers.contacts.auto_generated_rro_product__/10017} BLOCKED
I/AppsFilter(  542): interaction: PackageSetting{a8f6912 com.ubmprobe/10196} -> PackageSetting{b120bde com.google.android.feedback/10165} BLOCKED
I/AppsFilter(  542): interaction: PackageSetting{a8f6912 com.ubmprobe/10196} -> PackageSetting{200e1bf com.google.android.printservice.recommendation/10110} BLOCKED
I/AppsFilter(  542): interaction: PackageSetting{a8f6912 com.ubmprobe/10196} -> PackageSetting{7e2808c com.google.android.apps.photos/10140} BLOCKED
I/AppsFilter(  542): interaction: PackageSetting{a8f6912 com.ubmprobe/10196} -> PackageSetting{931214a com.google.android.calendar/10145} BLOCKED
I/AppsFilter(  542): interaction: PackageSetting{a8f6912 com.ubmprobe/10196} -> PackageSetting{6e393d5 com.google.android.documentsui/10098} BLOCKED
I/AppsFilter(  542): interaction: PackageSetting{a8f6912 com.ubmprobe/10196} -> PackageSetting{8df046d com.android.systemui.emulation.pixel_3a_xl/10019} BLOCKED
I/AppsFilter(  542): interaction: PackageSetting{a8f6912 com.ubmprobe/10196} -> PackageSetting{39c48a2 com.android.systemui.emulation.pixel_6_pro/10063} BLOCKED
I/AppsFilter(  542): interaction: PackageSetting{a8f6912 com.ubmprobe/10196} -> PackageSetting{6f87933 com.android.systemui.emulation.pixel_7_pro/10054} BLOCKED
I/AppsFilter(  542): interaction: PackageSetting{a8f6912 com.ubmprobe/10196} -> PackageSetting{d2b54f0 com.android.systemui.emulation.pixel_8_pro/10010} BLOCKED
I/AppsFilter(  542): interaction: PackageSetting{a8f6912 com.ubmprobe/10196} -> PackageSetting{1af07ea com.google.mainline.telemetry/10151} BLOCKED
I/AppsFilter(  542): interaction: PackageSetting{a8f6912 com.ubmprobe/10196} -> PackageSetting{b9a4cee com.android.carrierconfig.auto_generated_rro_product__/10064} BLOCKED
I/AppsFilter(  542): interaction: PackageSetting{a8f6912 com.ubmprobe/10196} -> PackageSetting{4ebdadb com.android.providers.partnerbookmarks/10100} BLOCKED
I/AppsFilter(  542): interaction: PackageSetting{a8f6912 com.ubmprobe/10196} -> PackageSetting{57d1978 com.android.wallpaper.livepicker/10090} BLOCKED
I/AppsFilter(  542): interaction: PackageSetting{a8f6912 com.ubmprobe/10196} -> PackageSetting{bd15425 com.android.providers.telephony.auto_generated_rro_product__/10059} BLOCKED
I/AppsFilter(  542): interaction: PackageSetting{a8f6912 com.ubmprobe/10196} -> PackageSetting{96249fa com.android.phone.auto_generated_rro_vendor__/10078} BLOCKED
I/AppsFilter(  542): interaction: PackageSetting{a8f6912 com.ubmprobe/10196} -> PackageSetting{ed69851 com.google.mainline.adservices/10136} BLOCKED
I/AppsFilter(  542): interaction: PackageSetting{a8f6912 com.ubmprobe/10196} -> PackageSetting{36db8b6 com.android.imsserviceentitlement/10117} BLOCKED
I/AppsFilter(  542): interaction: PackageSetting{a8f6912 com.ubmprobe/10196} -> PackageSetting{6c349b7 com.google.android.healthconnect.controller/10181} BLOCKED
I/AppsFilter(  542): interaction: PackageSetting{a8f6912 com.ubmprobe/10196} -> PackageSetting{7b0bc6 com.android.internal.emulation.pixel_2_xl/10014} BLOCKED
I/AppsFilter(  542): interaction: PackageSetting{a8f6912 com.ubmprobe/10196} -> PackageSetting{31e8787 com.android.internal.emulation.pixel_3_xl/10056} BLOCKED
I/AppsFilter(  542): interaction: PackageSetting{a8f6912 com.ubmprobe/10196} -> PackageSetting{ab506b4 com.android.internal.emulation.pixel_4_xl/10047} BLOCKED
I/AppsFilter(  542): interaction: PackageSetting{a8f6912 com.ubmprobe/10196} -> PackageSetting{a56e2dd com.android.internal.emulation.pixel_fold/10008} BLOCKED
I/AppsFilter(  542): interaction: PackageSetting{a8f6912 com.ubmprobe/10196} -> PackageSetting{c265524 com.android.bookmarkprovider/10114} BLOCKED
I/AppsFilter(  542): interaction: PackageSetting{a8f6912 com.ubmprobe/10196} -> PackageSetting{fd21523 com.google.android.overlay.pixelconfigcommon/10011} BLOCKED
I/AppsFilter(  542): interaction: PackageSetting{a8f6912 com.ubmprobe/10196} -> PackageSetting{af5da20 com.android.systemui.accessibility.accessibilitymenu.auto_generated_rro_product__/10053} BLOCKED
I/AppsFilter(  542): interaction: PackageSetting{a8f6912 com.ubmprobe/10196} -> PackageSetting{7e3cfd9 com.android.systemui.emulation.pixel_3a/10030} BLOCKED
I/AppsFilter(  542): interaction: PackageSetting{a8f6912 com.ubmprobe/10196} -> PackageSetting{29cd9e com.android.systemui.emulation.pixel_4a/10000} BLOCKED
I/AppsFilter(  542): interaction: PackageSetting{a8f6912 com.ubmprobe/10196} -> PackageSetting{4a6e07f com.android.systemui.emulation.pixel_6a/10042} BLOCKED
I/AppsFilter(  542): interaction: PackageSetting{a8f6912 com.ubmprobe/10196} -> PackageSetting{4ae784c com.android.systemui.emulation.pixel_7a/10016} BLOCKED
I/AppsFilter(  542): interaction: PackageSetting{a8f6912 com.ubmprobe/10196} -> PackageSetting{81b688d com.google.android.settings.intelligence/10119} BLOCKED
I/AppsFilter(  542): interaction: PackageSetting{a8f6912 com.ubmprobe/10196} -> PackageSetting{835b395 com.google.android.projection.gearhead/10123} BLOCKED
I/AppsFilter(  542): interaction: PackageSetting{a8f6912 com.ubmprobe/10196} -> PackageSetting{794aa42 com.google.android.uwb.resources/10177} BLOCKED
I/AppsFilter(  542): interaction: PackageSetting{a8f6912 com.ubmprobe/10196} -> PackageSetting{5d30caa com.android.cts.ctsshim/10186} BLOCKED
I/AppsFilter(  542): interaction: PackageSetting{a8f6912 com.ubmprobe/10196} -> PackageSetting{738ca53 com.google.android.wifi.resources/10171} BLOCKED
I/AppsFilter(  542): interaction: PackageSetting{a8f6912 com.ubmprobe/10196} -> PackageSetting{59f90 com.google.android.wifi.dialog/10173} BLOCKED
I/AppsFilter(  542): interaction: PackageSetting{a8f6912 com.ubmprobe/10196} -> PackageSetting{2630089 com.google.android.apps.wallpaper/10161} BLOCKED
I/AppsFilter(  542): interaction: PackageSetting{a8f6912 com.ubmprobe/10196} -> PackageSetting{147288e com.google.android.odad/10122} BLOCKED
I/AppsFilter(  542): interaction: PackageSetting{a8f6912 com.ubmprobe/10196} -> PackageSetting{2d26077 com.android.settings.auto_generated_rro_product__/10025} BLOCKED
I/AppsFilter(  542): interaction: PackageSetting{a8f6912 com.ubmprobe/10196} -> PackageSetting{184e4 com.android.internal.systemui.navbar.gestural/10048} BLOCKED
I/AppsFilter(  542): interaction: PackageSetting{a8f6912 com.ubmprobe/10196} -> PackageSetting{57bb8af com.google.android.apps.youtube.music/10155} BLOCKED
I/AppsFilter(  542): interaction: PackageSetting{a8f6912 com.ubmprobe/10196} -> PackageSetting{e4d24bc com.android.bluetoothmidiservice/10108} BLOCKED
I/AppsFilter(  542): interaction: PackageSetting{a8f6912 com.ubmprobe/10196} -> PackageSetting{9028d13 com.android.storagemanager.auto_generated_rro_product__/10023} BLOCKED
I/AppsFilter(  542): interaction: PackageSetting{a8f6912 com.ubmprobe/10196} -> PackageSetting{d721c45 com.google.android.cellbroadcastreceiver/10176} BLOCKED
I/AppsFilter(  542): interaction: PackageSetting{a8f6912 com.ubmprobe/10196} -> PackageSetting{acb6149 com.android.phone.auto_generated_rro_product__/10058} BLOCKED
I/AppsFilter(  542): interaction: PackageSetting{a8f6912 com.ubmprobe/10196} -> PackageSetting{7b2da4e android.auto_generated_rro_product__/10069} BLOCKED
I/AppsFilter(  542): interaction: PackageSetting{a8f6912 com.ubmprobe/10196} -> PackageSetting{bfee76f com.android.internal.systemui.navbar.gestural_narrow_back/10049} BLOCKED
I/AppsFilter(  542): interaction: PackageSetting{a8f6912 com.ubmprobe/10196} -> PackageSetting{913f9a com.google.android.inputmethod.latin/10146} BLOCKED
I/AppsFilter(  542): interaction: PackageSetting{a8f6912 com.ubmprobe/10196} -> PackageSetting{8dfc905 android.auto_generated_rro_vendor__/10079} BLOCKED
I/AppsFilter(  542): interaction: PackageSetting{a8f6912 com.ubmprobe/10196} -> PackageSetting{a5530cb com.google.android.apps.restore/10121} BLOCKED
W/com.ubmprobe(11507): Accessing hidden method Landroid/os/Trace;->isTagEnabled(J)Z (unsupported, reflection, allowed)
W/com.ubmprobe(11507): Accessing hidden method Landroid/os/Trace;->traceBegin(JLjava/lang/String;)V (unsupported, reflection, allowed)
W/com.ubmprobe(11507): Accessing hidden method Landroid/os/Trace;->traceEnd(J)V (unsupported, reflection, allowed)
W/com.ubmprobe(11507): Accessing hidden method Landroid/os/Trace;->asyncTraceBegin(JLjava/lang/String;I)V (unsupported, reflection, allowed)
W/com.ubmprobe(11507): Accessing hidden method Landroid/os/Trace;->asyncTraceEnd(JLjava/lang/String;I)V (unsupported, reflection, allowed)
I/cr_WVCFactoryProvider(11507): Loaded version=113.0.5672.136 minSdkVersion=29 isBundle=false multiprocess=true packageId=2
I/cr_VariationsUtils(11507): Failed reading seed file "/data/user/0/com.ubmprobe/app_webview/variations_seed_new"
I/cr_LibraryLoader(11507): Successfully loaded native library
I/cr_CachingUmaRecorder(11507): Flushed 8 samples from 8 histograms.
D/TrafficStats(11507): tagSocket(115) with statsTag=0xffffffff, statsUid=-1
I/ReactNativeJS(11507): Running "UbmProbe" with {"rootTag":1,"initialProps":{},"fabric":true}
W/unknown:ViewManagerPropertyUpdater(11507): Could not find generated setter for class com.facebook.react.views.debuggingoverlay.DebuggingOverlayManager
W/unknown:ViewManagerPropertyUpdater(11507): Could not find generated setter for class com.facebook.react.uimanager.LayoutShadowNode
W/unknown:ViewManagerPropertyUpdater(11507): Could not find generated setter for class com.facebook.react.views.safeareaview.ReactSafeAreaViewManager
W/unknown:ViewManagerPropertyUpdater(11507): Could not find generated setter for class com.facebook.react.views.modal.ReactModalHostManager
W/unknown:ViewManagerPropertyUpdater(11507): Could not find generated setter for class com.facebook.react.views.progressbar.ReactProgressBarViewManager
W/unknown:ViewManagerPropertyUpdater(11507): Could not find generated setter for class com.facebook.react.views.scroll.ReactHorizontalScrollViewManager
W/unknown:ViewManagerPropertyUpdater(11507): Could not find generated setter for class com.facebook.react.views.image.ReactImageManager
W/unknown:ViewManagerPropertyUpdater(11507): Could not find generated setter for class com.facebook.react.views.text.ReactTextViewManager
W/unknown:ViewManagerPropertyUpdater(11507): Could not find generated setter for class com.facebook.react.views.scroll.ReactHorizontalScrollContainerViewManager
W/unknown:ViewManagerPropertyUpdater(11507): Could not find generated setter for class com.facebook.react.views.unimplementedview.ReactUnimplementedViewManager
W/unknown:ViewManagerPropertyUpdater(11507): Could not find generated setter for class com.facebook.react.views.scroll.ReactScrollViewManager
W/unknown:ViewManagerPropertyUpdater(11507): Could not find generated setter for class com.facebook.react.views.view.ReactViewManager
W/unknown:ViewManagerPropertyUpdater(11507): Could not find generated setter for class com.facebook.react.views.drawer.ReactDrawerLayoutManager
W/unknown:ViewManagerPropertyUpdater(11507): Could not find generated setter for class com.facebook.react.views.switchview.ReactSwitchManager
W/unknown:ViewManagerPropertyUpdater(11507): Could not find generated setter for class com.facebook.react.views.swiperefresh.SwipeRefreshLayoutManager
W/unknown:ViewManagerPropertyUpdater(11507): Could not find generated setter for class com.facebook.react.views.textinput.ReactTextInputManager
W/unknown:ViewManagerPropertyUpdater(11507): Could not find generated setter for class com.facebook.react.views.text.SelectableTextViewManager
W/unknown:ViewManagerPropertyUpdater(11507): Could not find generated setter for class com.facebook.react.views.virtual.view.ReactVirtualViewManager
D/TrafficStats(11507): tagSocket(106) with statsTag=0xffffffff, statsUid=-1
D/CompatibilityChangeReporter(11507): Compat change id reported: 289878283; UID 10196; state: ENABLED
D/CompatibilityChangeReporter(11507): Compat change id reported: 171228096; UID 10196; state: ENABLED
W/com.ubmprobe(11507): Accessing hidden field Landroid/widget/ScrollView;->mScroller:Landroid/widget/OverScroller; (unsupported, reflection, allowed)
I/ReactNativeJS(11507): [UBM_PROBE] app-mounted
E/TaskPersister(  542): File error accessing recents directory (directory doesn't exist?).
I/netd    (  358): tetherGetStats() -> {[]} <0.76ms>
I/netd    (  358): bandwidthSetGlobalAlert(2097152) <0.12ms>
D/EGL_emulation(11507): app_time_stats: avg=720.03ms min=1.14ms max=1450.83ms count=4
I/NearbySharing( 5045): FastInitiation warming period has ended [CONTEXT service_id=194 ]
I/Nearby  ( 5045): [MBleClient] Start ble scanning from NearbyDirect:BluetoothAdapterWrapper, context tag = nearby_messages [CONTEXT service_id=49 ]
D/BluetoothAdapter( 5045): isLeEnabled(): ON
D/BtGatt.GattService(11402): stopScan() - queue size =2
D/ActivityAttributionService(11402): notifyActivityAttributionInfo UID=1002 packageName=com.google.android.bluetooth deviceAddress=no_active_device_address
D/BtGatt.ScanManager(11402): handling stopping scan  [ScanClient scanModeApp 2 scanModeUsed 2 [appScanStats com.google.uid.shared:10128]]
I/bt_btif (11402): packages/modules/Bluetooth/system/btif/src/bluetooth.cc:829 get_profile_interface: get_profile_interface: id = activity_attribution
D/BtGatt.ScanManager(11402): stop gattClientScanNative
I/bt_stack(11402): [INFO:le_scanning_manager.cc(168)] Scan in shim layer stopped
I/bluetooth(11402): packages/modules/Bluetooth/system/gd/hci/le_address_manager.cc:193 unregister_client: Client unregistered
I/bluetooth(11402): packages/modules/Bluetooth/system/gd/hci/le_address_manager.cc:197 unregister_client: Cancelled address rotation alarm
I/bt_stack(11402): [INFO:le_scanning_manager.cc(204)] ScanFilterParamSetup in shim layer
D/BtGatt.GattService(11402): onScanFilterParamsConfigured() - clientIf=1, status=0, action=0, availableSpace=0
D/BtGatt.ScanManager(11402): callback done for scannerId - 1 status - 0
I/bt_stack(11402): [INFO:le_scanning_manager.cc(204)] ScanFilterParamSetup in shim layer
D/BtGatt.GattService(11402): onScanFilterParamsConfigured() - clientIf=1, status=0, action=0, availableSpace=0
D/BtGatt.ScanManager(11402): callback done for scannerId - 1 status - 0
I/bt_stack(11402): [INFO:le_scanning_manager.cc(204)] ScanFilterParamSetup in shim layer
D/BtGatt.GattService(11402): onScanFilterParamsConfigured() - clientIf=1, status=0, action=0, availableSpace=0
D/BtGatt.ScanManager(11402): callback done for scannerId - 1 status - 0
I/bt_stack(11402): [INFO:le_scanning_manager.cc(204)] ScanFilterParamSetup in shim layer
D/BtGatt.GattService(11402): onScanFilterParamsConfigured() - clientIf=1, status=0, action=0, availableSpace=0
D/BtGatt.ScanManager(11402): callback done for scannerId - 1 status - 0
I/bt_stack(11402): [INFO:le_scanning_manager.cc(204)] ScanFilterParamSetup in shim layer
D/BtGatt.GattService(11402): onScanFilterParamsConfigured() - clientIf=1, status=0, action=0, availableSpace=0
D/BtGatt.ScanManager(11402): callback done for scannerId - 1 status - 0
D/BtGatt.ScanManager(11402): configureRegularScanParams() - queue=1
D/BtGatt.ScanManager(11402): configureRegularScanParams() - queue empty, scan stopped
D/BtGatt.GattService(11402): unregisterScanner() - scannerId=1
I/bt_stack(11402): [INFO:le_scanning_manager.cc(162)] Unregister in shim layer, scanner_id:1
I/Nearby  ( 5045): [MBleClient] M hardware scan: 1 clients, scanMode= OPPORTUNISTIC, filters size = 5 [CONTEXT service_id=49 ]
D/BluetoothAdapter( 5045): isLeEnabled(): ON
D/BtGatt.GattService(11402): registerScanner() - UUID=b3b763db-04e4-4b23-9fef-e3d1c09fb093
I/bt_stack(11402): [INFO:le_scanning_manager.cc(155)] RegisterScanner in shim layer
D/BtGatt.GattService(11402): onScannerRegistered() - UUID=b3b763db-04e4-4b23-9fef-e3d1c09fb093, scannerId=1, status=0
D/BluetoothLeScanner( 5045): onScannerRegistered() - status=0 scannerId=1 mScannerId=0
D/BtGatt.GattService(11402): start scan with filters
D/BtGatt.GattService(11402): enforcePrivilegedPermissionIfNeeded([BluetoothLeScanFilter [mDeviceName=null, mDeviceAddress=null, mUuid=null, mUuidMask=null, mServiceSolicitationUuid=null, mServiceSolicitationUuidMask=null, mServiceDataUuid=null, mServiceData=null, mServiceDataMask=null, mManufacturerId=224, mManufacturerData=[0, 0, 0], mManufacturerDataMask=[0, 0, -1], mAdvertisingDataType=-1, mAdvertisingData=null, mAdvertisingDataMask=null, mTransportBlockFilter=null], BluetoothLeScanFilter [mDeviceName=null, mDeviceAddress=null, mUuid=0000fef3-0000-1000-8000-00805f9b34fb, mUuidMask=null, mServiceSolicitationUuid=null, mServiceSolicitationUuidMask=null, mServiceDataUuid=null, mServiceData=null, mServiceDataMask=null, mManufacturerId=-1, mManufacturerData=null, mManufacturerDataMask=null, mAdvertisingDataType=-1, mAdvertisingData=null, mAdvertisingDataMask=null, mTransportBlockFilter=null], BluetoothLeScanFilter [mDeviceName=null, mDeviceAddress=null, mUuid=0000feaa-0000-1000-8000-00805f9b34fb, mUuidMask=null, mServiceSolicitationUuid=null, mServiceSolicitationUuidMask=null, mServiceDataUuid=null, mServiceData=null, mServiceDataMask=null, mManufacturerId=-1, mManufacturerData=null, mManufacturerDataMask=null, mAdvertisingDataType=-1, mAdvertisingData=null, mAdvertisingDataMask=null, mTransportBlockFilter=null], BluetoothLeScanFilter [mDeviceName=null, mDeviceAddress=null, mUuid=0000fea0-0000-1000-8000-00805f9b34fb, mUuidMask=null, mServiceSolicitationUuid=null, mServiceSolicitationUuidMask=null, mServiceDataUuid=null, mServiceData=null, mServiceDataMask=null, mManufacturerId=-1, mManufacturerData=null, mManufacturerDataMask=null, mAdvertisingDataType=-1, mAdvertisingData=null, mAdvertisingDataMask=null, mTransportBlockFilter=null], BluetoothLeScanFilter [mDeviceName=null, mDeviceAddress=null, mUuid=null, mUuidMask=null, mServiceSolicitationUuid=null, mServiceSolicitationUuidMask=null, mServiceDataUuid=null, mServiceData=null, mServiceDataMask=null, mManufacturerId=76, mManufacturerData=[2, 21], mManufacturerDataMask=[-1, -1], mAdvertisingDataType=-1, mAdvertisingData=null, mAdvertisingDataMask=null, mTransportBlockFilter=null]])
D/BtGatt.ScanManager(11402): startScan()  [ScanClient scanModeApp -1 scanModeUsed -1 [appScanStats com.google.uid.shared:10128]]
D/ActivityAttributionService(11402): notifyActivityAttributionInfo UID=1002 packageName=com.google.android.bluetooth deviceAddress=no_active_device_address
D/BtGatt.ScanManager(11402): handling starting scan
I/bt_btif (11402): packages/modules/Bluetooth/system/btif/src/bluetooth.cc:829 get_profile_interface: get_profile_interface: id = activity_attribution
I/wpa_supplicant(  872): wlan0: CTRL-EVENT-BEACON-LOSS 
D/ProfileInstaller(11507): Installing profile for com.ubmprobe
W/ProcessStats(  542): Tracking association SourceState{a17b1d9 com.ubmprobe/10196 BTop #15050} whose proc state 2 is better than process ProcessState{4d20c49 com.google.android.gms.persistent/10128 pkg=com.google.android.gms} proc state 4 (235 skipped)
D/BtGatt.ScanManager(11402): uid 10128 isForeground true scanMode -1
D/BtGatt.ScanManager(11402): uid 10128 isForeground true scanMode -1
D/AvrcpBrowsablePlayerConnector(11402): Received a message: msg.what=2
V/AvrcpBrowsablePlayerConnector(11402): Timed out waiting for players
I/AvrcpBrowsablePlayerConnector(11402): Successfully connected to 0 browsable players.
I/MediaPlayerList(11402): init: Browsable Player list size is 0
I/MediaPlayerList(11402): Set active player to first default
D/MediaPlayerList(11402): setActivePlayer(): setting player to com.google.android.googlequicksearchbox
I/MediaSessionService(  542): tempAllowlistTargetPkgIfPossible callingPackage:com.google.android.bluetooth targetPackage:com.google.android.googlequicksearchbox reason:MediaSessionRecord:android.support.v4.media.session.command.GET_EXTRA_BINDER [WIU] [FGS]
I/MediaPlayerList(11402): sendMediaUpdate: Creating a one item queue for a player with no queue
D/MediaPlayerList(11402): sendMediaUpdate state=PlaybackState {state=NONE(0), position=0, buffered position=0, speed=0.0, updated=27979, actions=2409991, custom actions=[Action:mName='Rewind 10 seconds, mIcon=2131234345, mExtras=null, Action:mName='Fast forward 30 second, mIcon=2131234125, mExtras=null, Action:mName='Skip to next episode, mIcon=2131234405, mExtras=null], active item id=-1, error=null}
D/AvrcpTargetJni(11402): sendMediaUpdateNative
I/bt_stack(11402): [INFO:avrcp_service.cc(515)] virtual void bluetooth::avrcp::AvrcpService::SendMediaUpdate(bool, bool, bool) track_changed=1 :  play_state=1 :  queue=1
D/AvrcpTargetJni(11402): sendPlayerSettingsNative
I/bt_stack(11402): [INFO:avrcp_service.cc(551)] virtual void bluetooth::avrcp::AvrcpService::SendPlayerSettingsChanged(std::vector<PlayerAttribute>, std::vector<uint8_t>)
I/bt_stack(11402): [INFO:avrcp_service.cc(565)] attribute=PlayerAttribute::REPEAT : value=PlayerRepeatValue::OFF
I/bt_stack(11402): attribute=PlayerAttribute::SHUFFLE : value=PlayerShuffleValue::OFF
I/bt_stack(11402): 
D/AvrcpBrowsablePlayerConnector(11402): Received a message: msg.what=2
V/AvrcpBrowsablePlayerConnector(11402): Timed out waiting for players
I/AvrcpBrowsablePlayerConnector(11402): Successfully connected to 0 browsable players.
I/MediaPlayerList(11402): init: Browsable Player list size is 0
I/MediaPlayerList(11402): Set active player to first default
D/MediaPlayerList(11402): setActivePlayer(): setting player to com.google.android.googlequicksearchbox
I/MediaPlayerList(11402): sendMediaUpdate: Creating a one item queue for a player with no queue
D/MediaPlayerList(11402): sendMediaUpdate state=PlaybackState {state=NONE(0), position=0, buffered position=0, speed=0.0, updated=27979, actions=2409991, custom actions=[Action:mName='Rewind 10 seconds, mIcon=2131234345, mExtras=null, Action:mName='Fast forward 30 second, mIcon=2131234125, mExtras=null, Action:mName='Skip to next episode, mIcon=2131234405, mExtras=null], active item id=-1, error=null}
D/MediaControlGattService(11402): updatePlayerState: playbackState= INACTIVE
D/MediaControlGattService(11402): updateMediaStateChar
W/MediaControlGattService(11402): Feature MEDIA_STATE(BIT 17) support: true
D/MediaControlGattService(11402): updateMediaStateChar setting to state= 0
W/MediaControlGattService(11402): Feature PLAYER_NAME(BIT 1) support: true
W/MediaControlGattService(11402): Feature PLAYER_ICON_URL(BIT 3) support: false
D/MediaControlGattService(11402): updateObjectID
W/MediaControlGattService(11402): Feature PLAYER_ICON_OBJ_ID(BIT 2) support: false
D/MediaControlGattService(11402): updateObjectID
W/MediaControlGattService(11402): Feature CURRENT_TRACK_SEGMENT_OBJ_ID(BIT 10) support: false
D/MediaControlGattService(11402): updateObjectID
W/MediaControlGattService(11402): Feature CURRENT_TRACK_OBJ_ID(BIT 11) support: false
D/MediaControlGattService(11402): updateObjectID
W/MediaControlGattService(11402): Feature NEXT_TRACK_OBJ_ID(BIT 12) support: false
D/MediaControlGattService(11402): updateObjectID
W/MediaControlGattService(11402): Feature CURRENT_GROUP_OBJ_ID(BIT 13) support: false
D/MediaControlGattService(11402): updateObjectID
W/MediaControlGattService(11402): Feature PARENT_GROUP_OBJ_ID(BIT 14) support: false
D/MediaControlGattService(11402): updateObjectID
W/MediaControlGattService(11402): Feature SEARCH_RESULT_OBJ_ID(BIT 20) support: false
W/MediaControlGattService(11402): Feature TRACK_TITLE(BIT 5) support: true
W/MediaControlGattService(11402): Feature TRACK_DURATION(BIT 6) support: true
W/MediaControlGattService(11402): Feature TRACK_POSITION(BIT 7) support: true
W/MediaControlGattService(11402): Feature TRACK_POSITION_NOTIFY support: true
W/MediaControlGattService(11402): Feature MEDIA_STATE(BIT 17) support: true
W/MediaControlGattService(11402): Feature MEDIA_STATE(BIT 17) support: true
W/MediaControlGattService(11402): Feature PLAYBACK_SPEED(BIT 8) support: true
W/MediaControlGattService(11402): Feature PLAYBACK_SPEED(BIT 8) support: true
W/MediaControlGattService(11402): Feature PLAYBACK_SPEED(BIT 8) support: true
W/MediaControlGattService(11402): Feature SEEKING_SPEED(BIT 9) support: true
W/MediaControlGattService(11402): Feature SEEKING_SPEED(BIT 9) support: true
W/MediaControlGattService(11402): Feature SEEKING_SPEED(BIT 9) support: true
W/MediaControlGattService(11402): Feature PLAYING_ORDER_SUPPORTED(BIT 16) support: true
W/MediaControlGattService(11402): Feature PLAYING_ORDER(BIT 15) support: true
W/MediaControlGattService(11402): Feature MEDIA_CONTROL_POINT_OPCODES_SUPPORTED(BIT 19) support: true
W/MediaControlGattService(11402): Feature TRACK_POSITION(BIT 7) support: true
W/MediaControlGattService(11402): Feature TRACK_POSITION_NOTIFY support: true
W/MediaControlGattService(11402): Feature MEDIA_STATE(BIT 17) support: true
W/MediaControlGattService(11402): Feature MEDIA_STATE(BIT 17) support: true
W/MediaControlGattService(11402): Feature PLAYER_NAME(BIT 1) support: true
W/MediaControlGattService(11402): Feature PLAYER_NAME(BIT 1) support: true
W/MediaControlGattService(11402): Feature PLAYER_NAME(BIT 1) support: true
W/MediaControlGattService(11402): Feature PLAYER_NAME_NOTIFY support: true
W/MediaControlGattService(11402): Feature MEDIA_CONTROL_POINT_OPCODES_SUPPORTED(BIT 19) support: true
W/MediaControlGattService(11402): Feature PLAYING_ORDER_SUPPORTED(BIT 16) support: true
W/MediaControlGattService(11402): Feature PLAYING_ORDER(BIT 15) support: true
W/MediaControlGattService(11402): Feature PLAYER_ICON_OBJ_ID(BIT 2) support: false
W/MediaControlGattService(11402): Feature PLAYER_ICON_URL(BIT 3) support: false
W/MediaControlGattService(11402): Feature MEDIA_CONTROL_POINT_OPCODES_SUPPORTED(BIT 19) support: true
W/MediaControlGattService(11402): Feature MEDIA_CONTROL_POINT_OPCODES_SUPPORTED_NOTIFY support: true
W/MediaControlGattService(11402): Feature TRACK_TITLE(BIT 5) support: true
W/MediaControlGattService(11402): Feature TRACK_TITLE(BIT 5) support: true
W/MediaControlGattService(11402): Feature TRACK_TITLE_NOTIFY support: true
W/MediaControlGattService(11402): Feature TRACK_DURATION(BIT 6) support: true
W/MediaControlGattService(11402): Feature TRACK_DURATION(BIT 6) support: true
W/MediaControlGattService(11402): Feature TRACK_DURATION_NOTIFY support: true
W/MediaControlGattService(11402): Feature MEDIA_STATE(BIT 17) support: true
W/MediaControlGattService(11402): Feature TRACK_CHANGED(BIT 4) support: true
W/MediaControlGattService(11402): Feature PLAYING_ORDER_SUPPORTED(BIT 16) support: true
W/MediaControlGattService(11402): Feature PLAYING_ORDER(BIT 15) support: true
W/MediaControlGattService(11402): Feature PLAYING_ORDER_NOTIFY support: true
W/MediaControlGattService(11402): Feature MEDIA_STATE(BIT 17) support: true
D/ActivityManager(  542): freezing 10116 com.google.android.youtube
D/ActivityManager(  542): freezing 1854 com.google.android.apps.youtube.music
I/keystore2(  180): system/security/keystore2/src/watchdog.rs:319 - Watchdog thread idle -> terminating. Have a great day.
D/StatusBarIconController(  885): ignoring old pipeline callbacks, because the new mobile icons are enabled
I/WorkerManager( 1959): dispose()
W/A       ( 1959): Queue length for executor EventBus is now 11. Perhaps some tasks are too long, or the pool is too small.
D/BoundBrokerSvc( 5045): onUnbind: Intent { act=com.google.android.gms.icing.LIGHTWEIGHT_INDEX_SERVICE dat=chimera-action:/... cmp=com.google.android.gms/.chimera.PersistentApiService }
W/BatteryExternalStatsWorker(  542): error reading Bluetooth stats: 11
D/TelephonyManager(  542): requestModemActivityInfo: Sending result to app: ModemActivityInfo{ mTimestamp=3600020 mSleepTimeMs=0 mIdleTimeMs=3600009 mActivityStatsTechSpecificInfo=[{mRat=UNKNOWN,mFrequencyRange=UNKNOWN,mTxTimeMs[]=[0, 0, 0, 0, 0],mRxTimeMs=0}]}
I/netd    (  358): tetherGetStats() -> {[]} <0.34ms>
I/AiAiEcho( 1703): Predicting[0]: 
I/AiAiEcho( 1703): EchoTargets: 
I/AiAiEcho( 1703): Filtered by AiAi flag check: 
I/AiAiEcho( 1703): Ranked targets strategy: SORT, count: 0, ranking metadata: 
I/AiAiEcho( 1703): #postPredictionTargets: Sending updates to UISurface lockscreen with targets# 0 (types=[])
D/EGL_emulation(  885): app_time_stats: avg=646.62ms min=15.10ms max=11485.66ms count=19
W/PageIndicator(  885): Total number of pages invalid: 0. Assuming 1 page.
I/wpa_supplicant(  872): wlan0: CTRL-EVENT-BEACON-LOSS 
W/System  (11402): A resource failed to call close. 
D/ActivityManager(  542): freezing 1116 com.android.settings
D/ActivityManager(  542): freezing 8054 com.android.keychain
D/ActivityManager(  542): freezing 1726 com.google.process.gservices
D/ActivityManager(  542): freezing 7666 com.google.android.gms.unstable
D/StatusBarIconController(  885): ignoring old pipeline callbacks, because the new mobile icons are enabled
I/wpa_supplicant(  872): wlan0: CTRL-EVENT-BEACON-LOSS 
W/healthd (    0): battery l=100 v=5000 t=25.0 h=2 st=2 c=900000 fc=3000000 cc=10 chg=a
I/ResourceTimer(  542): GetResourceValue count=16291 pvalues=1000,4000,7000,17000
I/ResourceTimer(  542): RetrieveAttributes count=5831 pvalues=1000,2000,3000,15000
D/ActivityManager(  542): freezing 890 com.google.android.permissioncontroller
I/NearbySharing( 5144): SharingTileService destroyed [CONTEXT service_id=194 ]
D/AudioAnalytics(  472): expiring previous audio state after 3600 seconds.
D/StatusBarIconController(  885): ignoring old pipeline callbacks, because the new mobile icons are enabled
D/EGL_emulation(  885): app_time_stats: avg=16461.30ms min=16461.30ms max=16461.30ms count=1
I/wpa_supplicant(  872): wlan0: CTRL-EVENT-BEACON-LOSS 
I/UsageStatsService(  542): User[0] Flushing usage stats to disk
I/wpa_supplicant(  872): wlan0: CTRL-EVENT-BEACON-LOSS 
D/ControlsListingControllerImpl(  885): Subscribing callback, service count: 0
D/ControlsListingControllerImpl(  885): Unsubscribing callback
I/PhenotypeProcessReaper( 1574): Memory state is: 200
D/StatusBarIconController(  885): ignoring old pipeline callbacks, because the new mobile icons are enabled
I/wpa_supplicant(  872): wlan0: CTRL-EVENT-BEACON-LOSS 
W/TimedProcessReaper( 4751): Memory state is: 125
D/StatusBarIconController(  885): ignoring old pipeline callbacks, because the new mobile icons are enabled
I/wpa_supplicant(  872): wlan0: CTRL-EVENT-BEACON-LOSS 
I/logd    (    0): logdr: UID=2000 GID=2000 PID=11565 n tail=0 logMask=99 pid=0 start=0ns deadline=0ns
D/TaplEvents( 1156): TIS / TouchInteractionService.onInputEvent: MotionEvent { action=ACTION_DOWN, actionButton=0, id[0]=0, x[0]=160.0, y[0]=97.0, toolType[0]=TOOL_TYPE_FINGER, buttonState=0, classification=NONE, metaState=0, flags=0x0, edgeFlags=0x0, pointerCount=1, historySize=0, eventTime=3642812, downTime=3642812, deviceId=-1, source=0x1002, displayId=0, eventId=-835041434 }
D/TaplEvents( 1156): TIS / TouchInteractionService.onInputEvent: MotionEvent { action=ACTION_UP, actionButton=0, id[0]=0, x[0]=160.0, y[0]=97.0, toolType[0]=TOOL_TYPE_FINGER, buttonState=0, classification=NONE, metaState=0, flags=0x0, edgeFlags=0x0, pointerCount=1, historySize=0, eventTime=3642812, downTime=3642812, deviceId=-1, source=0x1002, displayId=0, eventId=-907671883 }
D/audioserver(  420): FGS Logger Transaction failed
D/audioserver(  420): -129
I/ReactNativeJS(11507): [UBM_PROBE] scan=granted connect=granted
I/ReactNativeJS(11507): [UBM_PROBE] permission-ok=true
D/AudioFlinger(  420): mixer(0x77fc40373930) throttle end: throttle time(33)
D/CompatibilityChangeReporter(11507): Compat change id reported: 263076149; UID 10196; state: ENABLED
D/EGL_emulation(11507): app_time_stats: avg=3035.42ms min=16.51ms max=51335.60ms count=17
I/ReactNativeJS(11507): [UBM_PROBE] manager-created
I/ReactNativeJS(11507): [UBM_PROBE] adapter power=unknown availability=unknown authorization=unknown
D/audioserver(  420): FGS Logger Transaction failed
D/audioserver(  420): -129
D/android.hardware.audio@7.1-impl.ranchu(  364): threadLoop: entering standby, frames: 3428288
D/StatusBarIconController(  885): ignoring old pipeline callbacks, because the new mobile icons are enabled
I/AiAiStatsd( 1703): No op: the most recent atoms from the date 2026-09-14 have been uploaded.
D/AndroidRuntime(11575): >>>>>> START com.android.internal.os.RuntimeInit uid 2000 <<<<<<
I/AndroidRuntime(11575): Using default boot image
I/AndroidRuntime(11575): Leaving lock profiling enabled
I/app_process(11575): Core platform API reporting enabled, enforcing=false
I/app_process(11575): Using CollectorTypeCC GC.
D/nativeloader(11575): InitDefaultPublicLibraries for_preload=1: libandroid.so:libaaudio.so:libamidi.so:libbinder_ndk.so:libc.so:libcamera2ndk.so:libdl.so:libEGL.so:libGLESv1_CM.so:libGLESv2.so:libGLESv3.so:libicu.so:libicui18n.so:libicuuc.so:libjnigraphics.so:liblog.so:libmediandk.so:libm.so:libnativehelper.so:libnativewindow.so:libOpenMAXAL.so:libOpenSLES.so:libRS.so:libstdc++.so:libsync.so:libvulkan.so:libwebviewchromium_plat_support.so:libz.so
D/app_process(11575): Time zone APEX ICU file found: /apex/com.android.tzdata/etc/icu/icu_tzdata.dat
D/app_process(11575): I18n APEX ICU file found: /apex/com.android.i18n/etc/icu/icudt72l.dat
W/app_process(11575): Unexpected CPU variant for x86: x86_64.
W/app_process(11575): Known variants: atom, sandybridge, silvermont, goldmont, goldmont-plus, tremont, kabylake, default
W/app_process(11575): ClassLoaderContext shared library size mismatch. Expected=2, found=0 (PCL[]{PCL[/system/framework/android.test.base.jar*836642756]#PCL[/system/framework/android.test.mock.jar*3186112116]} | PCL[])
W/app_process(11575): ClassLoaderContext classpath size mismatch. expected=0, found=1 (PCL[]{PCL[/system/framework/android.test.runner.jar*4168958247]{PCL[/system/framework/android.test.base.jar*836642756]#PCL[/system/framework/android.test.mock.jar*3186112116]}#PCL[/system/framework/android.test.base.jar*836642756]} | PCL[/system/framework/android.test.runner.jar*4168958247])
W/libc    (11575): Access denied finding property "ro.product.name_for_attestation"
W/libc    (11575): Access denied finding property "ro.product.brand_for_attestation"
W/libc    (11575): Access denied finding property "ro.product.model_for_attestation"
D/AndroidRuntime(11575): Calling main entry com.android.commands.uiautomator.Launcher
W/main    (11575): type=1400 audit(0.0:139): avc:  denied  { read } for  name="u:object_r:build_attestation_prop:s0" dev="tmpfs" ino=86 scontext=u:r:shell:s0 tcontext=u:object_r:build_attestation_prop:s0 tclass=file permissive=0
D/UiAutomationConnection(11575): Created on user UserHandle{0}
I/UiAutomation(11575): Initialized for user 0 on display 0
W/UiAutomation(11575): Created with deprecatead constructor, assumes DEFAULT_DISPLAY
W/main    (11575): type=1400 audit(0.0:140): avc:  denied  { read } for  name="u:object_r:build_attestation_prop:s0" dev="tmpfs" ino=86 scontext=u:r:shell:s0 tcontext=u:object_r:build_attestation_prop:s0 tclass=file permissive=0
D/AccessibilityManagerService(  542): changeCurrentUserForTestAutomationIfNeededLocked(0): ignoring because device doesn't support visible background users
I/UiAutomationManager(  542): Registering UiTestAutomationService (id=com.android.server.accessibility/UiAutomation) when called by user 0
W/main    (11575): type=1400 audit(0.0:141): avc:  denied  { read } for  name="u:object_r:build_attestation_prop:s0" dev="tmpfs" ino=86 scontext=u:r:shell:s0 tcontext=u:object_r:build_attestation_prop:s0 tclass=file permissive=0
W/WindowMagnificationMgr(  542): requestConnection duplicated request: connect=false, mConnectionState=DISCONNECTED
V/UiAutomation(11575): Init UiAutomation@f7c5fb7[id=11, displayId=0, flags=0]
I/AiAiEcho( 1703): Settings changed for uri: content://settings/secure/accessibility_enabled
I/AiAiEcho( 1703): Predicting[0]: 
I/AiAiEcho( 1703): EchoTargets: 
I/AiAiEcho( 1703): Filtered by AiAi flag check: 
I/AiAiEcho( 1703): Ranked targets strategy: SORT, count: 0, ranking metadata: 
I/AiAiEcho( 1703): Predicting[0]: 
I/AiAiEcho( 1703): EchoTargets: 
I/AiAiEcho( 1703): Filtered by AiAi flag check: 
I/AiAiEcho( 1703): Ranked targets strategy: SORT, count: 0, ranking metadata: 
D/BatterySaverPolicy(  542): accessibility changed to true, updating policy.
I/AiAiEcho( 1703): #postPredictionTargets: Sending updates to UISurface lockscreen with targets# 0 (types=[])
I/AiAiEcho( 1703): #postPredictionTargets: Sending updates to UISurface home with targets# 0 (types=[])
W/WindowMagnificationMgr(  542): requestConnection duplicated request: connect=false, mConnectionState=DISCONNECTED
W/PageIndicator(  885): Total number of pages invalid: 0. Assuming 1 page.
I/AiAiEcho( 1703): Settings changed for uri: content://settings/secure/accessibility_enabled
I/A       ( 1959): NGA disabled since it's running Panthera and at least one a11y feature is on.
I/A       ( 1959): Nga state changed to NgaStateDetails{state=DISABLED, isSpecialExperience=false}
I/AiAiEcho( 1703): Predicting[0]: 
I/AiAiEcho( 1703): EchoTargets: 
I/AiAiEcho( 1703): Filtered by AiAi flag check: 
I/AiAiEcho( 1703): Ranked targets strategy: SORT, count: 0, ranking metadata: 
I/AiAiEcho( 1703): Predicting[0]: 
I/AiAiEcho( 1703): EchoTargets: 
I/AiAiEcho( 1703): Filtered by AiAi flag check: 
I/AiAiEcho( 1703): Ranked targets strategy: SORT, count: 0, ranking metadata: 
I/AiAiEcho( 1703): #postPredictionTargets: Sending updates to UISurface lockscreen with targets# 0 (types=[])
I/AiAiEcho( 1703): #postPredictionTargets: Sending updates to UISurface home with targets# 0 (types=[])
W/PageIndicator(  885): Total number of pages invalid: 0. Assuming 1 page.
I/A       ( 1763): APA or Classic session decision: SessionDecision(sessionVariance=CLASSIC, platformVariance=CLASSIC, justification=CURRENT_PLATFORM_VARIANCE).
I/A       ( 1763): [Memory] eligibility: StashEligibility{4}
I/A       ( 1763): Unsubscribed to apa or classic variant change.
I/wpa_supplicant(  872): wlan0: CTRL-EVENT-BEACON-LOSS 
W/AccessibilityNodeInfoDumper(11575): Fetch time: 17ms
W/WindowMagnificationMgr(  542): requestConnection duplicated request: connect=false, mConnectionState=DISCONNECTED
D/AccessibilityManagerService(  542): restoreCurrentUserForTestAutomationIfNeededLocked(): ignoring because device doesn't support visible background users
I/AiAiEcho( 1703): Settings changed for uri: content://settings/secure/accessibility_enabled
I/AiAiEcho( 1703): Predicting[0]: 
I/AiAiEcho( 1703): EchoTargets: 
I/AiAiEcho( 1703): Filtered by AiAi flag check: 
D/AndroidRuntime(11575): Shutting down VM
I/AiAiEcho( 1703): Ranked targets strategy: SORT, count: 0, ranking metadata: 
I/AiAiEcho( 1703): Predicting[0]: 
I/AiAiEcho( 1703): EchoTargets: 
I/AiAiEcho( 1703): Filtered by AiAi flag check: 
I/AiAiEcho( 1703): Ranked targets strategy: SORT, count: 0, ranking metadata: 
I/AiAiEcho( 1703): #postPredictionTargets: Sending updates to UISurface lockscreen with targets# 0 (types=[])
I/AiAiEcho( 1703): #postPredictionTargets: Sending updates to UISurface home with targets# 0 (types=[])
I/A       ( 1959): NGA enabled in interactor.
I/A       ( 1959): Nga state changed to NgaStateDetails{state=ENABLED, isSpecialExperience=false}
W/PageIndicator(  885): Total number of pages invalid: 0. Assuming 1 page.
D/BatterySaverPolicy(  542): accessibility changed to false, updating policy.
I/A       ( 1763): Initializing all components
I/A       ( 1763): APA or Classic session decision: SessionDecision(sessionVariance=CLASSIC, platformVariance=CLASSIC, justification=CURRENT_PLATFORM_VARIANCE).
I/A       ( 1763): [Memory] eligibility: StashEligibility{6}
I/A       ( 1763): onIsEnabledChanged, isEnabled: false
W/A       ( 1763): Disposing empty manager. Did you forgot to subscribe observables?
W/A       ( 1763): Disposing empty manager. Did you forgot to subscribe observables?
W/A       ( 1763): Disposing empty manager. Did you forgot to subscribe observables?
W/A       ( 1763): Disposing empty manager. Did you forgot to subscribe observables?
W/A       ( 1763): Disposing empty manager. Did you forgot to subscribe observables?
I/A       ( 1763): State changed: IDLE => IDLE by NGA_STATE_CHANGED and N/A with Optional.empty
W/A       ( 1763): Disposing empty manager. Did you forgot to subscribe observables?
W/A       ( 1763): Disposing empty manager. Did you forgot to subscribe observables?
W/A       ( 1763): Disposing empty manager. Did you forgot to subscribe observables?
W/A       ( 1763): Disposing empty manager. Did you forgot to subscribe observables?
W/A       ( 1763): Disposing empty manager. Did you forgot to subscribe observables?
I/A       ( 1763): onOpaVisibilityChanged: false
W/A       ( 1763): Disposing empty manager. Did you forgot to subscribe observables?
W/A       ( 1763): Disposing empty manager. Did you forgot to subscribe observables?
W/A       ( 1763): Disposing empty manager. Did you forgot to subscribe observables?
I/A       ( 1763): Recognizer choice: (recognizer_type: 1, recognizer_mode: 1, choice_reason: 4)
I/A       ( 1763): onActiveStateChangeEvent: IDLE => IDLE
W/A       ( 1763): Disposing empty manager. Did you forgot to subscribe observables?
I/A       ( 1763): #onActiveStateChangeEvent, newState: IDLE, previousState: IDLE.
W/A       ( 1763): Disposing empty manager. Did you forgot to subscribe observables?
W/A       ( 1763): Disposing empty manager. Did you forgot to subscribe observables?
I/A       ( 1763): Setting session to type: NO_SESSION
W/A       ( 1763): Disposing empty manager. Did you forgot to subscribe observables?
W/A       ( 1763): Disposing empty manager. Did you forgot to subscribe observables?
W/A       ( 1763): Disposing empty manager. Did you forgot to subscribe observables?
W/A       ( 1763): Disposing empty manager. Did you forgot to subscribe observables?
W/A       ( 1763): Disposing empty manager. Did you forgot to subscribe observables?
W/A       ( 1763): Disposing empty manager. Did you forgot to subscribe observables?
W/A       ( 1763): Disposing empty manager. Did you forgot to subscribe observables?
W/A       ( 1763): Disposing empty manager. Did you forgot to subscribe observables?
D/CompatibilityChangeReporter(  542): Compat change id reported: 197654537; UID 10196; state: ENABLED
I/A       ( 1763): setNavBarVisible: GestureNavBarVisible{navbarVisible=true}
W/A       ( 1763): Disposing empty manager. Did you forgot to subscribe observables?
W/A       ( 1763): Disposing empty manager. Did you forgot to subscribe observables?
W/A       ( 1763): Disposing empty manager. Did you forgot to subscribe observables?
W/A       ( 1763): Disposing empty manager. Did you forgot to subscribe observables?
W/A       ( 1763): Disposing empty manager. Did you forgot to subscribe observables?
W/A       ( 1763): Disposing empty manager. Did you forgot to subscribe observables?
I/A       ( 1763): onDisabled. Registered: false
I/A       ( 1763): on opa visibility changed false
I/A       ( 1763): on opa visibility changed false
I/NgaEntryPointEventSendr( 1763): setupConnection
I/A       ( 1763): Initialize
W/ProcessStats(  542): Tracking association SourceState{b2b13b7 com.google.android.googlequicksearchbox:interactor/10132 BFgs #15075} whose proc state 4 is better than process ProcessState{d1131dc com.google.android.googlequicksearchbox:search/10132 pkg=com.google.android.googlequicksearchbox} proc state 14 (12 skipped)
I/A       ( 1763): stopListening(NGA_PAUSED_UNKNOWN_REASON, NGA_CREATE), idleOverride=NOT_LISTENING
I/NgaEntryPointEventSendr( 1763): State changed: Disconnected => Connecting
I/A       ( 1959): Creating pss binder().
I/NgaEntryPointEventSendr( 1763): onServiceConnected
I/A       ( 1763): Successfully initialized all components
I/A       ( 1959): Calling beginBinderSession().
I/A       ( 1959): beginBinderSession(): calling binder
I/NgaEntryPointEventSendr( 1763): State changed: Connecting => Ready
W/CorpusConfigHelper( 1959): Invalid input from icing corpus JSON flag.
W/CorpusConfigHelper( 1959): android.util.MalformedJsonException: Use JsonReader.setLenient(true) to accept malformed JSON at line 123 column 2
W/CorpusConfigHelper( 1959): 	at android.util.JsonReader.syntaxError(JsonReader.java:1162)
W/CorpusConfigHelper( 1959): 	at android.util.JsonReader.checkLenient(JsonReader.java:840)
W/CorpusConfigHelper( 1959): 	at android.util.JsonReader.nextInArray(JsonReader.java:615)
W/CorpusConfigHelper( 1959): 	at android.util.JsonReader.peek(JsonReader.java:345)
W/CorpusConfigHelper( 1959): 	at android.util.JsonReader.hasNext(JsonReader.java:321)
W/CorpusConfigHelper( 1959): 	at com.google.android.apps.gsa.searchbox.c.b.b.k.c(PG:7)
W/CorpusConfigHelper( 1959): 	at com.google.android.apps.gsa.searchbox.c.b.b.k.<init>(PG:5)
W/CorpusConfigHelper( 1959): 	at com.google.android.apps.gsa.staticplugins.searchboxroot.features.n.a.c.<init>(PG:16)
W/CorpusConfigHelper( 1959): 	at com.google.android.apps.gsa.staticplugins.searchboxroot.b.a(PG:14)
W/CorpusConfigHelper( 1959): 	at com.google.android.apps.gsa.staticplugins.searchboxroot.x.<init>(PG:7)
W/CorpusConfigHelper( 1959): 	at com.google.android.apps.gsa.binaries.velvet.app.akd.b(PG:15)
W/CorpusConfigHelper( 1959): 	at dagger.a.e.b(PG:1)
W/CorpusConfigHelper( 1959): 	at com.google.android.apps.gsa.staticplugins.searchboxroot.a.a.a(PG:3)
W/CorpusConfigHelper( 1959): 	at com.google.android.apps.gsa.binaries.velvet.app.ok.f(Unknown Source:2541)
W/CorpusConfigHelper( 1959): 	at com.google.android.apps.gsa.binaries.velvet.app.ok.b(PG:1)
W/CorpusConfigHelper( 1959): 	at com.google.android.apps.gsa.search.core.service.g.a.c.a(PG:2)
W/CorpusConfigHelper( 1959): 	at com.google.android.libraries.gsa.k.a.f.a(PG:2)
W/CorpusConfigHelper( 1959): 	at com.google.common.util.concurrent.dx.a(PG:1)
W/CorpusConfigHelper( 1959): 	at com.google.common.util.concurrent.cv.run(PG:4)
W/CorpusConfigHelper( 1959): 	at com.google.common.util.concurrent.dz.run(PG:1)
W/CorpusConfigHelper( 1959): 	at com.google.android.libraries.i.ae.run(PG:1)
W/CorpusConfigHelper( 1959): 	at java.util.concurrent.ThreadPoolExecutor.runWorker(ThreadPoolExecutor.java:1145)
W/CorpusConfigHelper( 1959): 	at java.util.concurrent.ThreadPoolExecutor$Worker.run(ThreadPoolExecutor.java:644)
W/CorpusConfigHelper( 1959): 	at com.google.android.libraries.i.k.run(PG:2)
W/CorpusConfigHelper( 1959): 	at com.google.android.libraries.i.p.run(PG:4)
W/CorpusConfigHelper( 1959): 	at java.lang.Thread.run(Thread.java:1012)
W/A       ( 1959): Queue length for executor EventBus is now 11. Perhaps some tasks are too long, or the pool is too small.
I/A       ( 1959): Using proto config with mendel
I/A       ( 1959): Using proto config with mendel
I/A       ( 1959): Using proto config with mendel
I/A       ( 1959): Merging legacy hotword config map with new proto.
I/A       ( 1959): Adding from config to map. Locale: cmn-Hant-TW modelPrefix: x_google Location:4e7cae00daee30ec565c34e3aa67a51f isSpeakerIdSupported: true
I/A       ( 1959): Adding from config to map. Locale: id-ID modelPrefix: x_google Location:cfffcc1a4c1c084c003c8eb27f73d770 isSpeakerIdSupported: true
I/A       ( 1959): Adding from config to map. Locale: ko-KR modelPrefix: x_google Location:0b132163a2eb2c1194b202067475724b isSpeakerIdSupported: true
I/A       ( 1959): Skipping. Expected model: 2 Found: 1
I/A       ( 1959): Adding from config to map. Locale: zh-TW modelPrefix: x_google Location:4e7cae00daee30ec565c34e3aa67a51f isSpeakerIdSupported: true
I/A       ( 1959): Using proto config with mendel
I/A       ( 1959): Using proto config with mendel
I/A       ( 1959): Using proto config with mendel
W/ActivityManager(  542): Unable to start service Intent { cmp=com.google.android.apps.tachyon/.clientapi.ClientApiService } U=0: not found
W/A       ( 1959): UiCallbackStub-onGenericEvent[ServiceEvent = 60] task was not run. Callback from Service received after client was disposed.
W/A       ( 1959): UiCallbackStub-onGenericEvent[ServiceEvent = 60] task was not run. Callback from Service received after client was disposed.
W/A       ( 1959): UiCallbackStub-onGenericEvent[ServiceEvent = 105] task was not run. Callback from Service received after client was disposed.
W/A       ( 1959): UiCallbackStub-onGenericEvent[ServiceEvent = 107] task was not run. Callback from Service received after client was disposed.
W/A       ( 1959): UiCallbackStub-onGenericEvent[ServiceEvent = 107] task was not run. Callback from Service received after client was disposed.
W/A       ( 1959): UiCallbackStub-onGenericEvent[ServiceEvent = 42] task was not run. Callback from Service received after client was disposed.
I/NgaEntryPointEventSendr( 1763): State changed: Ready => Disconnected (onOpaDisconnected)
I/Icing   ( 5144): IndexChimeraService.getServiceInterface callingPackage=com.google.android.googlequicksearchbox componentName=null serviceId=36
W/A       ( 1959): UiCallbackStub-onGenericEvent[ServiceEvent = 67] task was not run. Callback from Service received after client was disposed.
I/MicroDetectionState( 1959): Should stop hotword detection immediately - true
W/A       ( 1959): UiCallbackStub-onGenericEvent[ServiceEvent = 241] task was not run. Callback from Service received after client was disposed.
W/A       ( 1959): UiCallbackStub-onGenericEvent[ServiceEvent = 241] task was not run. Callback from Service received after client was disposed.
W/A       ( 1959): UiCallbackStub-onGenericEvent[ServiceEvent = 60] task was not run. Callback from Service received after client was disposed.
I/PBSessionCacheImpl( 1959): Deleted sessionId[8617562626799801] from persistence.
W/SearchServiceCore( 1959): Abort, client detached.
I/MicroDetectionState( 1959): Should stop hotword detection immediately - true
I/A       ( 1959): Using proto config with mendel
I/A       ( 1959): Using proto config with mendel
D/CompatibilityChangeReporter(  542): Compat change id reported: 161252188; UID 10196; state: DISABLED
I/Icing   ( 5144): Usage reports ok 1, Failed Usage reports 0, indexed 0, rejected 0
I/PhenotypeProcessReaper( 5045): Memory state is: 125
W/BugleRcsEngine( 4751): [93] bpxc.w: Unable to send diagnostic log
D/StatusBarIconController(  885): ignoring old pipeline callbacks, because the new mobile icons are enabled
I/wpa_supplicant(  872): wlan0: CTRL-EVENT-BEACON-LOSS 
I/AiAiEcho( 1703): Predicting[0]: 
I/AiAiEcho( 1703): EchoTargets: 
I/AiAiEcho( 1703): Filtered by AiAi flag check: 
I/AiAiEcho( 1703): Ranked targets strategy: SORT, count: 0, ranking metadata: 
I/AiAiEcho( 1703): Predicting[0]: 
I/AiAiEcho( 1703): EchoTargets: 
I/AiAiEcho( 1703): Filtered by AiAi flag check: 
I/AiAiEcho( 1703): Ranked targets strategy: SORT, count: 0, ranking metadata: 
I/AiAiEcho( 1703): #postPredictionTargets: Sending updates to UISurface lockscreen with targets# 0 (types=[])
I/AiAiEcho( 1703): #postPredictionTargets: Sending updates to UISurface lockscreen with targets# 0 (types=[])
D/EGL_emulation(  885): app_time_stats: avg=43536.80ms min=43536.80ms max=43536.80ms count=1
W/PageIndicator(  885): Total number of pages invalid: 0. Assuming 1 page.
W/PageIndicator(  885): Total number of pages invalid: 0. Assuming 1 page.
W/BatteryExternalStatsWorker(  542): error reading Bluetooth stats: 11
D/KernelCpuUidUserSysTimeReader(  542): Removing uids 10195-10195
I/wpa_supplicant(  872): wlan0: CTRL-EVENT-BEACON-LOSS 
D/StatusBarIconController(  885): ignoring old pipeline callbacks, because the new mobile icons are enabled
I/logd    (    0): logdr: UID=2000 GID=2000 PID=11601 n tail=0 logMask=99 pid=0 start=0ns deadline=0ns
D/TaplEvents( 1156): TIS / TouchInteractionService.onInputEvent: MotionEvent { action=ACTION_DOWN, actionButton=0, id[0]=0, x[0]=160.0, y[0]=183.0, toolType[0]=TOOL_TYPE_FINGER, buttonState=0, classification=NONE, metaState=0, flags=0x0, edgeFlags=0x0, pointerCount=1, historySize=0, eventTime=3666885, downTime=3666885, deviceId=-1, source=0x1002, displayId=0, eventId=-605989606 }
D/TaplEvents( 1156): TIS / TouchInteractionService.onInputEvent: MotionEvent { action=ACTION_UP, actionButton=0, id[0]=0, x[0]=160.0, y[0]=183.0, toolType[0]=TOOL_TYPE_FINGER, buttonState=0, classification=NONE, metaState=0, flags=0x0, edgeFlags=0x0, pointerCount=1, historySize=0, eventTime=3666885, downTime=3666885, deviceId=-1, source=0x1002, displayId=0, eventId=-658232940 }
D/audioserver(  420): FGS Logger Transaction failed
D/audioserver(  420): -129
I/ReactNativeJS(11507): [UBM_PROBE] bonded-count=0
D/EGL_emulation(11507): app_time_stats: avg=508.76ms min=1.63ms max=23239.94ms count=47
D/AudioFlinger(  420): mixer(0x77fc40373930) throttle end: throttle time(33)
D/audioserver(  420): FGS Logger Transaction failed
D/audioserver(  420): -129
I/ActivityManager(  542): com.google.android.devicelockcontroller is exempt from freezer
D/CompatibilityChangeReporter(  542): Compat change id reported: 135634846; UID 10170; state: DISABLED
D/CompatibilityChangeReporter(  542): Compat change id reported: 177438394; UID 10170; state: DISABLED
D/CompatibilityChangeReporter(  542): Compat change id reported: 135772972; UID 10170; state: DISABLED
D/CompatibilityChangeReporter(  542): Compat change id reported: 135754954; UID 10170; state: ENABLED
D/CompatibilityChangeReporter(  542): Compat change id reported: 143937733; UID 10170; state: ENABLED
D/CompatibilityChangeReporter(  542): Compat change id reported: 135634846; UID 10124; state: DISABLED
D/CompatibilityChangeReporter(  542): Compat change id reported: 177438394; UID 10124; state: DISABLED
D/CompatibilityChangeReporter(  542): Compat change id reported: 135772972; UID 10124; state: DISABLED
D/CompatibilityChangeReporter(  542): Compat change id reported: 135754954; UID 10124; state: ENABLED
D/Zygote  (  359): Forked child process 11614
I/netd    (  358): tetherGetStats() -> {[]} <0.40ms>
I/netd    (  358): bandwidthSetGlobalAlert(2097152) <0.07ms>
I/netd    (  358): bandwidthRemoveInterfaceQuota(eth0) <0.47ms>
I/netd    (  358): bandwidthSetInterfaceQuota(eth0, 9223372036854775807) <0.31ms>
D/ActivityManager(  542): sync unfroze 1854 com.google.android.apps.youtube.music for 6
D/ConnectivityService(  542): requestNetwork for uid/pid:10155/1854 activeRequest: null callbackRequest: 204 [NetworkRequest [ REQUEST id=205, [ Capabilities: INTERNET&NOT_RESTRICTED&TRUSTED&NOT_VCN_MANAGED Uid: 10155 RequestorUid: 10155 RequestorPkg: com.google.android.apps.youtube.music UnderlyingNetworks: Null] ]] callback flags: 0 order: 2147483647
I/elockcontroller(11614): Using CollectorTypeCC GC.
W/ActivityManager(  542): Slow operation: 53ms so far, now at startProcess: done updating battery stats
W/ActivityManager(  542): Slow operation: 53ms so far, now at startProcess: building log message
I/ActivityManager(  542): Start proc 11614:com.google.android.devicelockcontroller/u0a170 for service {com.google.android.devicelockcontroller/androidx.work.impl.background.systemjob.SystemJobService}
W/ActivityManager(  542): Slow operation: 53ms so far, now at startProcess: starting to update pids map
W/ActivityManager(  542): Slow operation: 53ms so far, now at startProcess: done updating pids map
W/elockcontroller(11614): Unexpected CPU variant for x86: x86_64.
W/elockcontroller(11614): Known variants: atom, sandybridge, silvermont, goldmont, goldmont-plus, tremont, kabylake, default
W/ActivityManager(  542): Slow operation: 51ms so far, now at startProcess: asking zygote to start proc
D/CompatibilityChangeReporter(  542): Compat change id reported: 143937733; UID 10124; state: ENABLED
D/WifiNetworkFactory(  542): got request NetworkRequest [ REQUEST id=205, [ Capabilities: INTERNET&NOT_RESTRICTED&TRUSTED&NOT_VCN_MANAGED Uid: 10155 RequestorUid: 10155 RequestorPkg: com.google.android.apps.youtube.music UnderlyingNetworks: Null] ]
D/UntrustedWifiNetworkFactory(  542): got request NetworkRequest [ REQUEST id=205, [ Capabilities: INTERNET&NOT_RESTRICTED&TRUSTED&NOT_VCN_MANAGED Uid: 10155 RequestorUid: 10155 RequestorPkg: com.google.android.apps.youtube.music UnderlyingNetworks: Null] ]
D/OemPaidWifiNetworkFactory(  542): got request NetworkRequest [ REQUEST id=205, [ Capabilities: INTERNET&NOT_RESTRICTED&TRUSTED&NOT_VCN_MANAGED Uid: 10155 RequestorUid: 10155 RequestorPkg: com.google.android.apps.youtube.music UnderlyingNetworks: Null] ]
D/MultiInternetWifiNetworkFactory(  542): got request NetworkRequest [ REQUEST id=205, [ Capabilities: INTERNET&NOT_RESTRICTED&TRUSTED&NOT_VCN_MANAGED Uid: 10155 RequestorUid: 10155 RequestorPkg: com.google.android.apps.youtube.music UnderlyingNetworks: Null] ]
D/ConnectivityService(  542): NetReassign [205 : null → 100] [c 2] [a 0] [i 1]
D/Zygote  (  359): Forked child process 11623
W/ActivityManager(  542): Slow operation: 56ms so far, now at startProcess: returned from zygote!
W/ActivityManager(  542): Slow operation: 56ms so far, now at startProcess: done updating battery stats
W/ActivityManager(  542): Slow operation: 56ms so far, now at startProcess: building log message
I/ActivityManager(  542): Start proc 11623:com.google.android.partnersetup/u0a124 for service {com.google.android.partnersetup/com.google.android.partnersetup.InstalledAppJobService}
W/ActivityManager(  542): Slow operation: 56ms so far, now at startProcess: starting to update pids map
W/ActivityManager(  542): Slow operation: 56ms so far, now at startProcess: done updating pids map
E/elockcontroller(11614): Not starting debugger since process cannot load the jdwp agent.
I/id.partnersetup(11623): Using CollectorTypeCC GC.
W/id.partnersetup(11623): Unexpected CPU variant for x86: x86_64.
W/id.partnersetup(11623): Known variants: atom, sandybridge, silvermont, goldmont, goldmont-plus, tremont, kabylake, default
D/CompatibilityChangeReporter(  542): Compat change id reported: 168419799; UID 10170; state: DISABLED
D/CompatibilityChangeReporter(  542): Compat change id reported: 273564678; UID 10170; state: DISABLED
I/NetworkScheduler.Stats( 5045): Task com.google.android.gms/com.google.android.gms.checkin.EventLogService started execution. cause:4 exec_start_elapsed_seconds: 3667 [CONTEXT service_id=218 ]
E/id.partnersetup(11623): Not starting debugger since process cannot load the jdwp agent.
I/NetworkScheduler.Stats( 5045): Task com.google.android.gms/com.google.android.gms.auth.account.be.accountstate.GcmTaskService started execution. cause:4 exec_start_elapsed_seconds: 3667 [CONTEXT service_id=218 ]
D/CompatibilityChangeReporter(  542): Compat change id reported: 265195908; UID 10170; state: ENABLED
I/ChimeraConfigurator( 5144): Starting update, reason: 4 urgentFeatures: vision.ocr:-1
D/CompatibilityChangeReporter(  542): Compat change id reported: 168419799; UID 10124; state: DISABLED
D/CompatibilityChangeReporter(  542): Compat change id reported: 273564678; UID 10124; state: DISABLED
I/Checkin ( 5144): [EventLogChimeraService] Opted in for usage reporting: false
I/Checkin ( 5144): [EventLogChimeraService] Aggregate from 1789512969878 (log), 1789512969878 (data)
D/CompatibilityChangeReporter(  542): Compat change id reported: 265195908; UID 10124; state: ENABLED
I/logd    (    0): logdr: UID=10128 GID=10128 PID=5144 n tail=0 logMask=4 pid=0 start=0ns deadline=0ns
I/ChimeraConfigurator( 5144): Detected pending changes for urgent request: [vision.ocr]. Pending module sets: container:2318189190800+mlkit.ocr.common,tflite_dynamite:2627305025100800+tflite_dynamite,vision_ocr:2316024025100000+vision.ocr
I/NetworkScheduler.Stats( 5045): Task com.google.android.gms/com.google.android.gms.auth.account.be.accountstate.GcmTaskService finished executing. cause:4 result: 1 elapsed_millis: 75 uptime_millis: 75 exec_start_elapsed_seconds: 3667 [CONTEXT service_id=218 ]
I/resolv  (  358): GetAddrInfoHandler::run: {100 100 100 983140 10155 0}
D/CompatibilityChangeReporter(11623): Compat change id reported: 171979766; UID 10124; state: ENABLED
D/CompatibilityChangeReporter(11623): Compat change id reported: 242716250; UID 10124; state: DISABLED
I/resolv  (  358): res_nmkquery: (QUERY, IN, AAAA)
I/resolv  (  358): resolv_cache_lookup: FOUND IN CACHE entry=0x73e5d3ed52d0
I/resolv  (  358): doQuery: rcode=0, ancount=8, return value=265
I/resolv  (  358): res_nmkquery: (QUERY, IN, A)
I/resolv  (  358): resolv_cache_lookup: FOUND IN CACHE entry=0x73e683ece170
I/resolv  (  358): doQuery: rcode=0, ancount=8, return value=169
D/CompatibilityChangeReporter(11614): Compat change id reported: 171979766; UID 10170; state: ENABLED
D/CompatibilityChangeReporter(11614): Compat change id reported: 242716250; UID 10170; state: ENABLED
D/CompatibilityChangeReporter(  542): Compat change id reported: 170503758; UID 10124; state: ENABLED
D/CompatibilityChangeReporter(  542): Compat change id reported: 170503758; UID 10170; state: ENABLED
D/nativeloader(11623): Configuring clns-6 for other apk /system/framework/org.apache.http.legacy.jar. target_sdk_version=33, uses_libraries=ALL, library_path=/product/priv-app/PartnerSetupPrebuilt/lib/x86_64, permitted_path=/data:/mnt/expand:/data/user/0/com.google.android.partnersetup
D/nativeloader(11614): Configuring clns-shared-6 for other apk /system/framework/org.apache.http.legacy.jar. target_sdk_version=34, uses_libraries=ALL, library_path=/apex/com.android.devicelock/priv-app/DeviceLockControllerGoogle@UE1A.230829.050/lib/x86_64:/system/lib64:/system_ext/lib64, permitted_path=/data:/mnt/expand:/data/user/0/com.google.android.devicelockcontroller:/apex/com.android.devicelock/priv-app/DeviceLockControllerGoogle@UE1A.230829.050:/system/lib64:/system_ext/lib64
I/GmsDebugLogger( 5144): [73] 1801
D/nativeloader(11623): InitLlndkLibrariesProduct: libEGL.so:libGLESv1_CM.so:libGLESv2.so:libGLESv3.so:libRS.so:libandroid_net.so:libbinder_ndk.so:libc.so:libcgrouprc.so:libclang_rt.asan-x86_64-android.so:libcom.android.tethering.connectivity_native.so:libdl.so:libft2.so:liblog.so:libm.so:libmediandk.so:libnativewindow.so:libneuralnetworks.so:libselinux.so:libsync.so:libvndksupport.so:libvulkan.so
D/nativeloader(11623): Configuring product-clns-7 for unbundled product apk /product/priv-app/PartnerSetupPrebuilt/PartnerSetupPrebuilt.apk. target_sdk_version=33, uses_libraries=, library_path=/product/priv-app/PartnerSetupPrebuilt/lib/x86_64:/product/lib64:/system/product/lib64, permitted_path=/data:/mnt/expand:/data/user/0/com.google.android.partnersetup:/product/lib64:/system/product/lib64
W/ZappDownloader( 5144): No successful module downloads for requested features [vision.ocr].
I/GmsDebugLogger( 5144): [30] [VisionOcrDynamite.integ:231602402100000],[TfliteDynamiteDynamite.integ:262730502100800],[MlkitOcrCommon.optional:231818100800]
D/nativeloader(11623): InitVndkspLibrariesProduct: android.hardware.common-V2-ndk.so:android.hardware.common.fmq-V1-ndk.so:android.hardware.graphics.allocator-V2-ndk.so:android.hardware.graphics.common-V4-ndk.so:android.hardware.graphics.common@1.0.so:android.hardware.graphics.common@1.1.so:android.hardware.graphics.common@1.2.so:android.hardware.graphics.composer3-V1-ndk.so:android.hardware.graphics.mapper@2.0.so:android.hardware.graphics.mapper@2.1.so:android.hardware.graphics.mapper@3.0.so:android.hardware.graphics.mapper@4.0.so:android.hardware.renderscript@1.0.so:android.hidl.memory.token@1.0.so:android.hidl.memory@1.0-impl.so:android.hidl.memory@1.0.so:android.hidl.safe_union@1.0.so:libRSCpuRef.so:libRSDriver.so:libRS_internal.so:libbase.so:libbcinfo.so:libblas.so:libc++.so:libcompiler_rt.so:libcutils.so:libdmabufheap.so:libgralloctypes.so:libhardware.so:libhidlbase.so:libhidlmemory.so:libion.so:libjsoncpp.so:liblzma.so:libprocessgroup.so:libunwindstack.so:libutils.so:libutilscallstack.so:libz.so
D/BoundBrokerSvc( 5144): onBind: Intent { act=com.google.android.gms.threadnetwork.service.firstparty.BorderRouterSyncBoundService.ACTION_TASK_READY dat=chimera-action:/... cmp=com.google.android.gms/.chimera.GmsInternalBoundBrokerService }
D/BoundBrokerSvc( 5144): Loading bound service for intent: Intent { act=com.google.android.gms.threadnetwork.service.firstparty.BorderRouterSyncBoundService.ACTION_TASK_READY dat=chimera-action:/... cmp=com.google.android.gms/.chimera.GmsInternalBoundBrokerService }
I/NetworkScheduler.Stats( 5045): Task com.google.android.gms/com.google.android.gms.threadnetwork.service.firstparty.BorderRouterSyncBoundService started execution. cause:5 exec_start_elapsed_seconds: 3668 [CONTEXT service_id=218 ]
W/ChimeraConfigService( 5144): Retry attempt was throttled. [CONTEXT service_id=264 ]
I/GmsDebugLogger( 5144): [83] 1 [vision.ocr]
I/DropBoxManagerService(  542): add tag=event_data isTagEnabled=true flags=0x2
I/ThreadBrSyncService( 5144): Border Router sync service run task [CONTEXT service_id=305 ]
D/nativeloader(11614): Configuring clns-shared-7 for other apk /apex/com.android.devicelock/priv-app/DeviceLockControllerGoogle@UE1A.230829.050/DeviceLockControllerGoogle.apk. target_sdk_version=34, uses_libraries=, library_path=/apex/com.android.devicelock/priv-app/DeviceLockControllerGoogle@UE1A.230829.050/lib/x86_64:/system/lib64:/system_ext/lib64, permitted_path=/data:/mnt/expand:/data/user/0/com.google.android.devicelockcontroller:/apex/com.android.devicelock/priv-app/DeviceLockControllerGoogle@UE1A.230829.050:/system/lib64:/system_ext/lib64
D/nativeloader(11614): InitApexLibraries:
D/nativeloader(11614):   com_android_adservices: libhpke_jni.so:libtflite_support_classifiers_native.so
D/nativeloader(11614):   com_android_appsearch: libicing.so
D/nativeloader(11614):   com_android_art: libartservice.so
D/nativeloader(11614):   com_android_btservices: libbluetooth_jni.so
D/nativeloader(11614):   com_android_conscrypt: libjavacrypto.so
D/nativeloader(11614):   com_android_extservices: libtflite_support_classifiers_native.so
D/nativeloader(11614):   com_android_os_statsd: libstats_jni.so
D/nativeloader(11614):   com_android_tethering: libandroid_net_connectivity_com_android_net_module_util_jni.so:libcronet.114.0.5735.84.so:libframework-connectivity-jni.so:libframework-connectivity-tiramisu-jni.so:libservice-connectivity.so
D/nativeloader(11614):   com_android_uwb: libuwb_uci_jni_rust.so
D/nativeloader(11614):   com_android_virt: libvirtualizationservice_jni.so:libvirtualmachine_jni.so
W/Vision  ( 5144): Request for optional module download of ocr failed. Request again.
W/Vision  ( 5144): Would have logged:
W/Vision  ( 5144): # dsae@37884fe7
I/Vision  ( 5144): Schedule retrying download ocr at 3668014 with backoff 2560 seconds
D/ActivityManager(  542): sync unfroze 1726 com.google.process.gservices for 7
W/ProcessStats(  542): Tracking association SourceState{dd05a01 com.google.android.gms/10128 BFgs #15150} whose proc state 4 is better than process ProcessState{cb0e843 com.google.process.gservices/10128 pkg=com.google.android.gsf} proc state 14 (6 skipped)
V/GraphicsEnvironment(11623): Currently set values for:
V/GraphicsEnvironment(11623):   angle_gl_driver_selection_pkgs=[]
V/GraphicsEnvironment(11623):   angle_gl_driver_selection_values=[]
V/GraphicsEnvironment(11623): ANGLE GameManagerService for com.google.android.partnersetup: false
V/GraphicsEnvironment(11623): com.google.android.partnersetup is not listed in per-application setting
V/GraphicsEnvironment(11623): Neither updatable production driver nor prerelease driver is supported.
I/NetworkScheduler.Stats( 5045): Task com.google.android.gms/com.google.android.gms.checkin.EventLogService finished executing. cause:4 result: 1 elapsed_millis: 109 uptime_millis: 109 exec_start_elapsed_seconds: 3667 [CONTEXT service_id=218 ]
D/BoundBrokerSvc( 5045): onBind: Intent { act=com.google.android.gms.mdns.service.START dat=chimera-action:/... cmp=com.google.android.gms/.chimera.PersistentApiService }
D/BoundBrokerSvc( 5045): Loading bound service for intent: Intent { act=com.google.android.gms.mdns.service.START dat=chimera-action:/... cmp=com.google.android.gms/.chimera.PersistentApiService }
V/GraphicsEnvironment(11614): Currently set values for:
V/GraphicsEnvironment(11614):   angle_gl_driver_selection_pkgs=[]
V/GraphicsEnvironment(11614):   angle_gl_driver_selection_values=[]
V/GraphicsEnvironment(11614): ANGLE GameManagerService for com.google.android.devicelockcontroller: false
V/GraphicsEnvironment(11614): com.google.android.devicelockcontroller is not listed in per-application setting
V/GraphicsEnvironment(11614): Neither updatable production driver nor prerelease driver is supported.
I/DeviceLockControllerApplication(11614): onCreate
I/ThreadBrSynchronizer( 5144): Start syncing 1P Border Routers [CONTEXT service_id=305 ]
I/DeviceStateControllerImpl(11614): Starting state is 0
I/UserRestrictionsPolicyHandler(11614): Build type DEBUG = true
I/ActivityManager(  542): Flag disabled. Ignoring finishAttachApplication from uid: 10124. pid: 11623
D/DevicePolicyControllerImpl(11614): onStateChanged (0)
V/UserRestrictionsPolicyHandler(11614): Setting restrictions for 0
D/CompatibilityChangeReporter(11614): Compat change id reported: 183155436; UID 10170; state: ENABLED
I/BorderAgentScannerImpl( 5144): Started mDNS service browser [CONTEXT service_id=305 ]
I/ActivityManager(  542): Flag disabled. Ignoring finishAttachApplication from uid: 10170. pid: 11614
D/CompatibilityChangeReporter(  542): Compat change id reported: 261072174; UID 10170; state: ENABLED
I/DlcClient(11614): Binding com.google.android.devicelockcontroller/com.android.devicelockcontroller.storage.SetupParametersService
D/TrafficStats( 5045): tagSocket(275) with statsTag=0x30000900, statsUid=-1
I/NetworkScheduler.Stats( 5045): Task com.google.android.gms/com.google.android.gms.common.stats.net.NetworkReportService started execution. cause:5 exec_start_elapsed_seconds: 3668 [CONTEXT service_id=218 ]
D/ConnectivityService(  542): NetReassign [no changes] [c 0] [a 1] [i 0]
I/WifiService(  542): acquireMulticastLock uid=10128
D/IpClient.wlan0( 1059): set max DTIM multiplier to 1
E/WifiStaIfaceAidlImpl(  542): installApfPacketFilter failed with service-specific exception: android.os.ServiceSpecificException:  (code 4)
I/NetworkScheduler.Stats( 5045): Task com.google.android.gms/com.google.android.gms.common.stats.net.NetworkReportService finished executing. cause:5 result: 2 elapsed_millis: 8 uptime_millis: 8 exec_start_elapsed_seconds: 3668 [CONTEXT service_id=218 ]
E/WifiStaIfaceAidlImpl(  542): setDtimMultiplier failed with service-specific exception: android.os.ServiceSpecificException:  (code 4)
D/WM-PackageManagerHelper(11614): androidx.work.impl.background.systemjob.SystemJobService enabled
D/WM-Schedulers(11614): Created SystemJobScheduler and enabled SystemJobService
I/BorderAgentScannerImpl( 5144): Sent Border Agent mDNS service query (transactionId = 1) [CONTEXT service_id=305 ]
D/SetupParametersService(11614): onCreate
D/PackagePolicyHandler(11614): Kiosk package is not set for state: 0
I/DevicePolicyEngine(  542): Couldn't find any receivers that handle ACTION_DEVICE_POLICY_SET_RESULT in package com.google.android.devicelockcontroller
D/DevicePolicyEngine(  542): Writing device policies to file.
D/DevicePolicyEngine(  542): Writing to /data/system/device_policy_state.xml
E/AggregateFuture(11614): Got more than one input Future failure. Logging failures after the first
E/AggregateFuture(11614): java.lang.IllegalStateException: Setup parameters does not exist!
E/AggregateFuture(11614): 	at com.android.devicelockcontroller.policy.UserRestrictionsPolicyHandler.lambda$retrieveLockModeRestrictions$3(UserRestrictionsPolicyHandler.java:138)
E/AggregateFuture(11614): 	at com.android.devicelockcontroller.policy.UserRestrictionsPolicyHandler.$r8$lambda$K4dazaAj4roA8BauvRaHZASMq6E(UserRestrictionsPolicyHandler.java:0)
E/AggregateFuture(11614): 	at com.android.devicelockcontroller.policy.UserRestrictionsPolicyHandler$$ExternalSyntheticLambda4.call(R8$$SyntheticClass:0)
E/AggregateFuture(11614): 	at com.google.common.util.concurrent.CombinedFuture$CallableInterruptibleTask.runInterruptibly(CombinedFuture.java:196)
E/AggregateFuture(11614): 	at com.google.common.util.concurrent.InterruptibleTask.run(InterruptibleTask.java:74)
E/AggregateFuture(11614): 	at android.os.Handler.handleCallback(Handler.java:958)
E/AggregateFuture(11614): 	at android.os.Handler.dispatchMessage(Handler.java:99)
E/AggregateFuture(11614): 	at android.os.Looper.loopOnce(Looper.java:205)
E/AggregateFuture(11614): 	at android.os.Looper.loop(Looper.java:294)
E/AggregateFuture(11614): 	at android.app.ActivityThread.main(ActivityThread.java:8177)
E/AggregateFuture(11614): 	at java.lang.reflect.Method.invoke(Native Method)
E/AggregateFuture(11614): 	at com.android.internal.os.RuntimeInit$MethodAndArgsCaller.run(RuntimeInit.java:552)
E/AggregateFuture(11614): 	at com.android.internal.os.ZygoteInit.main(ZygoteInit.java:971)
I/DeviceLockControllerApplication(11614): Policies enforced
D/CompatibilityChangeReporter(11614): Compat change id reported: 160794467; UID 10170; state: ENABLED
D/BoundBrokerSvc( 5045): onBind: Intent { act=com.google.android.contextmanager.service.ContextManagerLogsUploadBoundService.ACTION_TASK_READY dat=chimera-action:/... cmp=com.google.android.gms/.chimera.PersistentInternalBoundBrokerService }
D/BoundBrokerSvc( 5045): Loading bound service for intent: Intent { act=com.google.android.contextmanager.service.ContextManagerLogsUploadBoundService.ACTION_TASK_READY dat=chimera-action:/... cmp=com.google.android.gms/.chimera.PersistentInternalBoundBrokerService }
I/NetworkScheduler.Stats( 5045): Task com.google.android.gms/com.google.android.contextmanager.service.ContextManagerLogsUploadBoundService started execution. cause:5 exec_start_elapsed_seconds: 3668 [CONTEXT service_id=218 ]
D/BoundBrokerSvc( 5045): onUnbind: Intent { act=com.google.android.contextmanager.service.ContextManagerLogsUploadBoundService.ACTION_TASK_READY dat=chimera-action:/... cmp=com.google.android.gms/.chimera.PersistentInternalBoundBrokerService }
I/NetworkScheduler.Stats( 5045): Task com.google.android.gms/com.google.android.contextmanager.service.ContextManagerLogsUploadBoundService finished executing. cause:5 result: 1 elapsed_millis: 5 uptime_millis: 5 exec_start_elapsed_seconds: 3668 [CONTEXT service_id=218 ]
D/CompatibilityChangeReporter(11614): Compat change id reported: 263076149; UID 10170; state: ENABLED
E/TaskWorkerFactory(11614): Cannot create worker: com.android.devicelockcontroller.provision.worker.DeviceCheckInWorker
E/TaskWorkerFactory(11614): java.lang.NoSuchMethodException: com.android.devicelockcontroller.provision.worker.DeviceCheckInWorker.<init> [class android.content.Context, class androidx.work.WorkerParameters, interface com.google.common.util.concurrent.ListeningExecutorService]
E/TaskWorkerFactory(11614): 	at java.lang.Class.getConstructor0(Class.java:3325)
E/TaskWorkerFactory(11614): 	at java.lang.Class.getDeclaredConstructor(Class.java:3063)
E/TaskWorkerFactory(11614): 	at com.android.devicelockcontroller.policy.TaskWorkerFactory.createWorker(TaskWorkerFactory.java:53)
E/TaskWorkerFactory(11614): 	at androidx.work.DelegatingWorkerFactory.createWorker(DelegatingWorkerFactory.java:71)
E/TaskWorkerFactory(11614): 	at androidx.work.WorkerFactory.createWorkerWithDefaultFallback(WorkerFactory.java:82)
E/TaskWorkerFactory(11614): 	at androidx.work.impl.WorkerWrapper.runWorker(WorkerWrapper.java:240)
E/TaskWorkerFactory(11614): 	at androidx.work.impl.WorkerWrapper.run(WorkerWrapper.java:142)
E/TaskWorkerFactory(11614): 	at androidx.work.impl.utils.SerialExecutorImpl$Task.run(SerialExecutorImpl.java:96)
E/TaskWorkerFactory(11614): 	at java.util.concurrent.ThreadPoolExecutor.runWorker(ThreadPoolExecutor.java:1145)
E/TaskWorkerFactory(11614): 	at java.util.concurrent.ThreadPoolExecutor$Worker.run(ThreadPoolExecutor.java:644)
E/TaskWorkerFactory(11614): 	at java.lang.Thread.run(Thread.java:1012)
I/CheckInWorker(11614): perform check-in request
D/GlobalParametersService(11614): onCreate
I/DlcClient(11614): Binding com.google.android.devicelockcontroller/com.android.devicelockcontroller.storage.GlobalParametersService
D/CompatibilityChangeReporter(11623): Compat change id reported: 194532703; UID 10124; state: ENABLED
D/CompatibilityChangeReporter(11623): Compat change id reported: 253665015; UID 10124; state: DISABLED
D/CompatibilityChangeReporter(  542): Compat change id reported: 253665015; UID 10124; state: DISABLED
D/CompatibilityChangeReporter(  542): Compat change id reported: 194532703; UID 10124; state: ENABLED
D/TelephonyManager(11614): getMeid: return null because MEID is not available
D/DeviceCheckInClient(11614): Creating instance for com.android.devicelockcontroller.debug.DeviceCheckInClientDebug
W/JobScheduler(  542): Job didn't exist in JobStore: cceeb47 #u0a124/4096 com.google.android.partnersetup/.InstalledAppJobService
D/DeviceCheckInClientDebug(11614): getRegisteredDeviceIdentifier: 
D/DeviceCheckInClientDebug(11614): getDeviceCheckInStatus: 0
D/DeviceCheckInHelper(11614): check in succeed: 0
D/DeviceCheckInClientDebug(11614): getDeviceCheckInStatus: 0
I/WM-WorkerWrapper(11614): Worker result RETRY for Work [ id=554bcd86-5c43-4853-8769-7baeabb52042, tags={ com.android.devicelockcontroller.provision.worker.DeviceCheckInWorker } ]
D/CompatibilityChangeReporter(11614): Compat change id reported: 194532703; UID 10170; state: ENABLED
D/CompatibilityChangeReporter(11614): Compat change id reported: 253665015; UID 10170; state: ENABLED
D/CompatibilityChangeReporter(  542): Compat change id reported: 253665015; UID 10170; state: ENABLED
D/CompatibilityChangeReporter(  542): Compat change id reported: 194532703; UID 10170; state: ENABLED
W/AppOps  (  542): Noting op not finished: uid 10128 pkg com.google.android.gms code 113 startTime of in progress event=1789511570228
I/BorderAgentScannerImpl( 5144): Sent Border Agent mDNS service query (transactionId = 2) [CONTEXT service_id=305 ]
W/healthd (    0): battery l=100 v=5000 t=25.0 h=2 st=2 c=900000 fc=3000000 cc=10 chg=a
D/android.hardware.audio@7.1-impl.ranchu(  364): threadLoop: entering standby, frames: 3577344
I/BorderAgentScannerImpl( 5144): Sent Border Agent mDNS service query (transactionId = 3) [CONTEXT service_id=305 ]
I/WorkerManager( 1959): dispose()
W/A       ( 1959): Queue length for executor EventBus is now 11. Perhaps some tasks are too long, or the pool is too small.
I/BorderAgentScannerImpl( 5144): Stopping mDNS service browser [CONTEXT service_id=305 ]
I/WifiService(  542): releaseMulticastLock uid=10128
D/BoundBrokerSvc( 5144): onUnbind: Intent { act=com.google.android.gms.threadnetwork.service.firstparty.BorderRouterSyncBoundService.ACTION_TASK_READY dat=chimera-action:/... cmp=com.google.android.gms/.chimera.GmsInternalBoundBrokerService }
I/NetworkScheduler.Stats( 5045): Task com.google.android.gms/com.google.android.gms.threadnetwork.service.firstparty.BorderRouterSyncBoundService finished executing. cause:5 result: 1 elapsed_millis: 3022 uptime_millis: 3022 exec_start_elapsed_seconds: 3668 [CONTEXT service_id=218 ]
D/IpClient.wlan0( 1059): set max DTIM multiplier to 2
E/WifiStaIfaceAidlImpl(  542): installApfPacketFilter failed with service-specific exception: android.os.ServiceSpecificException:  (code 4)
E/WifiStaIfaceAidlImpl(  542): setDtimMultiplier failed with service-specific exception: android.os.ServiceSpecificException:  (code 4)
I/wpa_supplicant(  872): wlan0: CTRL-EVENT-BEACON-LOSS 
D/StatusBarIconController(  885): ignoring old pipeline callbacks, because the new mobile icons are enabled
D/ActivityManager(  542): freezing 1854 com.google.android.apps.youtube.music
D/ActivityManager(  542): freezing 11623 com.google.android.partnersetup
E/A       ( 1959): disposing SearchServiceClient after timeout []
I/logd    (    0): logdr: UID=2000 GID=2000 PID=11695 n tail=0 logMask=99 pid=0 start=0ns deadline=0ns


